emission,spot,station,echeance,kn,q10,rafale,dir
202609030500,cologny,GVE,202609022200,2.3,2.3,5.1,86
202609030500,cologny,GVE,202609022300,2.0,2.0,3.9,105
202609030500,cologny,GVE,202609030000,1.6,1.6,3.4,116
202609030500,cologny,GVE,202609030100,1.8,1.8,3.5,113
202609030500,cologny,GVE,202609030200,1.7,1.7,2.5,137
202609030500,cologny,GVE,202609030300,1.5,1.5,2.9,97
202609030500,cologny,GVE,202609030400,1.3,1.3,2.8,69
202609030500,cologny,GVE,202609030500,1.7,1.7,3.8,107
202609030500,cologny,GVE,202609030600,1.7,1.0,3.5,134
202609030500,cologny,GVE,202609030700,1.6,0.9,3.6,88
202609030500,cologny,GVE,202609030800,1.6,0.8,3.9,30
202609030500,cologny,GVE,202609030900,1.7,1.0,4.3,358
202609030500,cologny,GVE,202609031000,1.9,1.1,4.7,322
202609030500,cologny,GVE,202609031100,2.4,1.6,7.9,279
202609030500,cologny,GVE,202609031200,2.9,1.7,9.1,295
202609030500,cologny,GVE,202609031300,3.0,1.9,9.2,308
202609030500,cologny,GVE,202609031400,3.1,1.9,9.3,308
202609030500,cologny,GVE,202609031500,2.9,1.9,9.4,303
202609030500,cologny,GVE,202609031600,3.1,1.9,8.7,340
202609030500,cologny,GVE,202609031700,3.6,2.2,8.6,357
202609030500,cologny,GVE,202609031800,3.1,1.8,7.5,11
202609030500,cologny,GVE,202609031900,2.4,1.4,5.0,48
202609030500,cologny,GVE,202609032000,2.4,1.2,3.8,90
202609030500,cologny,GVE,202609032100,2.8,1.6,3.9,101
202609030500,cologny,GVE,202609032200,2.2,1.3,3.1,102
202609030500,cologny,GVE,202609032300,2.1,1.1,2.8,109
202609030500,cologny,GVE,202609040000,2.1,1.1,2.9,108
202609030500,cologny,GVE,202609040100,2.2,1.2,2.9,104
202609030500,cologny,GVE,202609040200,1.8,1.0,2.5,109
202609030500,cologny,GVE,202609040300,1.8,1.0,2.6,115
202609030500,cologny,GVE,202609040400,1.9,1.0,2.4,114
202609030500,cologny,GVE,202609040500,1.8,1.0,2.4,117
202609030500,cologny,GVE,202609040600,1.6,0.9,2.2,129
202609030500,cologny,GVE,202609040700,1.4,0.8,2.3,174
202609030500,cologny,GVE,202609040800,1.5,0.9,2.3,212
202609030500,cologny,GVE,202609040900,1.8,1.1,3.0,217
202609030500,cologny,GVE,202609041000,2.1,1.3,4.4,227
202609030500,cologny,GVE,202609041100,2.5,1.5,7.8,224
202609030500,cologny,GVE,202609041200,3.6,2.1,8.8,221
202609030500,cologny,GVE,202609041300,4.9,3.1,11.6,235
202609030500,cologny,GVE,202609041400,6.4,4.0,13.1,245
202609030500,cologny,GVE,202609041500,6.8,4.4,14.6,254
202609030500,cologny,GVE,202609041600,6.9,4.2,14.3,258
202609030500,cologny,GVE,202609041700,4.8,2.9,13.0,260
202609030500,cologny,GVE,202609041800,2.6,1.3,8.8,226
202609030500,cologny,GVE,202609041900,1.9,0.9,4.9,231
202609030500,cologny,GVE,202609042000,1.9,1.0,3.6,140
202609030500,cologny,GVE,202609042100,2.3,1.2,3.3,137
202609030500,cologny,GVE,202609042200,2.4,1.3,3.5,125
202609030500,cologny,GVE,202609042300,2.1,1.2,3.8,127
202609030500,cologny,GVE,202609050000,2.2,1.2,3.2,143
202609030500,cologny,GVE,202609050100,2.2,1.1,3.3,128
202609030500,cologny,GVE,202609050200,1.9,1.0,3.0,127
202609030500,cologny,GVE,202609050300,2.1,1.1,2.8,135
202609030500,cologny,GVE,202609050400,2.0,1.1,2.9,130
202609030500,cologny,GVE,202609050500,1.8,1.0,2.5,126
202609030500,cologny,GVE,202609050600,1.8,1.0,2.6,120
202609030500,cologny,GVE,202609050700,1.6,0.9,2.5,146
202609030500,cologny,GVE,202609050800,1.6,0.9,3.0,202
202609030500,cologny,GVE,202609050900,2.1,1.2,5.5,220
202609030500,cologny,GVE,202609051000,2.6,1.5,8.3,245
202609030500,cologny,GVE,202609051100,3.0,1.7,9.0,247
202609030500,cologny,GVE,202609051200,3.6,2.3,9.7,254
202609030500,cologny,GVE,202609051300,4.4,2.7,11.0,271
202609030500,cologny,GVE,202609051400,4.8,3.0,11.3,277
202609030500,cologny,GVE,202609051500,5.5,3.5,13.0,293
202609030500,cologny,GVE,202609051600,6.2,4.0,13.7,313
202609030500,cologny,GVE,202609051700,5.7,3.6,12.4,342
202609030500,cologny,GVE,202609051800,3.7,2.1,9.8,11
202609030500,cologny,GVE,202609051900,3.6,1.9,8.9,46
202609030500,cologny,GVE,202609052000,4.3,2.3,9.7,47
202609030500,cologny,GVE,202609052100,3.9,1.9,9.9,48
202609030500,cologny,GVE,202609052200,2.9,1.5,9.2,47
202609030500,cologny,GVE,202609052300,2.4,1.1,8.5,54
202609030500,cologny,GVE,202609060000,2.1,1.0,4.9,60
202609030500,cologny,GVE,202609060100,1.9,1.0,3.9,58
202609030500,cologny,GVE,202609060200,1.8,1.0,2.9,60
202609030500,cologny,GVE,202609060300,1.9,1.0,3.2,62
202609030500,cologny,GVE,202609060400,2.1,1.0,3.4,68
202609030500,cologny,GVE,202609060500,1.8,0.9,3.3,70
202609030500,cologny,GVE,202609060600,1.9,1.0,4.3,64
202609030500,cologny,GVE,202609060700,2.4,1.1,5.5,51
202609030500,cologny,GVE,202609060800,3.1,1.6,8.6,37
202609030500,cologny,GVE,202609060900,3.7,1.9,9.4,27
202609030500,cologny,GVE,202609061000,3.9,2.3,10.2,18
202609030500,cologny,GVE,202609061100,4.3,2.4,9.9,18
202609030500,cologny,GVE,202609061200,4.3,2.3,10.4,13
202609030500,cologny,GVE,202609061300,3.9,2.3,10.0,12
202609030500,cologny,GVE,202609061400,4.0,2.3,9.8,6
202609030500,cologny,GVE,202609061500,3.8,2.3,9.7,0
202609030500,cologny,GVE,202609061600,4.1,2.3,9.8,15
202609030500,cologny,GVE,202609061700,3.3,1.9,9.3,16
202609030500,cologny,GVE,202609061800,2.6,1.5,8.7,10
202609030500,cologny,GVE,202609061900,2.1,1.1,7.0,53
202609030500,cologny,GVE,202609062000,2.2,1.2,7.1,74
202609030500,cologny,GVE,202609062100,2.1,1.1,5.5,97
202609030500,cologny,GVE,202609062200,2.0,1.0,3.7,101
202609030500,cologny,GVE,202609062300,1.9,1.0,4.2,106
202609030500,cologny,GVE,202609070000,1.9,0.9,4.6,112
202609030500,cologny,GVE,202609070100,1.9,0.9,4.4,111
202609030500,cologny,GVE,202609070200,2.0,1.0,4.8,124
202609030500,cologny,GVE,202609070300,1.7,0.9,3.5,120
202609030500,cologny,GVE,202609070400,1.7,0.9,2.9,113
202609030500,cologny,GVE,202609070500,2.0,1.1,3.0,118
202609030500,cologny,GVE,202609070600,2.1,1.1,3.5,125
202609030500,cologny,GVE,202609070700,1.8,0.9,3.4,170
202609030500,cologny,GVE,202609070800,2.3,1.2,7.7,195
202609030500,cologny,GVE,202609070900,2.8,1.3,8.4,210
202609030500,cologny,GVE,202609071000,3.0,1.7,9.0,224
202609030500,cologny,GVE,202609071100,3.8,2.2,9.9,230
202609030500,cologny,GVE,202609071200,4.3,2.3,11.4,240
202609030500,cologny,GVE,202609071300,4.8,2.8,12.1,243
202609030500,cologny,GVE,202609071400,4.8,2.6,13.1,246
202609030500,cologny,GVE,202609071500,5.0,2.9,13.7,255
202609030500,cologny,GVE,202609071600,5.0,3.0,12.5,292
202609030500,cologny,GVE,202609071700,3.8,2.3,12.3,309
202609030500,cologny,GVE,202609071800,2.8,1.5,11.0,42
202609030500,cologny,GVE,202609071900,2.3,1.0,8.2,243
202609030500,cologny,GVE,202609072000,2.0,0.9,7.4,59
202609030500,cologny,GVE,202609072100,1.8,0.8,6.9,175
202609030500,cologny,GVE,202609072200,1.6,0.8,6.4,179
202609030500,cologny,GVE,202609072300,1.6,0.7,5.7,135
202609030500,cologny,GVE,202609080000,1.3,0.6,4.8,164
202609030500,cologny,GVE,202609080100,1.6,0.7,5.2,183
202609030500,cologny,GVE,202609080200,1.7,0.8,5.3,168
202609030500,cologny,GVE,202609080300,1.6,0.6,5.5,193
202609030500,cologny,GVE,202609080400,1.7,0.8,6.5,194
202609030500,cologny,GVE,202609080500,1.8,0.8,6.5,185
202609030500,cologny,GVE,202609080600,1.8,0.9,5.7,183
202609030500,cologny,GVE,202609080700,2.2,1.0,7.3,200
202609030500,cologny,GVE,202609080800,2.3,1.1,7.8,224
202609030500,cologny,GVE,202609080900,2.8,1.4,8.2,231
202609030500,cologny,GVE,202609081000,3.3,1.6,9.6,230
202609030500,cologny,GVE,202609081100,4.0,1.8,11.7,238
202609030500,cologny,GVE,202609081200,4.6,2.4,12.3,242
202609030500,cologny,GVE,202609081300,4.6,2.2,12.6,240
202609030500,cologny,GVE,202609081400,4.4,2.2,13.7,242
202609030500,cologny,GVE,202609081500,4.3,2.0,12.4,250
202609030500,cologny,GVE,202609081600,3.9,1.7,12.6,240
202609030500,cologny,GVE,202609081700,3.6,1.7,11.4,241
202609030500,cologny,GVE,202609081800,3.4,1.5,12.0,235
202609030500,cologny,GVE,202609081900,2.6,1.2,11.4,245
202609030500,cologny,GVE,202609082000,2.7,1.2,10.7,241
202609030500,cologny,GVE,202609082100,2.4,1.0,8.9,234
202609030500,cologny,GVE,202609082200,2.2,0.9,8.6,221
202609030500,cologny,GVE,202609082300,2.2,0.9,7.6,209
202609030500,cologny,GVE,202609090000,2.3,0.9,8.1,220
202609030500,cologny,GVE,202609090100,2.0,0.8,8.2,214
202609030500,cologny,GVE,202609090200,2.1,0.9,8.2,215
202609030500,cologny,GVE,202609090300,2.2,0.9,8.5,211
202609030500,cologny,GVE,202609090400,2.2,0.9,7.8,214
202609030500,cologny,GVE,202609090500,2.5,1.1,8.1,210
202609030500,cologny,GVE,202609090600,2.3,1.0,8.0,216
202609030500,cologny,GVE,202609090700,2.5,1.1,7.8,214
202609030500,cologny,GVE,202609090800,2.5,1.2,8.4,217
202609030500,cologny,GVE,202609090900,3.0,1.4,8.7,213
202609030500,cologny,GVE,202609091000,3.5,1.5,9.5,219
202609030500,cologny,GVE,202609091100,3.9,1.8,11.7,243
202609030500,cologny,GVE,202609091200,4.4,2.2,11.9,224
202609030500,cologny,GVE,202609091300,4.3,2.0,12.3,243
202609030500,cologny,GVE,202609091400,4.2,2.1,12.6,240
202609030500,cologny,GVE,202609091500,4.4,2.2,12.7,246
202609030500,cologny,GVE,202609091600,4.4,2.0,13.1,245
202609030500,cologny,GVE,202609091700,3.5,1.7,11.5,238
202609030500,cologny,GVE,202609091800,3.5,1.7,11.7,242
202609030500,cologny,GVE,202609091900,3.2,1.3,10.6,247
202609030500,cologny,GVE,202609092000,2.9,1.3,9.6,237
202609030500,cologny,GVE,202609092100,2.2,1.0,8.6,239
202609030500,cologny,GVE,202609092200,2.3,1.0,8.6,195
202609030500,cologny,GVE,202609092300,2.0,0.9,7.3,181
202609030500,cologny,GVE,202609100000,1.9,0.8,7.3,135
202609030500,cologny,GVE,202609100100,1.7,0.8,7.6,144
202609030500,cologny,GVE,202609100200,1.8,0.8,7.9,165
202609030500,cologny,GVE,202609100300,1.9,0.7,7.5,166
202609030500,cologny,GVE,202609100400,1.9,0.9,7.9,163
202609030500,cologny,GVE,202609100500,2.0,0.9,7.3,154
202609030500,cologny,GVE,202609100600,1.8,0.9,7.5,176
202609030500,cologny,GVE,202609100700,2.2,1.0,8.2,161
202609030500,cologny,GVE,202609100800,2.4,1.0,8.0,164
202609030500,cologny,GVE,202609100900,2.6,1.1,8.3,187
202609030500,cologny,GVE,202609101000,2.9,1.3,8.8,192
202609030500,cologny,GVE,202609101100,3.7,1.7,9.3,206
202609030500,cologny,GVE,202609101200,3.6,1.7,10.3,220
202609030500,cologny,GVE,202609101300,3.8,1.8,10.2,258
202609030500,cologny,GVE,202609101400,3.4,1.7,12.0,269
202609030500,cologny,GVE,202609101500,3.7,1.8,11.1,328
202609030500,cologny,GVE,202609101600,3.5,1.5,11.3,269
202609030500,cologny,GVE,202609101700,3.1,1.4,10.5,256
202609030500,cologny,GVE,202609101800,3.1,1.4,10.0,311
202609030500,cologny,GVE,202609101900,2.7,1.2,9.7,210
202609030500,cologny,GVE,202609102000,2.3,1.0,8.5,235
202609030500,cologny,GVE,202609102100,1.8,0.8,8.1,178
202609030500,cologny,GVE,202609102200,2.1,0.9,7.9,165
202609030500,cologny,GVE,202609102300,1.9,0.8,7.6,184
202609030500,cologny,GVE,202609110000,1.8,0.8,7.6,161
202609030500,cologny,GVE,202609110100,1.8,0.8,7.6,155
202609030500,cologny,GVE,202609110200,1.9,0.8,7.1,162
202609030500,cologny,GVE,202609110300,1.8,0.8,7.1,152
202609030500,cologny,GVE,202609110400,1.8,0.9,6.5,164
202609030500,cologny,GVE,202609110500,1.6,0.8,7.0,175
202609030500,cologny,GVE,202609110600,1.7,0.7,7.1,166
202609030500,cologny,GVE,202609110700,1.9,0.8,6.9,184
202609030500,cologny,GVE,202609110800,2.1,1.0,8.0,184
202609030500,cologny,GVE,202609110900,2.6,1.1,8.3,204
202609030500,cologny,GVE,202609111000,2.9,1.3,8.9,192
202609030500,cologny,GVE,202609111100,3.1,1.6,10.2,215
202609030500,cologny,GVE,202609111200,3.8,1.7,9.8,225
202609030500,cologny,GVE,202609111300,3.9,1.8,9.8,233
202609030500,cologny,GVE,202609111400,3.6,1.7,11.2,240
202609030500,cologny,GVE,202609111500,3.7,1.8,11.1,230
202609030500,cologny,GVE,202609111600,3.7,1.6,10.8,254
202609030500,cologny,GVE,202609111700,3.1,1.5,10.5,215
202609030500,cologny,GVE,202609111800,3.0,1.4,9.7,284
202609030500,cologny,GVE,202609111900,2.8,1.3,9.6,263
202609030500,cologny,GVE,202609112000,2.3,1.1,8.5,208
202609030500,cologny,GVE,202609112100,2.3,1.0,8.7,110
202609030500,cologny,GVE,202609112200,2.1,0.9,7.6,174
202609030500,cologny,GVE,202609112300,1.8,0.7,7.9,175
202609030500,cologny,GVE,202609120000,1.7,0.7,7.8,163
202609030500,reposoir,GVE,202609022200,1.8,1.8,4.4,18
202609030500,reposoir,GVE,202609022300,1.9,1.9,4.8,315
202609030500,reposoir,GVE,202609030000,1.2,1.2,4.0,313
202609030500,reposoir,GVE,202609030100,1.2,1.2,2.9,321
202609030500,reposoir,GVE,202609030200,1.7,1.7,2.9,295
202609030500,reposoir,GVE,202609030300,2.3,2.3,4.6,278
202609030500,reposoir,GVE,202609030400,1.7,1.7,4.7,331
202609030500,reposoir,GVE,202609030500,1.8,1.8,4.0,331
202609030500,reposoir,GVE,202609030600,1.6,0.9,3.5,315
202609030500,reposoir,GVE,202609030700,1.6,1.0,3.6,348
202609030500,reposoir,GVE,202609030800,1.8,1.1,3.9,21
202609030500,reposoir,GVE,202609030900,2.3,1.6,4.9,66
202609030500,reposoir,GVE,202609031000,2.7,1.9,5.9,100
202609030500,reposoir,GVE,202609031100,2.4,1.5,5.8,124
202609030500,reposoir,GVE,202609031200,2.5,1.5,6.6,117
202609030500,reposoir,GVE,202609031300,3.1,1.9,7.5,102
202609030500,reposoir,GVE,202609031400,3.0,1.8,8.1,117
202609030500,reposoir,GVE,202609031500,3.1,2.1,8.2,96
202609030500,reposoir,GVE,202609031600,3.3,2.0,8.1,43
202609030500,reposoir,GVE,202609031700,3.7,2.2,8.4,3
202609030500,reposoir,GVE,202609031800,3.2,2.0,8.2,354
202609030500,reposoir,GVE,202609031900,2.2,1.2,5.7,332
202609030500,reposoir,GVE,202609032000,1.7,0.9,3.7,314
202609030500,reposoir,GVE,202609032100,1.7,1.0,2.6,306
202609030500,reposoir,GVE,202609032200,1.6,1.0,2.6,308
202609030500,reposoir,GVE,202609032300,1.6,0.9,2.5,290
202609030500,reposoir,GVE,202609040000,1.7,0.9,2.5,266
202609030500,reposoir,GVE,202609040100,1.6,0.9,2.3,260
202609030500,reposoir,GVE,202609040200,1.6,0.9,2.3,265
202609030500,reposoir,GVE,202609040300,1.6,0.9,2.1,272
202609030500,reposoir,GVE,202609040400,1.6,0.8,2.2,260
202609030500,reposoir,GVE,202609040500,1.7,0.9,2.4,275
202609030500,reposoir,GVE,202609040600,1.6,0.9,2.3,245
202609030500,reposoir,GVE,202609040700,1.3,0.8,2.3,220
202609030500,reposoir,GVE,202609040800,1.6,0.9,2.3,167
202609030500,reposoir,GVE,202609040900,1.7,1.0,2.4,145
202609030500,reposoir,GVE,202609041000,1.9,1.1,4.0,143
202609030500,reposoir,GVE,202609041100,2.8,1.6,5.5,163
202609030500,reposoir,GVE,202609041200,3.0,1.7,7.8,170
202609030500,reposoir,GVE,202609041300,4.1,2.4,9.1,204
202609030500,reposoir,GVE,202609041400,5.6,3.3,11.9,231
202609030500,reposoir,GVE,202609041500,6.7,4.3,14.1,237
202609030500,reposoir,GVE,202609041600,5.9,3.7,13.6,245
202609030500,reposoir,GVE,202609041700,4.1,2.5,10.2,270
202609030500,reposoir,GVE,202609041800,2.3,1.4,7.3,289
202609030500,reposoir,GVE,202609041900,2.0,1.2,4.9,266
202609030500,reposoir,GVE,202609042000,1.7,1.0,4.2,279
202609030500,reposoir,GVE,202609042100,1.7,0.9,3.7,277
202609030500,reposoir,GVE,202609042200,1.6,0.9,3.2,264
202609030500,reposoir,GVE,202609042300,1.7,0.9,3.5,263
202609030500,reposoir,GVE,202609050000,1.9,1.0,3.5,246
202609030500,reposoir,GVE,202609050100,1.8,0.9,3.4,248
202609030500,reposoir,GVE,202609050200,1.9,0.9,3.2,242
202609030500,reposoir,GVE,202609050300,1.8,0.9,3.5,257
202609030500,reposoir,GVE,202609050400,1.7,0.9,3.0,257
202609030500,reposoir,GVE,202609050500,1.5,0.8,2.8,239
202609030500,reposoir,GVE,202609050600,1.4,0.7,2.4,242
202609030500,reposoir,GVE,202609050700,1.6,0.8,2.8,214
202609030500,reposoir,GVE,202609050800,1.6,0.8,3.3,151
202609030500,reposoir,GVE,202609050900,1.9,1.2,4.0,141
202609030500,reposoir,GVE,202609051000,2.2,1.2,4.6,137
202609030500,reposoir,GVE,202609051100,3.0,1.7,7.9,139
202609030500,reposoir,GVE,202609051200,3.8,2.4,8.9,134
202609030500,reposoir,GVE,202609051300,4.3,2.6,10.0,213
202609030500,reposoir,GVE,202609051400,5.1,3.2,11.3,287
202609030500,reposoir,GVE,202609051500,5.6,3.6,12.0,308
202609030500,reposoir,GVE,202609051600,5.9,3.8,13.2,321
202609030500,reposoir,GVE,202609051700,5.4,3.5,11.8,341
202609030500,reposoir,GVE,202609051800,3.5,2.1,9.4,356
202609030500,reposoir,GVE,202609051900,2.6,1.3,8.7,24
202609030500,reposoir,GVE,202609052000,2.8,1.5,8.7,32
202609030500,reposoir,GVE,202609052100,2.8,1.5,8.5,13
202609030500,reposoir,GVE,202609052200,2.1,1.1,8.1,4
202609030500,reposoir,GVE,202609052300,2.0,1.0,4.5,356
202609030500,reposoir,GVE,202609060000,1.8,0.9,3.4,356
202609030500,reposoir,GVE,202609060100,1.7,0.9,2.9,356
202609030500,reposoir,GVE,202609060200,1.8,0.9,2.7,359
202609030500,reposoir,GVE,202609060300,1.8,0.9,2.9,4
202609030500,reposoir,GVE,202609060400,1.8,0.9,3.3,4
202609030500,reposoir,GVE,202609060500,1.8,0.9,2.9,23
202609030500,reposoir,GVE,202609060600,2.0,1.0,3.5,20
202609030500,reposoir,GVE,202609060700,2.4,1.1,8.2,44
202609030500,reposoir,GVE,202609060800,3.5,1.8,9.4,54
202609030500,reposoir,GVE,202609060900,4.3,2.3,9.4,56
202609030500,reposoir,GVE,202609061000,4.3,2.4,9.2,54
202609030500,reposoir,GVE,202609061100,4.3,2.6,9.1,56
202609030500,reposoir,GVE,202609061200,4.3,2.5,9.2,56
202609030500,reposoir,GVE,202609061300,4.5,2.7,9.3,53
202609030500,reposoir,GVE,202609061400,4.5,2.5,9.7,49
202609030500,reposoir,GVE,202609061500,4.5,2.5,9.3,43
202609030500,reposoir,GVE,202609061600,4.3,2.6,9.4,37
202609030500,reposoir,GVE,202609061700,3.4,2.0,9.0,26
202609030500,reposoir,GVE,202609061800,2.8,1.6,8.0,0
202609030500,reposoir,GVE,202609061900,1.9,1.1,4.9,342
202609030500,reposoir,GVE,202609062000,1.8,1.0,5.7,330
202609030500,reposoir,GVE,202609062100,1.7,0.9,3.2,328
202609030500,reposoir,GVE,202609062200,1.5,0.8,3.0,296
202609030500,reposoir,GVE,202609062300,1.6,0.8,4.2,262
202609030500,reposoir,GVE,202609070000,1.9,0.8,4.2,262
202609030500,reposoir,GVE,202609070100,1.5,0.8,5.8,254
202609030500,reposoir,GVE,202609070200,1.6,0.8,3.2,254
202609030500,reposoir,GVE,202609070300,1.5,0.8,3.1,252
202609030500,reposoir,GVE,202609070400,1.4,0.7,2.2,254
202609030500,reposoir,GVE,202609070500,1.6,0.8,2.5,244
202609030500,reposoir,GVE,202609070600,1.7,0.8,3.3,235
202609030500,reposoir,GVE,202609070700,1.8,0.9,3.9,213
202609030500,reposoir,GVE,202609070800,1.9,1.0,8.4,197
202609030500,reposoir,GVE,202609070900,2.3,1.2,6.7,191
202609030500,reposoir,GVE,202609071000,2.8,1.6,8.8,205
202609030500,reposoir,GVE,202609071100,3.3,1.9,8.7,205
202609030500,reposoir,GVE,202609071200,3.8,2.2,9.9,196
202609030500,reposoir,GVE,202609071300,4.4,2.4,11.3,214
202609030500,reposoir,GVE,202609071400,4.7,2.8,11.9,230
202609030500,reposoir,GVE,202609071500,5.1,3.0,12.3,232
202609030500,reposoir,GVE,202609071600,5.2,3.1,13.2,0
202609030500,reposoir,GVE,202609071700,3.9,2.2,12.4,356
202609030500,reposoir,GVE,202609071800,2.8,1.5,10.9,332
202609030500,reposoir,GVE,202609071900,2.1,1.0,8.6,290
202609030500,reposoir,GVE,202609072000,1.9,0.9,7.8,313
202609030500,reposoir,GVE,202609072100,1.7,0.8,6.0,306
202609030500,reposoir,GVE,202609072200,1.6,0.8,5.5,280
202609030500,reposoir,GVE,202609072300,1.3,0.6,4.0,316
202609030500,reposoir,GVE,202609080000,1.4,0.6,4.5,311
202609030500,reposoir,GVE,202609080100,1.3,0.5,5.3,267
202609030500,reposoir,GVE,202609080200,1.4,0.6,4.8,228
202609030500,reposoir,GVE,202609080300,1.2,0.5,5.5,243
202609030500,reposoir,GVE,202609080400,1.3,0.5,5.5,261
202609030500,reposoir,GVE,202609080500,1.5,0.6,4.6,243
202609030500,reposoir,GVE,202609080600,1.6,0.7,4.8,254
202609030500,reposoir,GVE,202609080700,1.7,0.8,6.2,203
202609030500,reposoir,GVE,202609080800,2.2,1.0,7.5,218
202609030500,reposoir,GVE,202609080900,2.5,1.2,8.1,220
202609030500,reposoir,GVE,202609081000,3.1,1.5,9.7,229
202609030500,reposoir,GVE,202609081100,3.8,1.9,10.7,238
202609030500,reposoir,GVE,202609081200,4.8,2.2,12.4,239
202609030500,reposoir,GVE,202609081300,4.3,2.3,12.5,239
202609030500,reposoir,GVE,202609081400,3.9,2.1,13.0,244
202609030500,reposoir,GVE,202609081500,3.9,1.9,12.9,241
202609030500,reposoir,GVE,202609081600,3.3,1.8,12.6,259
202609030500,reposoir,GVE,202609081700,2.8,1.5,12.3,277
202609030500,reposoir,GVE,202609081800,2.8,1.3,11.9,277
202609030500,reposoir,GVE,202609081900,2.5,1.2,11.2,263
202609030500,reposoir,GVE,202609082000,2.5,1.1,10.2,269
202609030500,reposoir,GVE,202609082100,2.1,0.9,9.1,262
202609030500,reposoir,GVE,202609082200,1.9,0.9,8.7,267
202609030500,reposoir,GVE,202609082300,1.8,0.8,8.7,271
202609030500,reposoir,GVE,202609090000,1.7,0.7,7.6,263
202609030500,reposoir,GVE,202609090100,1.9,0.7,8.3,244
202609030500,reposoir,GVE,202609090200,1.8,0.8,7.9,268
202609030500,reposoir,GVE,202609090300,1.6,0.7,8.3,253
202609030500,reposoir,GVE,202609090400,1.8,0.8,8.4,248
202609030500,reposoir,GVE,202609090500,1.9,0.8,8.2,248
202609030500,reposoir,GVE,202609090600,1.9,0.9,9.1,243
202609030500,reposoir,GVE,202609090700,2.1,0.9,8.2,235
202609030500,reposoir,GVE,202609090800,2.7,1.2,8.8,230
202609030500,reposoir,GVE,202609090900,2.6,1.3,9.2,235
202609030500,reposoir,GVE,202609091000,3.5,1.5,11.0,228
202609030500,reposoir,GVE,202609091100,3.9,1.9,11.5,240
202609030500,reposoir,GVE,202609091200,3.9,1.9,13.3,242
202609030500,reposoir,GVE,202609091300,4.1,2.1,13.7,246
202609030500,reposoir,GVE,202609091400,4.1,2.0,13.1,248
202609030500,reposoir,GVE,202609091500,3.7,1.8,13.5,262
202609030500,reposoir,GVE,202609091600,3.7,2.0,13.0,266
202609030500,reposoir,GVE,202609091700,3.0,1.5,13.4,265
202609030500,reposoir,GVE,202609091800,2.9,1.3,12.4,281
202609030500,reposoir,GVE,202609091900,2.5,1.2,11.6,276
202609030500,reposoir,GVE,202609092000,2.2,1.0,9.6,307
202609030500,reposoir,GVE,202609092100,2.0,0.8,9.0,300
202609030500,reposoir,GVE,202609092200,1.7,0.8,7.5,292
202609030500,reposoir,GVE,202609092300,1.8,0.7,7.6,333
202609030500,reposoir,GVE,202609100000,1.8,0.8,7.6,312
202609030500,reposoir,GVE,202609100100,1.7,0.7,7.8,300
202609030500,reposoir,GVE,202609100200,1.7,0.5,7.6,311
202609030500,reposoir,GVE,202609100300,1.7,0.7,8.1,295
202609030500,reposoir,GVE,202609100400,1.7,0.7,7.7,285
202609030500,reposoir,GVE,202609100500,1.9,0.8,7.2,281
202609030500,reposoir,GVE,202609100600,2.0,0.9,7.6,306
202609030500,reposoir,GVE,202609100700,2.1,1.0,7.7,94
202609030500,reposoir,GVE,202609100800,2.2,1.1,8.3,183
202609030500,reposoir,GVE,202609100900,2.4,1.2,8.5,173
202609030500,reposoir,GVE,202609101000,2.9,1.3,9.2,146
202609030500,reposoir,GVE,202609101100,3.0,1.5,9.8,166
202609030500,reposoir,GVE,202609101200,3.9,1.8,10.9,140
202609030500,reposoir,GVE,202609101300,3.8,1.8,12.4,164
202609030500,reposoir,GVE,202609101400,3.6,1.9,11.0,300
202609030500,reposoir,GVE,202609101500,3.2,1.6,11.2,249
202609030500,reposoir,GVE,202609101600,3.3,1.7,11.1,282
202609030500,reposoir,GVE,202609101700,2.9,1.3,10.5,311
202609030500,reposoir,GVE,202609101800,2.5,1.2,10.0,292
202609030500,reposoir,GVE,202609101900,2.4,1.1,8.6,307
202609030500,reposoir,GVE,202609102000,1.8,0.8,8.3,312
202609030500,reposoir,GVE,202609102100,1.9,0.9,7.8,324
202609030500,reposoir,GVE,202609102200,1.7,0.8,7.2,330
202609030500,reposoir,GVE,202609102300,1.7,0.7,7.1,329
202609030500,reposoir,GVE,202609110000,1.7,0.8,6.9,323
202609030500,reposoir,GVE,202609110100,1.6,0.5,7.5,10
202609030500,reposoir,GVE,202609110200,1.3,0.6,5.7,336
202609030500,reposoir,GVE,202609110300,1.4,0.6,6.9,330
202609030500,reposoir,GVE,202609110400,1.6,0.7,6.7,311
202609030500,reposoir,GVE,202609110500,1.6,0.7,7.3,348
202609030500,reposoir,GVE,202609110600,1.7,0.8,6.9,279
202609030500,reposoir,GVE,202609110700,1.8,0.8,7.8,193
202609030500,reposoir,GVE,202609110800,2.0,0.9,7.9,197
202609030500,reposoir,GVE,202609110900,2.3,1.0,8.1,194
202609030500,reposoir,GVE,202609111000,2.9,1.2,9.4,174
202609030500,reposoir,GVE,202609111100,3.4,1.7,9.3,195
202609030500,reposoir,GVE,202609111200,3.8,1.7,10.8,181
202609030500,reposoir,GVE,202609111300,3.8,1.9,11.5,193
202609030500,reposoir,GVE,202609111400,3.6,1.7,11.1,203
202609030500,reposoir,GVE,202609111500,3.5,1.7,11.3,227
202609030500,reposoir,GVE,202609111600,2.9,1.4,11.5,235
202609030500,reposoir,GVE,202609111700,2.9,1.3,10.6,289
202609030500,reposoir,GVE,202609111800,2.8,1.3,10.0,314
202609030500,reposoir,GVE,202609111900,2.3,1.1,9.6,329
202609030500,reposoir,GVE,202609112000,2.0,0.9,7.9,326
202609030500,reposoir,GVE,202609112100,1.8,0.8,7.5,357
202609030500,reposoir,GVE,202609112200,2.1,0.9,7.9,319
202609030500,reposoir,GVE,202609112300,1.7,0.7,7.3,344
202609030500,reposoir,GVE,202609120000,1.6,0.6,7.1,3
202609030500,vengeron,GVE,202609022200,1.8,1.8,4.4,18
202609030500,vengeron,GVE,202609022300,1.9,1.9,4.8,315
202609030500,vengeron,GVE,202609030000,1.2,1.2,4.0,313
202609030500,vengeron,GVE,202609030100,1.2,1.2,2.9,321
202609030500,vengeron,GVE,202609030200,1.7,1.7,2.9,295
202609030500,vengeron,GVE,202609030300,2.3,2.3,4.6,278
202609030500,vengeron,GVE,202609030400,1.7,1.7,4.7,331
202609030500,vengeron,GVE,202609030500,1.8,1.8,4.0,331
202609030500,vengeron,GVE,202609030600,1.6,0.9,3.5,315
202609030500,vengeron,GVE,202609030700,1.6,1.0,3.6,348
202609030500,vengeron,GVE,202609030800,1.8,1.1,3.9,21
202609030500,vengeron,GVE,202609030900,2.3,1.6,4.9,66
202609030500,vengeron,GVE,202609031000,2.7,1.9,5.9,100
202609030500,vengeron,GVE,202609031100,2.4,1.5,5.8,124
202609030500,vengeron,GVE,202609031200,2.5,1.5,6.6,117
202609030500,vengeron,GVE,202609031300,3.1,1.9,7.5,102
202609030500,vengeron,GVE,202609031400,3.0,1.8,8.1,117
202609030500,vengeron,GVE,202609031500,3.1,2.1,8.2,96
202609030500,vengeron,GVE,202609031600,3.3,2.0,8.1,43
202609030500,vengeron,GVE,202609031700,3.7,2.2,8.4,3
202609030500,vengeron,GVE,202609031800,3.2,2.0,8.2,354
202609030500,vengeron,GVE,202609031900,2.2,1.2,5.7,332
202609030500,vengeron,GVE,202609032000,1.7,0.9,3.7,314
202609030500,vengeron,GVE,202609032100,1.7,1.0,2.6,306
202609030500,vengeron,GVE,202609032200,1.6,1.0,2.6,308
202609030500,vengeron,GVE,202609032300,1.6,0.9,2.5,290
202609030500,vengeron,GVE,202609040000,1.7,0.9,2.5,266
202609030500,vengeron,GVE,202609040100,1.6,0.9,2.3,260
202609030500,vengeron,GVE,202609040200,1.6,0.9,2.3,265
202609030500,vengeron,GVE,202609040300,1.6,0.9,2.1,272
202609030500,vengeron,GVE,202609040400,1.6,0.8,2.2,260
202609030500,vengeron,GVE,202609040500,1.7,0.9,2.4,275
202609030500,vengeron,GVE,202609040600,1.6,0.9,2.3,245
202609030500,vengeron,GVE,202609040700,1.3,0.8,2.3,220
202609030500,vengeron,GVE,202609040800,1.6,0.9,2.3,167
202609030500,vengeron,GVE,202609040900,1.7,1.0,2.4,145
202609030500,vengeron,GVE,202609041000,1.9,1.1,4.0,143
202609030500,vengeron,GVE,202609041100,2.8,1.6,5.5,163
202609030500,vengeron,GVE,202609041200,3.0,1.7,7.8,170
202609030500,vengeron,GVE,202609041300,4.1,2.4,9.1,204
202609030500,vengeron,GVE,202609041400,5.6,3.3,11.9,231
202609030500,vengeron,GVE,202609041500,6.7,4.3,14.1,237
202609030500,vengeron,GVE,202609041600,5.9,3.7,13.6,245
202609030500,vengeron,GVE,202609041700,4.1,2.5,10.2,270
202609030500,vengeron,GVE,202609041800,2.3,1.4,7.3,289
202609030500,vengeron,GVE,202609041900,2.0,1.2,4.9,266
202609030500,vengeron,GVE,202609042000,1.7,1.0,4.2,279
202609030500,vengeron,GVE,202609042100,1.7,0.9,3.7,277
202609030500,vengeron,GVE,202609042200,1.6,0.9,3.2,264
202609030500,vengeron,GVE,202609042300,1.7,0.9,3.5,263
202609030500,vengeron,GVE,202609050000,1.9,1.0,3.5,246
202609030500,vengeron,GVE,202609050100,1.8,0.9,3.4,248
202609030500,vengeron,GVE,202609050200,1.9,0.9,3.2,242
202609030500,vengeron,GVE,202609050300,1.8,0.9,3.5,257
202609030500,vengeron,GVE,202609050400,1.7,0.9,3.0,257
202609030500,vengeron,GVE,202609050500,1.5,0.8,2.8,239
202609030500,vengeron,GVE,202609050600,1.4,0.7,2.4,242
202609030500,vengeron,GVE,202609050700,1.6,0.8,2.8,214
202609030500,vengeron,GVE,202609050800,1.6,0.8,3.3,151
202609030500,vengeron,GVE,202609050900,1.9,1.2,4.0,141
202609030500,vengeron,GVE,202609051000,2.2,1.2,4.6,137
202609030500,vengeron,GVE,202609051100,3.0,1.7,7.9,139
202609030500,vengeron,GVE,202609051200,3.8,2.4,8.9,134
202609030500,vengeron,GVE,202609051300,4.3,2.6,10.0,213
202609030500,vengeron,GVE,202609051400,5.1,3.2,11.3,287
202609030500,vengeron,GVE,202609051500,5.6,3.6,12.0,308
202609030500,vengeron,GVE,202609051600,5.9,3.8,13.2,321
202609030500,vengeron,GVE,202609051700,5.4,3.5,11.8,341
202609030500,vengeron,GVE,202609051800,3.5,2.1,9.4,356
202609030500,vengeron,GVE,202609051900,2.6,1.3,8.7,24
202609030500,vengeron,GVE,202609052000,2.8,1.5,8.7,32
202609030500,vengeron,GVE,202609052100,2.8,1.5,8.5,13
202609030500,vengeron,GVE,202609052200,2.1,1.1,8.1,4
202609030500,vengeron,GVE,202609052300,2.0,1.0,4.5,356
202609030500,vengeron,GVE,202609060000,1.8,0.9,3.4,356
202609030500,vengeron,GVE,202609060100,1.7,0.9,2.9,356
202609030500,vengeron,GVE,202609060200,1.8,0.9,2.7,359
202609030500,vengeron,GVE,202609060300,1.8,0.9,2.9,4
202609030500,vengeron,GVE,202609060400,1.8,0.9,3.3,4
202609030500,vengeron,GVE,202609060500,1.8,0.9,2.9,23
202609030500,vengeron,GVE,202609060600,2.0,1.0,3.5,20
202609030500,vengeron,GVE,202609060700,2.4,1.1,8.2,44
202609030500,vengeron,GVE,202609060800,3.5,1.8,9.4,54
202609030500,vengeron,GVE,202609060900,4.3,2.3,9.4,56
202609030500,vengeron,GVE,202609061000,4.3,2.4,9.2,54
202609030500,vengeron,GVE,202609061100,4.3,2.6,9.1,56
202609030500,vengeron,GVE,202609061200,4.3,2.5,9.2,56
202609030500,vengeron,GVE,202609061300,4.5,2.7,9.3,53
202609030500,vengeron,GVE,202609061400,4.5,2.5,9.7,49
202609030500,vengeron,GVE,202609061500,4.5,2.5,9.3,43
202609030500,vengeron,GVE,202609061600,4.3,2.6,9.4,37
202609030500,vengeron,GVE,202609061700,3.4,2.0,9.0,26
202609030500,vengeron,GVE,202609061800,2.8,1.6,8.0,0
202609030500,vengeron,GVE,202609061900,1.9,1.1,4.9,342
202609030500,vengeron,GVE,202609062000,1.8,1.0,5.7,330
202609030500,vengeron,GVE,202609062100,1.7,0.9,3.2,328
202609030500,vengeron,GVE,202609062200,1.5,0.8,3.0,296
202609030500,vengeron,GVE,202609062300,1.6,0.8,4.2,262
202609030500,vengeron,GVE,202609070000,1.9,0.8,4.2,262
202609030500,vengeron,GVE,202609070100,1.5,0.8,5.8,254
202609030500,vengeron,GVE,202609070200,1.6,0.8,3.2,254
202609030500,vengeron,GVE,202609070300,1.5,0.8,3.1,252
202609030500,vengeron,GVE,202609070400,1.4,0.7,2.2,254
202609030500,vengeron,GVE,202609070500,1.6,0.8,2.5,244
202609030500,vengeron,GVE,202609070600,1.7,0.8,3.3,235
202609030500,vengeron,GVE,202609070700,1.8,0.9,3.9,213
202609030500,vengeron,GVE,202609070800,1.9,1.0,8.4,197
202609030500,vengeron,GVE,202609070900,2.3,1.2,6.7,191
202609030500,vengeron,GVE,202609071000,2.8,1.6,8.8,205
202609030500,vengeron,GVE,202609071100,3.3,1.9,8.7,205
202609030500,vengeron,GVE,202609071200,3.8,2.2,9.9,196
202609030500,vengeron,GVE,202609071300,4.4,2.4,11.3,214
202609030500,vengeron,GVE,202609071400,4.7,2.8,11.9,230
202609030500,vengeron,GVE,202609071500,5.1,3.0,12.3,232
202609030500,vengeron,GVE,202609071600,5.2,3.1,13.2,0
202609030500,vengeron,GVE,202609071700,3.9,2.2,12.4,356
202609030500,vengeron,GVE,202609071800,2.8,1.5,10.9,332
202609030500,vengeron,GVE,202609071900,2.1,1.0,8.6,290
202609030500,vengeron,GVE,202609072000,1.9,0.9,7.8,313
202609030500,vengeron,GVE,202609072100,1.7,0.8,6.0,306
202609030500,vengeron,GVE,202609072200,1.6,0.8,5.5,280
202609030500,vengeron,GVE,202609072300,1.3,0.6,4.0,316
202609030500,vengeron,GVE,202609080000,1.4,0.6,4.5,311
202609030500,vengeron,GVE,202609080100,1.3,0.5,5.3,267
202609030500,vengeron,GVE,202609080200,1.4,0.6,4.8,228
202609030500,vengeron,GVE,202609080300,1.2,0.5,5.5,243
202609030500,vengeron,GVE,202609080400,1.3,0.5,5.5,261
202609030500,vengeron,GVE,202609080500,1.5,0.6,4.6,243
202609030500,vengeron,GVE,202609080600,1.6,0.7,4.8,254
202609030500,vengeron,GVE,202609080700,1.7,0.8,6.2,203
202609030500,vengeron,GVE,202609080800,2.2,1.0,7.5,218
202609030500,vengeron,GVE,202609080900,2.5,1.2,8.1,220
202609030500,vengeron,GVE,202609081000,3.1,1.5,9.7,229
202609030500,vengeron,GVE,202609081100,3.8,1.9,10.7,238
202609030500,vengeron,GVE,202609081200,4.8,2.2,12.4,239
202609030500,vengeron,GVE,202609081300,4.3,2.3,12.5,239
202609030500,vengeron,GVE,202609081400,3.9,2.1,13.0,244
202609030500,vengeron,GVE,202609081500,3.9,1.9,12.9,241
202609030500,vengeron,GVE,202609081600,3.3,1.8,12.6,259
202609030500,vengeron,GVE,202609081700,2.8,1.5,12.3,277
202609030500,vengeron,GVE,202609081800,2.8,1.3,11.9,277
202609030500,vengeron,GVE,202609081900,2.5,1.2,11.2,263
202609030500,vengeron,GVE,202609082000,2.5,1.1,10.2,269
202609030500,vengeron,GVE,202609082100,2.1,0.9,9.1,262
202609030500,vengeron,GVE,202609082200,1.9,0.9,8.7,267
202609030500,vengeron,GVE,202609082300,1.8,0.8,8.7,271
202609030500,vengeron,GVE,202609090000,1.7,0.7,7.6,263
202609030500,vengeron,GVE,202609090100,1.9,0.7,8.3,244
202609030500,vengeron,GVE,202609090200,1.8,0.8,7.9,268
202609030500,vengeron,GVE,202609090300,1.6,0.7,8.3,253
202609030500,vengeron,GVE,202609090400,1.8,0.8,8.4,248
202609030500,vengeron,GVE,202609090500,1.9,0.8,8.2,248
202609030500,vengeron,GVE,202609090600,1.9,0.9,9.1,243
202609030500,vengeron,GVE,202609090700,2.1,0.9,8.2,235
202609030500,vengeron,GVE,202609090800,2.7,1.2,8.8,230
202609030500,vengeron,GVE,202609090900,2.6,1.3,9.2,235
202609030500,vengeron,GVE,202609091000,3.5,1.5,11.0,228
202609030500,vengeron,GVE,202609091100,3.9,1.9,11.5,240
202609030500,vengeron,GVE,202609091200,3.9,1.9,13.3,242
202609030500,vengeron,GVE,202609091300,4.1,2.1,13.7,246
202609030500,vengeron,GVE,202609091400,4.1,2.0,13.1,248
202609030500,vengeron,GVE,202609091500,3.7,1.8,13.5,262
202609030500,vengeron,GVE,202609091600,3.7,2.0,13.0,266
202609030500,vengeron,GVE,202609091700,3.0,1.5,13.4,265
202609030500,vengeron,GVE,202609091800,2.9,1.3,12.4,281
202609030500,vengeron,GVE,202609091900,2.5,1.2,11.6,276
202609030500,vengeron,GVE,202609092000,2.2,1.0,9.6,307
202609030500,vengeron,GVE,202609092100,2.0,0.8,9.0,300
202609030500,vengeron,GVE,202609092200,1.7,0.8,7.5,292
202609030500,vengeron,GVE,202609092300,1.8,0.7,7.6,333
202609030500,vengeron,GVE,202609100000,1.8,0.8,7.6,312
202609030500,vengeron,GVE,202609100100,1.7,0.7,7.8,300
202609030500,vengeron,GVE,202609100200,1.7,0.5,7.6,311
202609030500,vengeron,GVE,202609100300,1.7,0.7,8.1,295
202609030500,vengeron,GVE,202609100400,1.7,0.7,7.7,285
202609030500,vengeron,GVE,202609100500,1.9,0.8,7.2,281
202609030500,vengeron,GVE,202609100600,2.0,0.9,7.6,306
202609030500,vengeron,GVE,202609100700,2.1,1.0,7.7,94
202609030500,vengeron,GVE,202609100800,2.2,1.1,8.3,183
202609030500,vengeron,GVE,202609100900,2.4,1.2,8.5,173
202609030500,vengeron,GVE,202609101000,2.9,1.3,9.2,146
202609030500,vengeron,GVE,202609101100,3.0,1.5,9.8,166
202609030500,vengeron,GVE,202609101200,3.9,1.8,10.9,140
202609030500,vengeron,GVE,202609101300,3.8,1.8,12.4,164
202609030500,vengeron,GVE,202609101400,3.6,1.9,11.0,300
202609030500,vengeron,GVE,202609101500,3.2,1.6,11.2,249
202609030500,vengeron,GVE,202609101600,3.3,1.7,11.1,282
202609030500,vengeron,GVE,202609101700,2.9,1.3,10.5,311
202609030500,vengeron,GVE,202609101800,2.5,1.2,10.0,292
202609030500,vengeron,GVE,202609101900,2.4,1.1,8.6,307
202609030500,vengeron,GVE,202609102000,1.8,0.8,8.3,312
202609030500,vengeron,GVE,202609102100,1.9,0.9,7.8,324
202609030500,vengeron,GVE,202609102200,1.7,0.8,7.2,330
202609030500,vengeron,GVE,202609102300,1.7,0.7,7.1,329
202609030500,vengeron,GVE,202609110000,1.7,0.8,6.9,323
202609030500,vengeron,GVE,202609110100,1.6,0.5,7.5,10
202609030500,vengeron,GVE,202609110200,1.3,0.6,5.7,336
202609030500,vengeron,GVE,202609110300,1.4,0.6,6.9,330
202609030500,vengeron,GVE,202609110400,1.6,0.7,6.7,311
202609030500,vengeron,GVE,202609110500,1.6,0.7,7.3,348
202609030500,vengeron,GVE,202609110600,1.7,0.8,6.9,279
202609030500,vengeron,GVE,202609110700,1.8,0.8,7.8,193
202609030500,vengeron,GVE,202609110800,2.0,0.9,7.9,197
202609030500,vengeron,GVE,202609110900,2.3,1.0,8.1,194
202609030500,vengeron,GVE,202609111000,2.9,1.2,9.4,174
202609030500,vengeron,GVE,202609111100,3.4,1.7,9.3,195
202609030500,vengeron,GVE,202609111200,3.8,1.7,10.8,181
202609030500,vengeron,GVE,202609111300,3.8,1.9,11.5,193
202609030500,vengeron,GVE,202609111400,3.6,1.7,11.1,203
202609030500,vengeron,GVE,202609111500,3.5,1.7,11.3,227
202609030500,vengeron,GVE,202609111600,2.9,1.4,11.5,235
202609030500,vengeron,GVE,202609111700,2.9,1.3,10.6,289
202609030500,vengeron,GVE,202609111800,2.8,1.3,10.0,314
202609030500,vengeron,GVE,202609111900,2.3,1.1,9.6,329
202609030500,vengeron,GVE,202609112000,2.0,0.9,7.9,326
202609030500,vengeron,GVE,202609112100,1.8,0.8,7.5,357
202609030500,vengeron,GVE,202609112200,2.1,0.9,7.9,319
202609030500,vengeron,GVE,202609112300,1.7,0.7,7.3,344
202609030500,vengeron,GVE,202609120000,1.6,0.6,7.1,3
202609030500,coppet,CGI,202609022200,4.3,4.3,8.2,295
202609030500,coppet,CGI,202609022300,3.8,3.8,7.6,305
202609030500,coppet,CGI,202609030000,3.2,3.2,7.2,279
202609030500,coppet,CGI,202609030100,2.9,2.9,6.8,277
202609030500,coppet,CGI,202609030200,3.0,3.0,6.2,282
202609030500,coppet,CGI,202609030300,3.1,3.1,7.7,279
202609030500,coppet,CGI,202609030400,3.3,3.3,8.6,300
202609030500,coppet,CGI,202609030500,2.8,2.8,5.4,299
202609030500,coppet,CGI,202609030600,2.5,1.9,4.8,303
202609030500,coppet,CGI,202609030700,2.3,1.8,5.2,244
202609030500,coppet,CGI,202609030800,2.3,1.7,5.5,166
202609030500,coppet,CGI,202609030900,2.6,1.7,5.8,152
202609030500,coppet,CGI,202609031000,2.8,1.8,6.2,141
202609030500,coppet,CGI,202609031100,2.9,1.7,8.2,108
202609030500,coppet,CGI,202609031200,3.6,2.3,8.6,105
202609030500,coppet,CGI,202609031300,3.6,2.3,9.0,104
202609030500,coppet,CGI,202609031400,3.6,2.3,9.1,109
202609030500,coppet,CGI,202609031500,3.6,2.3,8.9,97
202609030500,coppet,CGI,202609031600,3.3,2.1,8.6,80
202609030500,coppet,CGI,202609031700,3.3,2.0,8.0,39
202609030500,coppet,CGI,202609031800,2.5,1.6,5.7,344
202609030500,coppet,CGI,202609031900,2.4,1.4,4.0,313
202609030500,coppet,CGI,202609032000,1.9,1.1,3.2,284
202609030500,coppet,CGI,202609032100,2.1,1.2,3.1,293
202609030500,coppet,CGI,202609032200,2.1,1.1,3.0,298
202609030500,coppet,CGI,202609032300,1.8,1.0,2.6,291
202609030500,coppet,CGI,202609040000,1.7,1.0,2.3,268
202609030500,coppet,CGI,202609040100,1.6,0.9,2.3,285
202609030500,coppet,CGI,202609040200,1.5,0.9,2.2,287
202609030500,coppet,CGI,202609040300,1.5,0.8,2.0,279
202609030500,coppet,CGI,202609040400,1.5,0.9,2.1,278
202609030500,coppet,CGI,202609040500,1.6,0.9,2.1,264
202609030500,coppet,CGI,202609040600,1.6,0.9,2.2,253
202609030500,coppet,CGI,202609040700,1.3,0.8,1.9,197
202609030500,coppet,CGI,202609040800,1.6,0.9,2.6,168
202609030500,coppet,CGI,202609040900,1.9,1.2,2.7,147
202609030500,coppet,CGI,202609041000,2.4,1.4,5.1,146
202609030500,coppet,CGI,202609041100,3.0,1.7,7.4,145
202609030500,coppet,CGI,202609041200,3.6,2.1,8.5,152
202609030500,coppet,CGI,202609041300,3.8,2.4,9.1,158
202609030500,coppet,CGI,202609041400,4.6,2.8,10.9,205
202609030500,coppet,CGI,202609041500,5.9,3.7,13.5,236
202609030500,coppet,CGI,202609041600,6.2,3.9,14.3,266
202609030500,coppet,CGI,202609041700,4.6,2.7,11.0,277
202609030500,coppet,CGI,202609041800,3.5,2.0,8.7,285
202609030500,coppet,CGI,202609041900,2.8,1.4,6.6,286
202609030500,coppet,CGI,202609042000,1.8,0.9,5.6,262
202609030500,coppet,CGI,202609042100,1.6,0.8,3.6,256
202609030500,coppet,CGI,202609042200,1.7,0.9,2.9,267
202609030500,coppet,CGI,202609042300,1.7,0.9,2.9,258
202609030500,coppet,CGI,202609050000,1.8,1.0,2.8,260
202609030500,coppet,CGI,202609050100,1.6,0.8,2.5,266
202609030500,coppet,CGI,202609050200,1.7,0.9,2.6,253
202609030500,coppet,CGI,202609050300,1.7,1.0,2.4,259
202609030500,coppet,CGI,202609050400,1.8,1.0,2.5,265
202609030500,coppet,CGI,202609050500,1.7,0.9,2.5,277
202609030500,coppet,CGI,202609050600,1.7,1.0,2.5,287
202609030500,coppet,CGI,202609050700,1.4,0.8,2.7,175
202609030500,coppet,CGI,202609050800,1.6,0.9,3.0,145
202609030500,coppet,CGI,202609050900,2.3,1.4,5.4,137
202609030500,coppet,CGI,202609051000,2.8,1.7,8.1,131
202609030500,coppet,CGI,202609051100,3.6,2.2,9.0,133
202609030500,coppet,CGI,202609051200,4.1,2.5,10.1,136
202609030500,coppet,CGI,202609051300,4.2,2.7,10.9,129
202609030500,coppet,CGI,202609051400,4.2,2.7,11.9,241
202609030500,coppet,CGI,202609051500,5.2,3.5,11.4,307
202609030500,coppet,CGI,202609051600,5.4,3.3,11.7,320
202609030500,coppet,CGI,202609051700,4.3,2.7,10.0,338
202609030500,coppet,CGI,202609051800,3.0,1.7,8.9,349
202609030500,coppet,CGI,202609051900,2.8,1.5,7.8,0
202609030500,coppet,CGI,202609052000,2.7,1.4,7.4,14
202609030500,coppet,CGI,202609052100,3.2,1.7,7.2,356
202609030500,coppet,CGI,202609052200,2.8,1.5,6.5,347
202609030500,coppet,CGI,202609052300,2.5,1.4,6.0,357
202609030500,coppet,CGI,202609060000,2.5,1.3,4.5,355
202609030500,coppet,CGI,202609060100,2.4,1.2,4.0,352
202609030500,coppet,CGI,202609060200,2.2,1.1,3.0,4
202609030500,coppet,CGI,202609060300,2.3,1.2,3.8,350
202609030500,coppet,CGI,202609060400,2.2,1.3,3.6,7
202609030500,coppet,CGI,202609060500,2.1,1.2,2.9,1
202609030500,coppet,CGI,202609060600,2.2,1.2,3.5,4
202609030500,coppet,CGI,202609060700,2.4,1.2,6.1,53
202609030500,coppet,CGI,202609060800,4.0,2.0,9.4,56
202609030500,coppet,CGI,202609060900,4.5,2.6,10.7,56
202609030500,coppet,CGI,202609061000,4.8,2.7,10.5,58
202609030500,coppet,CGI,202609061100,4.2,2.6,10.1,65
202609030500,coppet,CGI,202609061200,4.0,2.5,9.9,62
202609030500,coppet,CGI,202609061300,4.3,2.6,9.8,60
202609030500,coppet,CGI,202609061400,4.3,2.4,10.3,65
202609030500,coppet,CGI,202609061500,3.9,2.5,9.7,54
202609030500,coppet,CGI,202609061600,3.8,2.2,9.4,40
202609030500,coppet,CGI,202609061700,2.9,1.7,8.8,27
202609030500,coppet,CGI,202609061800,2.4,1.4,7.5,343
202609030500,coppet,CGI,202609061900,2.4,1.3,4.9,323
202609030500,coppet,CGI,202609062000,2.3,1.3,6.4,330
202609030500,coppet,CGI,202609062100,2.2,1.2,4.1,306
202609030500,coppet,CGI,202609062200,2.1,1.1,3.6,296
202609030500,coppet,CGI,202609062300,1.9,1.0,3.5,268
202609030500,coppet,CGI,202609070000,1.7,0.8,3.3,273
202609030500,coppet,CGI,202609070100,1.6,0.9,5.2,272
202609030500,coppet,CGI,202609070200,1.8,1.0,2.8,271
202609030500,coppet,CGI,202609070300,1.8,0.9,2.8,263
202609030500,coppet,CGI,202609070400,1.6,0.9,2.5,269
202609030500,coppet,CGI,202609070500,1.6,0.8,2.6,253
202609030500,coppet,CGI,202609070600,1.9,1.0,3.6,243
202609030500,coppet,CGI,202609070700,1.8,0.9,3.5,214
202609030500,coppet,CGI,202609070800,2.2,1.1,6.2,206
202609030500,coppet,CGI,202609070900,2.4,1.3,7.1,194
202609030500,coppet,CGI,202609071000,3.2,1.7,9.2,193
202609030500,coppet,CGI,202609071100,3.5,2.1,9.3,199
202609030500,coppet,CGI,202609071200,4.3,2.4,11.1,204
202609030500,coppet,CGI,202609071300,5.0,2.8,11.2,213
202609030500,coppet,CGI,202609071400,4.7,2.6,12.3,218
202609030500,coppet,CGI,202609071500,4.9,2.8,12.7,222
202609030500,coppet,CGI,202609071600,4.5,2.7,12.2,323
202609030500,coppet,CGI,202609071700,3.7,2.2,11.1,316
202609030500,coppet,CGI,202609071800,2.5,1.3,9.3,289
202609030500,coppet,CGI,202609071900,2.2,1.0,8.6,259
202609030500,coppet,CGI,202609072000,1.8,0.9,7.6,287
202609030500,coppet,CGI,202609072100,1.6,0.8,5.7,251
202609030500,coppet,CGI,202609072200,1.4,0.6,6.1,269
202609030500,coppet,CGI,202609072300,1.4,0.6,4.5,248
202609030500,coppet,CGI,202609080000,1.2,0.5,3.7,256
202609030500,coppet,CGI,202609080100,1.1,0.5,3.7,241
202609030500,coppet,CGI,202609080200,1.3,0.6,3.8,216
202609030500,coppet,CGI,202609080300,1.4,0.5,4.6,230
202609030500,coppet,CGI,202609080400,1.4,0.5,5.3,223
202609030500,coppet,CGI,202609080500,1.5,0.6,5.5,219
202609030500,coppet,CGI,202609080600,1.8,0.8,6.3,224
202609030500,coppet,CGI,202609080700,1.9,0.8,7.1,205
202609030500,coppet,CGI,202609080800,2.3,0.9,7.6,206
202609030500,coppet,CGI,202609080900,2.7,1.1,7.7,205
202609030500,coppet,CGI,202609081000,3.1,1.4,9.3,211
202609030500,coppet,CGI,202609081100,3.9,1.9,10.2,230
202609030500,coppet,CGI,202609081200,4.4,2.3,10.9,239
202609030500,coppet,CGI,202609081300,4.2,2.1,12.2,236
202609030500,coppet,CGI,202609081400,4.0,2.1,11.6,234
202609030500,coppet,CGI,202609081500,4.0,2.0,12.1,234
202609030500,coppet,CGI,202609081600,3.5,1.6,11.2,241
202609030500,coppet,CGI,202609081700,3.5,1.6,11.0,245
202609030500,coppet,CGI,202609081800,2.8,1.5,11.5,244
202609030500,coppet,CGI,202609081900,2.5,1.2,9.8,237
202609030500,coppet,CGI,202609082000,2.5,1.1,9.2,246
202609030500,coppet,CGI,202609082100,2.2,1.0,8.6,238
202609030500,coppet,CGI,202609082200,1.9,0.9,8.6,231
202609030500,coppet,CGI,202609082300,2.0,0.9,8.2,226
202609030500,coppet,CGI,202609090000,1.9,0.8,7.5,240
202609030500,coppet,CGI,202609090100,1.8,0.8,7.5,249
202609030500,coppet,CGI,202609090200,1.9,0.9,7.9,230
202609030500,coppet,CGI,202609090300,2.0,0.8,8.2,224
202609030500,coppet,CGI,202609090400,2.1,0.8,8.0,226
202609030500,coppet,CGI,202609090500,2.1,0.9,7.9,219
202609030500,coppet,CGI,202609090600,2.4,1.0,7.7,225
202609030500,coppet,CGI,202609090700,2.3,1.0,8.7,219
202609030500,coppet,CGI,202609090800,2.7,1.2,8.6,210
202609030500,coppet,CGI,202609090900,2.8,1.2,9.6,220
202609030500,coppet,CGI,202609091000,3.2,1.6,10.2,217
202609030500,coppet,CGI,202609091100,4.2,2.0,10.7,217
202609030500,coppet,CGI,202609091200,4.2,2.0,12.8,228
202609030500,coppet,CGI,202609091300,4.2,2.0,11.8,212
202609030500,coppet,CGI,202609091400,3.8,1.9,12.1,242
202609030500,coppet,CGI,202609091500,4.0,2.1,11.7,221
202609030500,coppet,CGI,202609091600,3.8,1.8,11.3,247
202609030500,coppet,CGI,202609091700,3.7,1.7,11.7,246
202609030500,coppet,CGI,202609091800,3.1,1.5,10.0,258
202609030500,coppet,CGI,202609091900,2.9,1.3,10.1,280
202609030500,coppet,CGI,202609092000,2.8,1.2,9.7,261
202609030500,coppet,CGI,202609092100,2.3,1.0,8.4,275
202609030500,coppet,CGI,202609092200,2.3,1.0,8.4,243
202609030500,coppet,CGI,202609092300,1.9,0.9,8.4,282
202609030500,coppet,CGI,202609100000,2.3,0.9,7.7,273
202609030500,coppet,CGI,202609100100,1.9,0.8,8.1,247
202609030500,coppet,CGI,202609100200,2.1,0.9,7.7,202
202609030500,coppet,CGI,202609100300,1.9,0.8,7.8,237
202609030500,coppet,CGI,202609100400,1.9,0.9,7.2,252
202609030500,coppet,CGI,202609100500,2.2,0.9,7.4,199
202609030500,coppet,CGI,202609100600,2.2,0.9,8.0,217
202609030500,coppet,CGI,202609100700,2.3,1.1,7.7,194
202609030500,coppet,CGI,202609100800,2.8,1.2,8.0,130
202609030500,coppet,CGI,202609100900,2.8,1.2,8.9,159
202609030500,coppet,CGI,202609101000,3.1,1.5,8.5,149
202609030500,coppet,CGI,202609101100,3.6,1.8,10.6,134
202609030500,coppet,CGI,202609101200,4.4,2.1,11.0,130
202609030500,coppet,CGI,202609101300,3.9,2.0,10.3,121
202609030500,coppet,CGI,202609101400,4.0,2.0,11.3,151
202609030500,coppet,CGI,202609101500,3.6,1.8,11.6,193
202609030500,coppet,CGI,202609101600,3.4,1.8,10.9,223
202609030500,coppet,CGI,202609101700,3.3,1.6,10.1,274
202609030500,coppet,CGI,202609101800,2.9,1.4,9.4,273
202609030500,coppet,CGI,202609101900,2.5,1.2,9.4,244
202609030500,coppet,CGI,202609102000,2.4,1.1,8.3,312
202609030500,coppet,CGI,202609102100,2.0,0.9,8.3,336
202609030500,coppet,CGI,202609102200,1.9,0.8,8.3,270
202609030500,coppet,CGI,202609102300,1.9,0.9,7.4,217
202609030500,coppet,CGI,202609110000,2.0,0.9,7.8,266
202609030500,coppet,CGI,202609110100,1.6,0.7,7.3,156
202609030500,coppet,CGI,202609110200,1.8,0.6,7.2,1
202609030500,coppet,CGI,202609110300,1.8,0.7,6.9,213
202609030500,coppet,CGI,202609110400,1.7,0.7,7.0,218
202609030500,coppet,CGI,202609110500,2.1,0.8,7.2,220
202609030500,coppet,CGI,202609110600,1.8,0.9,7.0,211
202609030500,coppet,CGI,202609110700,1.9,0.8,7.7,173
202609030500,coppet,CGI,202609110800,2.3,1.0,8.1,137
202609030500,coppet,CGI,202609110900,2.7,1.3,7.9,162
202609030500,coppet,CGI,202609111000,3.0,1.5,9.1,160
202609030500,coppet,CGI,202609111100,3.6,1.7,9.3,165
202609030500,coppet,CGI,202609111200,3.9,1.8,10.9,173
202609030500,coppet,CGI,202609111300,4.2,2.2,11.3,172
202609030500,coppet,CGI,202609111400,3.8,1.8,11.1,176
202609030500,coppet,CGI,202609111500,3.5,1.7,11.3,195
202609030500,coppet,CGI,202609111600,3.7,1.7,11.4,272
202609030500,coppet,CGI,202609111700,3.3,1.5,10.6,237
202609030500,coppet,CGI,202609111800,3.0,1.3,9.8,318
202609030500,coppet,CGI,202609111900,2.6,1.2,9.1,353
202609030500,coppet,CGI,202609112000,2.9,1.2,9.8,326
202609030500,coppet,CGI,202609112100,2.4,1.0,8.5,23
202609030500,coppet,CGI,202609112200,1.9,0.8,8.3,291
202609030500,coppet,CGI,202609112300,1.9,0.8,8.2,120
202609030500,coppet,CGI,202609120000,1.9,0.9,7.9,23
202609030500,nyon,CGI,202609022200,6.0,6.0,14.4,348
202609030500,nyon,CGI,202609022300,5.7,5.7,10.5,345
202609030500,nyon,CGI,202609030000,5.4,5.4,10.1,334
202609030500,nyon,CGI,202609030100,3.5,3.5,8.0,313
202609030500,nyon,CGI,202609030200,2.5,2.5,4.5,316
202609030500,nyon,CGI,202609030300,2.9,2.9,4.5,298
202609030500,nyon,CGI,202609030400,2.1,2.1,5.8,267
202609030500,nyon,CGI,202609030500,1.6,1.6,5.3,307
202609030500,nyon,CGI,202609030600,1.7,1.0,4.4,317
202609030500,nyon,CGI,202609030700,1.7,1.0,4.7,253
202609030500,nyon,CGI,202609030800,1.9,1.2,5.2,182
202609030500,nyon,CGI,202609030900,2.6,1.8,6.2,163
202609030500,nyon,CGI,202609031000,3.4,2.1,7.1,154
202609030500,nyon,CGI,202609031100,3.9,2.4,9.4,113
202609030500,nyon,CGI,202609031200,4.1,2.6,9.5,111
202609030500,nyon,CGI,202609031300,4.0,2.5,9.7,112
202609030500,nyon,CGI,202609031400,3.8,2.5,9.1,108
202609030500,nyon,CGI,202609031500,3.6,2.2,9.1,103
202609030500,nyon,CGI,202609031600,3.1,1.9,8.6,92
202609030500,nyon,CGI,202609031700,2.5,1.5,6.8,37
202609030500,nyon,CGI,202609031800,3.5,2.2,8.2,326
202609030500,nyon,CGI,202609031900,3.9,2.4,8.9,319
202609030500,nyon,CGI,202609032000,2.8,1.5,8.9,324
202609030500,nyon,CGI,202609032100,2.5,1.4,5.3,324
202609030500,nyon,CGI,202609032200,2.7,1.6,3.7,312
202609030500,nyon,CGI,202609032300,2.5,1.5,3.7,310
202609030500,nyon,CGI,202609040000,2.2,1.2,2.9,304
202609030500,nyon,CGI,202609040100,2.2,1.2,2.9,308
202609030500,nyon,CGI,202609040200,2.1,1.1,2.8,306
202609030500,nyon,CGI,202609040300,1.8,1.0,2.4,310
202609030500,nyon,CGI,202609040400,1.9,1.0,2.6,306
202609030500,nyon,CGI,202609040500,1.8,1.0,2.4,302
202609030500,nyon,CGI,202609040600,1.5,0.9,2.1,304
202609030500,nyon,CGI,202609040700,1.3,0.6,1.9,207
202609030500,nyon,CGI,202609040800,1.7,1.0,2.4,155
202609030500,nyon,CGI,202609040900,2.2,1.3,3.4,146
202609030500,nyon,CGI,202609041000,2.9,1.7,7.3,142
202609030500,nyon,CGI,202609041100,3.2,2.0,8.3,144
202609030500,nyon,CGI,202609041200,3.6,2.2,8.6,150
202609030500,nyon,CGI,202609041300,4.1,2.5,9.3,157
202609030500,nyon,CGI,202609041400,4.8,2.6,11.2,199
202609030500,nyon,CGI,202609041500,5.6,3.3,12.9,243
202609030500,nyon,CGI,202609041600,5.8,3.3,14.4,253
202609030500,nyon,CGI,202609041700,3.9,2.3,11.0,250
202609030500,nyon,CGI,202609041800,2.5,1.4,8.2,268
202609030500,nyon,CGI,202609041900,3.0,1.6,7.8,296
202609030500,nyon,CGI,202609042000,3.0,1.6,8.7,296
202609030500,nyon,CGI,202609042100,2.4,1.2,7.3,298
202609030500,nyon,CGI,202609042200,2.2,1.1,5.2,298
202609030500,nyon,CGI,202609042300,2.1,1.1,3.3,294
202609030500,nyon,CGI,202609050000,2.0,1.1,3.3,295
202609030500,nyon,CGI,202609050100,2.2,1.2,3.6,305
202609030500,nyon,CGI,202609050200,2.1,1.1,3.6,317
202609030500,nyon,CGI,202609050300,1.9,1.0,3.2,314
202609030500,nyon,CGI,202609050400,1.8,1.0,2.8,322
202609030500,nyon,CGI,202609050500,1.9,1.1,2.7,332
202609030500,nyon,CGI,202609050600,1.6,0.8,2.6,319
202609030500,nyon,CGI,202609050700,1.6,0.8,2.6,162
202609030500,nyon,CGI,202609050800,1.8,1.0,4.0,114
202609030500,nyon,CGI,202609050900,2.2,1.3,6.4,126
202609030500,nyon,CGI,202609051000,3.3,2.1,8.7,129
202609030500,nyon,CGI,202609051100,4.1,2.8,10.0,133
202609030500,nyon,CGI,202609051200,4.6,2.9,11.0,134
202609030500,nyon,CGI,202609051300,4.6,3.1,11.4,135
202609030500,nyon,CGI,202609051400,4.7,3.1,11.6,270
202609030500,nyon,CGI,202609051500,5.1,3.5,11.1,319
202609030500,nyon,CGI,202609051600,5.3,3.4,12.1,314
202609030500,nyon,CGI,202609051700,4.3,2.5,11.2,335
202609030500,nyon,CGI,202609051800,3.4,1.9,9.2,337
202609030500,nyon,CGI,202609051900,2.8,1.5,9.0,356
202609030500,nyon,CGI,202609052000,2.6,1.3,7.6,353
202609030500,nyon,CGI,202609052100,3.1,1.7,6.7,347
202609030500,nyon,CGI,202609052200,3.3,1.7,6.5,340
202609030500,nyon,CGI,202609052300,3.0,1.6,6.4,348
202609030500,nyon,CGI,202609060000,2.8,1.6,6.3,358
202609030500,nyon,CGI,202609060100,3.0,1.6,5.9,359
202609030500,nyon,CGI,202609060200,3.0,1.5,5.0,2
202609030500,nyon,CGI,202609060300,2.8,1.5,5.1,2
202609030500,nyon,CGI,202609060400,2.9,1.6,4.5,357
202609030500,nyon,CGI,202609060500,2.5,1.3,4.6,6
202609030500,nyon,CGI,202609060600,2.5,1.5,5.5,356
202609030500,nyon,CGI,202609060700,2.2,1.1,4.8,62
202609030500,nyon,CGI,202609060800,3.1,1.5,8.5,72
202609030500,nyon,CGI,202609060900,4.4,2.4,11.0,80
202609030500,nyon,CGI,202609061000,4.5,2.7,10.6,86
202609030500,nyon,CGI,202609061100,4.5,2.6,10.9,97
202609030500,nyon,CGI,202609061200,4.2,2.7,10.4,100
202609030500,nyon,CGI,202609061300,4.0,2.3,9.9,95
202609030500,nyon,CGI,202609061400,4.0,2.5,9.8,94
202609030500,nyon,CGI,202609061500,3.8,2.3,9.4,97
202609030500,nyon,CGI,202609061600,3.0,1.7,8.9,80
202609030500,nyon,CGI,202609061700,2.3,1.3,8.0,43
202609030500,nyon,CGI,202609061800,2.8,1.7,7.7,335
202609030500,nyon,CGI,202609061900,2.6,1.5,6.6,327
202609030500,nyon,CGI,202609062000,2.4,1.3,7.4,334
202609030500,nyon,CGI,202609062100,2.5,1.3,7.5,319
202609030500,nyon,CGI,202609062200,2.1,1.2,7.8,321
202609030500,nyon,CGI,202609062300,2.0,1.0,3.7,312
202609030500,nyon,CGI,202609070000,1.8,1.1,3.6,305
202609030500,nyon,CGI,202609070100,2.1,1.1,9.0,324
202609030500,nyon,CGI,202609070200,1.9,1.0,3.8,301
202609030500,nyon,CGI,202609070300,2.2,1.2,3.2,295
202609030500,nyon,CGI,202609070400,2.0,1.0,2.9,293
202609030500,nyon,CGI,202609070500,2.1,1.1,3.0,296
202609030500,nyon,CGI,202609070600,1.9,1.0,3.0,286
202609030500,nyon,CGI,202609070700,1.7,0.9,3.6,231
202609030500,nyon,CGI,202609070800,2.2,1.1,5.9,188
202609030500,nyon,CGI,202609070900,2.6,1.4,7.9,186
202609030500,nyon,CGI,202609071000,3.3,1.9,9.2,186
202609030500,nyon,CGI,202609071100,4.6,2.5,10.2,182
202609030500,nyon,CGI,202609071200,4.8,2.8,11.3,175
202609030500,nyon,CGI,202609071300,4.9,2.9,12.6,214
202609030500,nyon,CGI,202609071400,4.6,2.8,12.7,187
202609030500,nyon,CGI,202609071500,4.9,2.9,12.1,197
202609030500,nyon,CGI,202609071600,4.2,2.4,12.3,115
202609030500,nyon,CGI,202609071700,3.0,1.7,11.3,269
202609030500,nyon,CGI,202609071800,2.8,1.5,9.7,289
202609030500,nyon,CGI,202609071900,2.3,1.1,9.2,268
202609030500,nyon,CGI,202609072000,2.3,1.0,7.9,278
202609030500,nyon,CGI,202609072100,2.2,0.9,6.7,293
202609030500,nyon,CGI,202609072200,2.1,0.9,7.0,296
202609030500,nyon,CGI,202609072300,1.7,0.7,6.1,275
202609030500,nyon,CGI,202609080000,1.8,0.7,5.5,264
202609030500,nyon,CGI,202609080100,1.6,0.6,5.1,276
202609030500,nyon,CGI,202609080200,1.5,0.6,5.7,251
202609030500,nyon,CGI,202609080300,1.5,0.6,6.3,245
202609030500,nyon,CGI,202609080400,1.5,0.6,6.3,243
202609030500,nyon,CGI,202609080500,1.7,0.7,5.7,236
202609030500,nyon,CGI,202609080600,1.7,0.8,6.5,223
202609030500,nyon,CGI,202609080700,1.9,0.9,7.1,223
202609030500,nyon,CGI,202609080800,2.3,1.1,7.9,217
202609030500,nyon,CGI,202609080900,3.0,1.3,8.9,215
202609030500,nyon,CGI,202609081000,3.6,1.7,10.5,224
202609030500,nyon,CGI,202609081100,4.2,2.0,11.3,226
202609030500,nyon,CGI,202609081200,4.4,2.4,12.5,229
202609030500,nyon,CGI,202609081300,4.9,2.5,13.6,231
202609030500,nyon,CGI,202609081400,4.3,2.4,13.1,238
202609030500,nyon,CGI,202609081500,4.2,2.2,13.6,246
202609030500,nyon,CGI,202609081600,3.8,1.8,12.4,242
202609030500,nyon,CGI,202609081700,3.6,1.7,13.9,243
202609030500,nyon,CGI,202609081800,3.2,1.5,12.7,260
202609030500,nyon,CGI,202609081900,3.2,1.3,11.3,253
202609030500,nyon,CGI,202609082000,2.5,1.1,10.7,248
202609030500,nyon,CGI,202609082100,2.6,1.1,9.1,255
202609030500,nyon,CGI,202609082200,2.4,1.0,9.3,252
202609030500,nyon,CGI,202609082300,2.5,1.0,8.9,258
202609030500,nyon,CGI,202609090000,2.1,0.9,9.1,251
202609030500,nyon,CGI,202609090100,2.1,0.8,8.8,242
202609030500,nyon,CGI,202609090200,2.1,0.9,9.0,251
202609030500,nyon,CGI,202609090300,2.2,0.9,7.9,241
202609030500,nyon,CGI,202609090400,2.3,0.9,9.0,236
202609030500,nyon,CGI,202609090500,2.3,1.0,8.6,235
202609030500,nyon,CGI,202609090600,2.4,1.1,8.8,228
202609030500,nyon,CGI,202609090700,2.4,1.0,8.7,229
202609030500,nyon,CGI,202609090800,2.8,1.2,9.3,223
202609030500,nyon,CGI,202609090900,3.0,1.3,9.8,219
202609030500,nyon,CGI,202609091000,3.5,1.7,10.2,220
202609030500,nyon,CGI,202609091100,4.1,2.1,11.8,217
202609030500,nyon,CGI,202609091200,4.6,2.3,13.3,220
202609030500,nyon,CGI,202609091300,4.6,2.3,13.2,233
202609030500,nyon,CGI,202609091400,4.4,2.1,13.4,238
202609030500,nyon,CGI,202609091500,4.3,2.1,14.0,240
202609030500,nyon,CGI,202609091600,4.1,1.9,12.3,241
202609030500,nyon,CGI,202609091700,3.7,1.8,13.0,261
202609030500,nyon,CGI,202609091800,3.3,1.6,11.8,262
202609030500,nyon,CGI,202609091900,2.9,1.3,10.2,273
202609030500,nyon,CGI,202609092000,2.7,1.2,9.6,272
202609030500,nyon,CGI,202609092100,2.6,1.1,8.9,280
202609030500,nyon,CGI,202609092200,2.2,0.9,9.1,311
202609030500,nyon,CGI,202609092300,2.2,1.0,8.5,280
202609030500,nyon,CGI,202609100000,2.1,0.8,8.6,267
202609030500,nyon,CGI,202609100100,1.9,0.8,7.8,245
202609030500,nyon,CGI,202609100200,1.9,0.8,7.5,256
202609030500,nyon,CGI,202609100300,2.3,0.9,7.7,269
202609030500,nyon,CGI,202609100400,2.3,0.9,8.4,237
202609030500,nyon,CGI,202609100500,2.5,1.0,7.9,250
202609030500,nyon,CGI,202609100600,2.4,1.1,7.8,250
202609030500,nyon,CGI,202609100700,2.5,1.1,7.7,216
202609030500,nyon,CGI,202609100800,2.6,1.1,8.2,211
202609030500,nyon,CGI,202609100900,3.1,1.5,9.3,149
202609030500,nyon,CGI,202609101000,3.5,1.7,10.1,164
202609030500,nyon,CGI,202609101100,4.0,1.9,11.7,154
202609030500,nyon,CGI,202609101200,4.2,2.1,11.9,139
202609030500,nyon,CGI,202609101300,4.2,2.2,12.0,127
202609030500,nyon,CGI,202609101400,4.2,2.1,12.4,162
202609030500,nyon,CGI,202609101500,3.6,1.9,12.3,218
202609030500,nyon,CGI,202609101600,3.6,1.8,12.1,209
202609030500,nyon,CGI,202609101700,3.2,1.5,11.1,270
202609030500,nyon,CGI,202609101800,2.9,1.5,10.3,256
202609030500,nyon,CGI,202609101900,2.6,1.3,10.3,281
202609030500,nyon,CGI,202609102000,2.7,1.2,9.7,274
202609030500,nyon,CGI,202609102100,2.4,1.0,9.0,292
202609030500,nyon,CGI,202609102200,2.2,1.0,7.6,340
202609030500,nyon,CGI,202609102300,2.1,0.9,8.0,310
202609030500,nyon,CGI,202609110000,2.1,0.9,8.0,312
202609030500,nyon,CGI,202609110100,2.2,0.9,7.6,353
202609030500,nyon,CGI,202609110200,1.9,0.8,7.7,288
202609030500,nyon,CGI,202609110300,1.9,0.8,8.0,329
202609030500,nyon,CGI,202609110400,2.1,0.8,8.2,250
202609030500,nyon,CGI,202609110500,2.0,0.9,8.0,7
202609030500,nyon,CGI,202609110600,1.9,0.9,7.9,341
202609030500,nyon,CGI,202609110700,2.2,0.9,7.5,221
202609030500,nyon,CGI,202609110800,2.4,1.2,7.9,209
202609030500,nyon,CGI,202609110900,2.9,1.3,8.5,170
202609030500,nyon,CGI,202609111000,3.0,1.4,9.8,169
202609030500,nyon,CGI,202609111100,3.7,1.8,10.7,170
202609030500,nyon,CGI,202609111200,4.2,2.0,12.0,173
202609030500,nyon,CGI,202609111300,4.4,2.2,11.6,168
202609030500,nyon,CGI,202609111400,4.0,1.9,11.5,197
202609030500,nyon,CGI,202609111500,3.9,1.9,12.7,206
202609030500,nyon,CGI,202609111600,3.4,1.7,11.3,178
202609030500,nyon,CGI,202609111700,3.2,1.5,11.1,251
202609030500,nyon,CGI,202609111800,3.1,1.3,11.3,273
202609030500,nyon,CGI,202609111900,2.9,1.3,9.2,313
202609030500,nyon,CGI,202609112000,2.5,1.0,8.5,305
202609030500,nyon,CGI,202609112100,2.6,1.1,8.4,284
202609030500,nyon,CGI,202609112200,2.2,0.9,8.2,339
202609030500,nyon,CGI,202609112300,2.1,0.9,8.4,11
202609030500,nyon,CGI,202609120000,2.1,0.9,8.5,334
202609030500,preverenges,PRE,202609022200,1.9,1.9,3.9,243
202609030500,preverenges,PRE,202609022300,3.3,3.3,7.2,308
202609030500,preverenges,PRE,202609030000,5.4,5.4,8.5,289
202609030500,preverenges,PRE,202609030100,5.4,5.4,8.5,285
202609030500,preverenges,PRE,202609030200,3.3,3.3,6.8,328
202609030500,preverenges,PRE,202609030300,3.0,3.0,4.6,323
202609030500,preverenges,PRE,202609030400,3.1,3.1,4.6,343
202609030500,preverenges,PRE,202609030500,3.2,3.2,4.9,347
202609030500,preverenges,PRE,202609030600,3.0,1.9,4.9,336
202609030500,preverenges,PRE,202609030700,2.5,1.8,4.8,339
202609030500,preverenges,PRE,202609030800,2.4,1.7,4.9,343
202609030500,preverenges,PRE,202609030900,2.9,1.9,5.8,345
202609030500,preverenges,PRE,202609031000,3.3,2.2,6.6,162
202609030500,preverenges,PRE,202609031100,3.2,1.9,7.9,135
202609030500,preverenges,PRE,202609031200,3.2,2.1,8.3,143
202609030500,preverenges,PRE,202609031300,3.0,1.9,8.4,156
202609030500,preverenges,PRE,202609031400,3.1,1.9,8.5,162
202609030500,preverenges,PRE,202609031500,2.6,1.5,8.1,157
202609030500,preverenges,PRE,202609031600,2.4,1.3,7.4,180
202609030500,preverenges,PRE,202609031700,2.1,1.2,5.2,163
202609030500,preverenges,PRE,202609031800,2.0,1.1,3.8,338
202609030500,preverenges,PRE,202609031900,3.2,1.9,4.8,319
202609030500,preverenges,PRE,202609032000,2.6,1.5,4.1,332
202609030500,preverenges,PRE,202609032100,2.9,1.7,4.0,329
202609030500,preverenges,PRE,202609032200,3.2,1.8,4.2,323
202609030500,preverenges,PRE,202609032300,3.0,1.8,4.6,322
202609030500,preverenges,PRE,202609040000,2.7,1.6,3.9,323
202609030500,preverenges,PRE,202609040100,2.5,1.5,3.5,320
202609030500,preverenges,PRE,202609040200,2.6,1.5,3.4,326
202609030500,preverenges,PRE,202609040300,2.5,1.3,3.4,327
202609030500,preverenges,PRE,202609040400,2.5,1.4,3.2,327
202609030500,preverenges,PRE,202609040500,2.6,1.5,3.3,325
202609030500,preverenges,PRE,202609040600,2.4,1.5,3.1,324
202609030500,preverenges,PRE,202609040700,1.5,0.8,2.4,341
202609030500,preverenges,PRE,202609040800,1.9,1.2,2.6,168
202609030500,preverenges,PRE,202609040900,2.4,1.5,3.4,169
202609030500,preverenges,PRE,202609041000,2.8,1.6,5.2,143
202609030500,preverenges,PRE,202609041100,3.2,1.9,6.7,138
202609030500,preverenges,PRE,202609041200,3.3,1.9,7.2,138
202609030500,preverenges,PRE,202609041300,3.6,2.1,8.4,130
202609030500,preverenges,PRE,202609041400,3.4,2.1,8.2,138
202609030500,preverenges,PRE,202609041500,3.5,1.9,8.7,148
202609030500,preverenges,PRE,202609041600,3.3,1.6,8.5,208
202609030500,preverenges,PRE,202609041700,2.9,1.5,9.4,231
202609030500,preverenges,PRE,202609041800,2.6,1.3,8.5,255
202609030500,preverenges,PRE,202609041900,3.0,1.6,7.4,286
202609030500,preverenges,PRE,202609042000,3.0,1.6,6.5,293
202609030500,preverenges,PRE,202609042100,2.6,1.4,5.2,311
202609030500,preverenges,PRE,202609042200,2.7,1.5,3.7,322
202609030500,preverenges,PRE,202609042300,2.7,1.3,3.9,337
202609030500,preverenges,PRE,202609050000,2.6,1.3,4.5,334
202609030500,preverenges,PRE,202609050100,2.5,1.4,4.1,337
202609030500,preverenges,PRE,202609050200,2.6,1.4,3.8,339
202609030500,preverenges,PRE,202609050300,2.6,1.4,3.8,339
202609030500,preverenges,PRE,202609050400,2.4,1.3,3.3,342
202609030500,preverenges,PRE,202609050500,2.5,1.5,3.6,338
202609030500,preverenges,PRE,202609050600,2.4,1.3,3.6,342
202609030500,preverenges,PRE,202609050700,1.7,1.0,3.2,25
202609030500,preverenges,PRE,202609050800,1.7,0.9,3.4,110
202609030500,preverenges,PRE,202609050900,2.2,1.2,4.9,137
202609030500,preverenges,PRE,202609051000,2.6,1.5,7.3,140
202609030500,preverenges,PRE,202609051100,3.0,1.7,7.7,134
202609030500,preverenges,PRE,202609051200,3.6,2.1,9.0,128
202609030500,preverenges,PRE,202609051300,4.3,2.5,9.2,124
202609030500,preverenges,PRE,202609051400,4.0,2.3,9.7,124
202609030500,preverenges,PRE,202609051500,3.8,2.1,9.8,127
202609030500,preverenges,PRE,202609051600,3.6,2.1,9.9,77
202609030500,preverenges,PRE,202609051700,4.0,2.2,10.1,21
202609030500,preverenges,PRE,202609051800,5.0,2.6,10.4,19
202609030500,preverenges,PRE,202609051900,5.2,3.0,10.7,8
202609030500,preverenges,PRE,202609052000,5.1,2.7,9.8,10
202609030500,preverenges,PRE,202609052100,5.6,3.3,10.7,7
202609030500,preverenges,PRE,202609052200,6.5,3.7,11.4,10
202609030500,preverenges,PRE,202609052300,6.2,3.5,12.3,6
202609030500,preverenges,PRE,202609060000,6.1,3.6,12.3,14
202609030500,preverenges,PRE,202609060100,6.3,3.6,12.4,12
202609030500,preverenges,PRE,202609060200,6.7,3.5,12.7,13
202609030500,preverenges,PRE,202609060300,7.6,4.3,12.4,14
202609030500,preverenges,PRE,202609060400,7.3,3.9,12.9,15
202609030500,preverenges,PRE,202609060500,6.7,3.6,11.1,11
202609030500,preverenges,PRE,202609060600,7.1,4.0,12.8,17
202609030500,preverenges,PRE,202609060700,7.5,4.0,13.9,23
202609030500,preverenges,PRE,202609060800,7.3,4.1,14.1,33
202609030500,preverenges,PRE,202609060900,6.3,3.5,14.2,39
202609030500,preverenges,PRE,202609061000,5.0,3.0,12.0,49
202609030500,preverenges,PRE,202609061100,4.5,2.5,11.3,63
202609030500,preverenges,PRE,202609061200,3.9,2.3,9.9,93
202609030500,preverenges,PRE,202609061300,3.6,2.1,9.2,113
202609030500,preverenges,PRE,202609061400,3.1,1.9,8.6,124
202609030500,preverenges,PRE,202609061500,2.7,1.7,8.9,111
202609030500,preverenges,PRE,202609061600,2.4,1.3,8.4,103
202609030500,preverenges,PRE,202609061700,3.1,1.5,7.3,20
202609030500,preverenges,PRE,202609061800,3.2,1.7,8.9,8
202609030500,preverenges,PRE,202609061900,4.0,2.0,9.2,352
202609030500,preverenges,PRE,202609062000,3.6,1.8,8.9,352
202609030500,preverenges,PRE,202609062100,4.2,2.2,9.2,354
202609030500,preverenges,PRE,202609062200,3.4,1.8,9.1,359
202609030500,preverenges,PRE,202609062300,3.2,1.7,9.1,349
202609030500,preverenges,PRE,202609070000,3.0,1.6,8.6,333
202609030500,preverenges,PRE,202609070100,2.6,1.3,8.0,329
202609030500,preverenges,PRE,202609070200,2.2,1.1,8.3,320
202609030500,preverenges,PRE,202609070300,2.5,1.2,5.1,335
202609030500,preverenges,PRE,202609070400,2.4,1.3,4.1,321
202609030500,preverenges,PRE,202609070500,2.6,1.3,3.8,319
202609030500,preverenges,PRE,202609070600,2.5,1.3,3.6,311
202609030500,preverenges,PRE,202609070700,2.4,1.1,4.4,245
202609030500,preverenges,PRE,202609070800,2.8,1.3,7.4,217
202609030500,preverenges,PRE,202609070900,3.5,1.8,8.5,209
202609030500,preverenges,PRE,202609071000,3.6,1.9,9.0,198
202609030500,preverenges,PRE,202609071100,3.5,2.0,9.3,186
202609030500,preverenges,PRE,202609071200,3.8,2.1,9.4,175
202609030500,preverenges,PRE,202609071300,3.9,2.3,11.1,196
202609030500,preverenges,PRE,202609071400,3.9,2.1,11.5,180
202609030500,preverenges,PRE,202609071500,4.4,2.5,10.7,163
202609030500,preverenges,PRE,202609071600,4.3,2.2,11.7,174
202609030500,preverenges,PRE,202609071700,3.4,1.7,11.3,288
202609030500,preverenges,PRE,202609071800,3.0,1.4,10.0,310
202609030500,preverenges,PRE,202609071900,2.4,1.1,8.4,271
202609030500,preverenges,PRE,202609072000,2.2,1.1,8.3,305
202609030500,preverenges,PRE,202609072100,2.3,1.0,6.8,321
202609030500,preverenges,PRE,202609072200,2.1,0.8,6.3,335
202609030500,preverenges,PRE,202609072300,1.9,0.8,5.9,351
202609030500,preverenges,PRE,202609080000,1.8,0.8,6.2,325
202609030500,preverenges,PRE,202609080100,1.6,0.6,6.0,332
202609030500,preverenges,PRE,202609080200,1.7,0.7,5.2,21
202609030500,preverenges,PRE,202609080300,1.8,0.8,5.7,334
202609030500,preverenges,PRE,202609080400,1.6,0.7,5.5,299
202609030500,preverenges,PRE,202609080500,1.8,0.8,6.0,272
202609030500,preverenges,PRE,202609080600,1.8,0.9,5.7,251
202609030500,preverenges,PRE,202609080700,1.9,0.9,7.4,215
202609030500,preverenges,PRE,202609080800,2.1,1.0,7.7,213
202609030500,preverenges,PRE,202609080900,3.3,1.5,8.8,200
202609030500,preverenges,PRE,202609081000,3.7,1.6,10.0,217
202609030500,preverenges,PRE,202609081100,4.6,2.2,12.0,223
202609030500,preverenges,PRE,202609081200,5.0,2.3,12.6,219
202609030500,preverenges,PRE,202609081300,4.9,2.4,12.1,225
202609030500,preverenges,PRE,202609081400,4.8,2.4,13.7,233
202609030500,preverenges,PRE,202609081500,4.5,2.1,13.1,230
202609030500,preverenges,PRE,202609081600,4.0,1.8,13.1,236
202609030500,preverenges,PRE,202609081700,3.9,1.9,12.7,247
202609030500,preverenges,PRE,202609081800,3.7,1.6,11.9,249
202609030500,preverenges,PRE,202609081900,3.6,1.5,12.3,251
202609030500,preverenges,PRE,202609082000,3.2,1.5,10.7,245
202609030500,preverenges,PRE,202609082100,2.9,1.2,9.6,254
202609030500,preverenges,PRE,202609082200,2.6,1.1,8.7,242
202609030500,preverenges,PRE,202609082300,2.5,1.0,8.2,243
202609030500,preverenges,PRE,202609090000,2.8,1.2,8.9,260
202609030500,preverenges,PRE,202609090100,2.7,1.2,8.6,256
202609030500,preverenges,PRE,202609090200,2.7,1.1,8.6,251
202609030500,preverenges,PRE,202609090300,2.6,1.0,8.6,242
202609030500,preverenges,PRE,202609090400,2.6,1.1,8.5,238
202609030500,preverenges,PRE,202609090500,2.9,1.3,8.4,237
202609030500,preverenges,PRE,202609090600,3.2,1.3,8.7,243
202609030500,preverenges,PRE,202609090700,3.3,1.5,9.0,231
202609030500,preverenges,PRE,202609090800,3.6,1.5,9.6,226
202609030500,preverenges,PRE,202609090900,3.8,1.8,10.4,222
202609030500,preverenges,PRE,202609091000,4.7,2.1,11.2,209
202609030500,preverenges,PRE,202609091100,5.0,2.4,12.4,218
202609030500,preverenges,PRE,202609091200,5.6,2.8,13.3,208
202609030500,preverenges,PRE,202609091300,5.7,2.6,13.1,217
202609030500,preverenges,PRE,202609091400,5.1,2.4,13.3,227
202609030500,preverenges,PRE,202609091500,4.6,2.4,14.1,231
202609030500,preverenges,PRE,202609091600,4.6,2.3,12.8,242
202609030500,preverenges,PRE,202609091700,4.5,2.2,13.1,235
202609030500,preverenges,PRE,202609091800,4.0,2.0,12.6,244
202609030500,preverenges,PRE,202609091900,3.5,1.7,10.5,264
202609030500,preverenges,PRE,202609092000,3.2,1.4,11.1,265
202609030500,preverenges,PRE,202609092100,3.1,1.3,9.1,252
202609030500,preverenges,PRE,202609092200,2.7,1.2,8.6,271
202609030500,preverenges,PRE,202609092300,2.8,1.2,8.2,288
202609030500,preverenges,PRE,202609100000,2.9,1.1,8.0,282
202609030500,preverenges,PRE,202609100100,3.0,1.1,7.6,315
202609030500,preverenges,PRE,202609100200,2.8,1.1,8.7,340
202609030500,preverenges,PRE,202609100300,2.8,1.1,8.0,321
202609030500,preverenges,PRE,202609100400,3.2,1.2,8.0,350
202609030500,preverenges,PRE,202609100500,2.7,1.1,7.9,330
202609030500,preverenges,PRE,202609100600,3.5,1.6,8.7,345
202609030500,preverenges,PRE,202609100700,3.3,1.4,8.9,333
202609030500,preverenges,PRE,202609100800,3.1,1.3,9.6,219
202609030500,preverenges,PRE,202609100900,3.5,1.7,10.7,146
202609030500,preverenges,PRE,202609101000,3.9,1.8,12.0,166
202609030500,preverenges,PRE,202609101100,4.4,2.0,12.2,172
202609030500,preverenges,PRE,202609101200,5.1,2.5,13.3,181
202609030500,preverenges,PRE,202609101300,5.1,2.5,13.1,169
202609030500,preverenges,PRE,202609101400,4.6,2.2,14.0,188
202609030500,preverenges,PRE,202609101500,4.6,2.2,13.0,222
202609030500,preverenges,PRE,202609101600,3.9,1.8,13.2,235
202609030500,preverenges,PRE,202609101700,3.8,1.7,11.9,256
202609030500,preverenges,PRE,202609101800,3.4,1.6,11.4,274
202609030500,preverenges,PRE,202609101900,3.2,1.3,10.0,306
202609030500,preverenges,PRE,202609102000,3.2,1.4,8.7,308
202609030500,preverenges,PRE,202609102100,3.1,1.4,8.7,344
202609030500,preverenges,PRE,202609102200,2.8,1.2,9.3,352
202609030500,preverenges,PRE,202609102300,3.0,1.2,8.3,335
202609030500,preverenges,PRE,202609110000,3.2,1.2,8.3,357
202609030500,preverenges,PRE,202609110100,2.9,1.3,7.9,341
202609030500,preverenges,PRE,202609110200,2.6,1.1,8.0,347
202609030500,preverenges,PRE,202609110300,2.8,1.1,8.3,349
202609030500,preverenges,PRE,202609110400,3.0,1.2,7.5,359
202609030500,preverenges,PRE,202609110500,2.9,1.3,8.2,14
202609030500,preverenges,PRE,202609110600,3.0,1.3,8.6,5
202609030500,preverenges,PRE,202609110700,3.0,1.2,8.1,351
202609030500,preverenges,PRE,202609110800,3.0,1.3,8.6,180
202609030500,preverenges,PRE,202609110900,3.0,1.4,9.4,180
202609030500,preverenges,PRE,202609111000,3.8,1.7,9.4,192
202609030500,preverenges,PRE,202609111100,4.1,2.0,11.1,197
202609030500,preverenges,PRE,202609111200,5.2,2.4,12.5,176
202609030500,preverenges,PRE,202609111300,4.5,2.2,12.2,182
202609030500,preverenges,PRE,202609111400,4.1,2.0,12.0,182
202609030500,preverenges,PRE,202609111500,3.9,1.9,12.6,196
202609030500,preverenges,PRE,202609111600,3.9,1.9,12.0,231
202609030500,preverenges,PRE,202609111700,3.9,1.7,11.6,269
202609030500,preverenges,PRE,202609111800,3.5,1.7,12.1,322
202609030500,preverenges,PRE,202609111900,3.6,1.6,11.0,344
202609030500,preverenges,PRE,202609112000,3.2,1.3,10.2,332
202609030500,preverenges,PRE,202609112100,2.7,1.3,8.6,355
202609030500,preverenges,PRE,202609112200,3.1,1.3,9.0,346
202609030500,preverenges,PRE,202609112300,3.2,1.2,7.7,331
202609030500,preverenges,PRE,202609120000,3.1,1.2,8.2,351
202609030500,bouveret,BOU,202609022200,1.5,1.5,4.0,123
202609030500,bouveret,BOU,202609022300,0.9,0.9,3.2,165
202609030500,bouveret,BOU,202609030000,0.8,0.8,2.9,141
202609030500,bouveret,BOU,202609030100,1.4,1.4,4.0,353
202609030500,bouveret,BOU,202609030200,2.6,2.6,6.4,142
202609030500,bouveret,BOU,202609030300,3.4,3.4,6.4,150
202609030500,bouveret,BOU,202609030400,3.8,3.8,8.3,293
202609030500,bouveret,BOU,202609030500,2.5,2.5,4.1,209
202609030500,bouveret,BOU,202609030600,1.9,0.7,3.4,147
202609030500,bouveret,BOU,202609030700,2.5,1.5,4.7,137
202609030500,bouveret,BOU,202609030800,3.1,2.2,5.8,131
202609030500,bouveret,BOU,202609030900,3.8,2.9,6.6,152
202609030500,bouveret,BOU,202609031000,4.5,3.1,7.5,306
202609030500,bouveret,BOU,202609031100,4.0,2.5,8.1,301
202609030500,bouveret,BOU,202609031200,3.5,2.2,8.2,301
202609030500,bouveret,BOU,202609031300,3.3,2.1,8.3,307
202609030500,bouveret,BOU,202609031400,3.1,1.9,7.0,304
202609030500,bouveret,BOU,202609031500,2.5,1.5,6.7,299
202609030500,bouveret,BOU,202609031600,2.2,1.2,5.4,270
202609030500,bouveret,BOU,202609031700,2.3,1.3,4.4,172
202609030500,bouveret,BOU,202609031800,2.7,1.6,4.2,149
202609030500,bouveret,BOU,202609031900,2.9,1.5,4.6,125
202609030500,bouveret,BOU,202609032000,2.6,1.5,3.9,121
202609030500,bouveret,BOU,202609032100,2.2,1.1,3.1,124
202609030500,bouveret,BOU,202609032200,2.4,1.3,3.2,126
202609030500,bouveret,BOU,202609032300,2.8,1.5,4.0,127
202609030500,bouveret,BOU,202609040000,2.2,1.1,4.1,125
202609030500,bouveret,BOU,202609040100,1.9,0.9,2.9,126
202609030500,bouveret,BOU,202609040200,1.9,0.9,2.9,126
202609030500,bouveret,BOU,202609040300,1.9,1.0,3.5,125
202609030500,bouveret,BOU,202609040400,2.3,1.1,5.7,127
202609030500,bouveret,BOU,202609040500,2.2,1.1,5.6,124
202609030500,bouveret,BOU,202609040600,2.1,1.2,3.9,126
202609030500,bouveret,BOU,202609040700,2.2,1.1,4.2,127
202609030500,bouveret,BOU,202609040800,1.9,1.0,3.2,130
202609030500,bouveret,BOU,202609040900,2.6,1.6,3.9,297
202609030500,bouveret,BOU,202609041000,3.3,2.1,5.9,308
202609030500,bouveret,BOU,202609041100,3.6,2.2,8.0,306
202609030500,bouveret,BOU,202609041200,3.1,1.8,8.3,306
202609030500,bouveret,BOU,202609041300,2.8,1.7,7.3,302
202609030500,bouveret,BOU,202609041400,2.6,1.6,6.0,297
202609030500,bouveret,BOU,202609041500,2.4,1.3,6.4,299
202609030500,bouveret,BOU,202609041600,2.2,1.1,6.5,167
202609030500,bouveret,BOU,202609041700,2.5,1.3,5.9,162
202609030500,bouveret,BOU,202609041800,2.4,1.4,5.0,148
202609030500,bouveret,BOU,202609041900,2.2,1.2,4.3,129
202609030500,bouveret,BOU,202609042000,2.0,1.1,4.8,127
202609030500,bouveret,BOU,202609042100,1.9,0.9,4.8,129
202609030500,bouveret,BOU,202609042200,1.7,0.8,4.4,136
202609030500,bouveret,BOU,202609042300,1.8,0.9,3.7,120
202609030500,bouveret,BOU,202609050000,1.7,0.8,3.6,124
202609030500,bouveret,BOU,202609050100,2.0,0.9,3.9,121
202609030500,bouveret,BOU,202609050200,1.9,1.0,3.3,118
202609030500,bouveret,BOU,202609050300,1.9,0.9,3.6,119
202609030500,bouveret,BOU,202609050400,1.9,1.0,3.9,109
202609030500,bouveret,BOU,202609050500,2.1,1.1,3.7,112
202609030500,bouveret,BOU,202609050600,2.1,1.1,3.2,107
202609030500,bouveret,BOU,202609050700,2.0,1.1,4.0,117
202609030500,bouveret,BOU,202609050800,2.3,1.2,4.9,301
202609030500,bouveret,BOU,202609050900,2.8,1.7,7.1,307
202609030500,bouveret,BOU,202609051000,3.2,1.9,8.2,305
202609030500,bouveret,BOU,202609051100,3.8,2.2,8.7,304
202609030500,bouveret,BOU,202609051200,3.5,2.1,9.1,301
202609030500,bouveret,BOU,202609051300,3.2,1.9,8.8,304
202609030500,bouveret,BOU,202609051400,3.2,1.9,8.9,306
202609030500,bouveret,BOU,202609051500,3.1,1.8,8.3,302
202609030500,bouveret,BOU,202609051600,3.1,1.7,8.1,281
202609030500,bouveret,BOU,202609051700,3.2,1.7,8.6,260
202609030500,bouveret,BOU,202609051800,3.5,2.1,9.4,274
202609030500,bouveret,BOU,202609051900,3.0,1.7,8.7,262
202609030500,bouveret,BOU,202609052000,2.4,1.3,7.9,212
202609030500,bouveret,BOU,202609052100,2.2,1.1,5.6,124
202609030500,bouveret,BOU,202609052200,1.9,1.0,3.6,127
202609030500,bouveret,BOU,202609052300,1.7,0.9,3.3,123
202609030500,bouveret,BOU,202609060000,1.7,0.9,2.9,123
202609030500,bouveret,BOU,202609060100,1.8,0.9,2.8,124
202609030500,bouveret,BOU,202609060200,1.8,1.0,2.6,117
202609030500,bouveret,BOU,202609060300,1.6,0.8,2.7,106
202609030500,bouveret,BOU,202609060400,1.8,0.9,3.1,117
202609030500,bouveret,BOU,202609060500,1.8,1.0,2.7,114
202609030500,bouveret,BOU,202609060600,1.9,1.0,3.0,117
202609030500,bouveret,BOU,202609060700,1.9,1.0,4.4,145
202609030500,bouveret,BOU,202609060800,2.2,1.3,4.9,302
202609030500,bouveret,BOU,202609060900,3.5,2.1,6.9,303
202609030500,bouveret,BOU,202609061000,4.1,2.5,8.9,303
202609030500,bouveret,BOU,202609061100,4.0,2.4,9.2,303
202609030500,bouveret,BOU,202609061200,3.7,2.2,8.9,305
202609030500,bouveret,BOU,202609061300,3.6,2.2,9.1,301
202609030500,bouveret,BOU,202609061400,3.2,1.8,9.3,296
202609030500,bouveret,BOU,202609061500,3.0,1.7,8.5,296
202609030500,bouveret,BOU,202609061600,2.6,1.5,8.5,304
202609030500,bouveret,BOU,202609061700,2.2,1.2,6.8,207
202609030500,bouveret,BOU,202609061800,2.3,1.2,6.1,154
202609030500,bouveret,BOU,202609061900,1.9,1.0,6.2,140
202609030500,bouveret,BOU,202609062000,2.2,0.9,8.5,117
202609030500,bouveret,BOU,202609062100,2.4,1.0,8.7,135
202609030500,bouveret,BOU,202609062200,2.3,1.0,8.4,128
202609030500,bouveret,BOU,202609062300,2.3,1.1,7.9,129
202609030500,bouveret,BOU,202609070000,2.3,1.1,8.6,135
202609030500,bouveret,BOU,202609070100,2.4,1.1,9.4,128
202609030500,bouveret,BOU,202609070200,3.0,1.3,8.6,124
202609030500,bouveret,BOU,202609070300,2.8,1.3,9.0,116
202609030500,bouveret,BOU,202609070400,2.8,1.4,8.4,128
202609030500,bouveret,BOU,202609070500,2.5,1.2,7.8,128
202609030500,bouveret,BOU,202609070600,2.8,1.5,8.4,127
202609030500,bouveret,BOU,202609070700,2.8,1.3,9.1,128
202609030500,bouveret,BOU,202609070800,3.0,1.5,9.7,175
202609030500,bouveret,BOU,202609070900,3.2,1.7,9.8,268
202609030500,bouveret,BOU,202609071000,3.6,1.9,10.2,267
202609030500,bouveret,BOU,202609071100,3.6,2.0,11.2,302
202609030500,bouveret,BOU,202609071200,3.3,1.9,10.1,303
202609030500,bouveret,BOU,202609071300,3.7,2.0,9.3,298
202609030500,bouveret,BOU,202609071400,3.8,1.8,9.7,300
202609030500,bouveret,BOU,202609071500,3.2,1.8,11.2,245
202609030500,bouveret,BOU,202609071600,3.5,1.7,9.8,139
202609030500,bouveret,BOU,202609071700,3.4,1.7,10.6,127
202609030500,bouveret,BOU,202609071800,3.3,1.8,9.8,117
202609030500,bouveret,BOU,202609071900,3.0,1.3,8.5,104
202609030500,bouveret,BOU,202609072000,2.6,1.1,8.2,112
202609030500,bouveret,BOU,202609072100,2.5,1.1,7.1,114
202609030500,bouveret,BOU,202609072200,2.3,1.0,7.5,114
202609030500,bouveret,BOU,202609072300,2.2,0.9,7.2,119
202609030500,bouveret,BOU,202609080000,2.2,0.8,7.5,109
202609030500,bouveret,BOU,202609080100,1.9,0.8,7.6,107
202609030500,bouveret,BOU,202609080200,2.1,0.9,7.0,110
202609030500,bouveret,BOU,202609080300,2.2,0.9,7.3,108
202609030500,bouveret,BOU,202609080400,2.2,1.0,7.5,116
202609030500,bouveret,BOU,202609080500,2.1,0.9,7.2,112
202609030500,bouveret,BOU,202609080600,2.2,1.0,7.1,118
202609030500,bouveret,BOU,202609080700,1.9,0.9,7.5,118
202609030500,bouveret,BOU,202609080800,1.9,0.9,8.3,25
202609030500,bouveret,BOU,202609080900,2.4,1.2,8.4,317
202609030500,bouveret,BOU,202609081000,2.7,1.3,9.2,302
202609030500,bouveret,BOU,202609081100,3.1,1.6,10.2,300
202609030500,bouveret,BOU,202609081200,3.3,1.7,10.4,298
202609030500,bouveret,BOU,202609081300,3.7,1.8,12.2,296
202609030500,bouveret,BOU,202609081400,3.7,1.9,12.4,301
202609030500,bouveret,BOU,202609081500,3.2,1.7,12.9,297
202609030500,bouveret,BOU,202609081600,3.6,1.8,12.1,272
202609030500,bouveret,BOU,202609081700,2.7,1.4,11.4,305
202609030500,bouveret,BOU,202609081800,2.9,1.2,11.4,358
202609030500,bouveret,BOU,202609081900,2.5,1.2,10.7,90
202609030500,bouveret,BOU,202609082000,2.2,0.9,9.7,121
202609030500,bouveret,BOU,202609082100,1.9,0.8,8.7,107
202609030500,bouveret,BOU,202609082200,1.9,0.9,9.2,108
202609030500,bouveret,BOU,202609082300,1.6,0.6,7.8,107
202609030500,bouveret,BOU,202609090000,1.6,0.6,8.0,87
202609030500,bouveret,BOU,202609090100,1.7,0.7,8.3,108
202609030500,bouveret,BOU,202609090200,1.6,0.6,8.5,128
202609030500,bouveret,BOU,202609090300,1.5,0.6,8.2,118
202609030500,bouveret,BOU,202609090400,1.6,0.7,8.5,103
202609030500,bouveret,BOU,202609090500,1.8,0.8,8.5,127
202609030500,bouveret,BOU,202609090600,1.9,0.9,8.4,128
202609030500,bouveret,BOU,202609090700,1.9,0.9,8.5,135
202609030500,bouveret,BOU,202609090800,2.1,0.9,9.6,268
202609030500,bouveret,BOU,202609090900,2.3,1.1,9.0,281
202609030500,bouveret,BOU,202609091000,2.7,1.3,10.2,292
202609030500,bouveret,BOU,202609091100,3.1,1.6,10.4,296
202609030500,bouveret,BOU,202609091200,3.8,1.9,11.6,298
202609030500,bouveret,BOU,202609091300,3.9,1.8,12.1,300
202609030500,bouveret,BOU,202609091400,3.7,1.9,12.3,307
202609030500,bouveret,BOU,202609091500,3.6,1.8,12.4,301
202609030500,bouveret,BOU,202609091600,3.0,1.5,11.7,302
202609030500,bouveret,BOU,202609091700,3.2,1.6,11.5,275
202609030500,bouveret,BOU,202609091800,3.0,1.4,11.0,321
202609030500,bouveret,BOU,202609091900,2.6,1.2,10.0,335
202609030500,bouveret,BOU,202609092000,2.2,0.9,9.7,83
202609030500,bouveret,BOU,202609092100,1.9,0.9,9.1,100
202609030500,bouveret,BOU,202609092200,1.8,0.8,8.2,99
202609030500,bouveret,BOU,202609092300,1.8,0.7,8.4,111
202609030500,bouveret,BOU,202609100000,1.9,0.8,8.4,109
202609030500,bouveret,BOU,202609100100,1.5,0.7,7.8,110
202609030500,bouveret,BOU,202609100200,1.6,0.6,7.8,106
202609030500,bouveret,BOU,202609100300,1.5,0.6,7.1,118
202609030500,bouveret,BOU,202609100400,1.5,0.6,7.8,120
202609030500,bouveret,BOU,202609100500,1.7,0.6,7.3,120
202609030500,bouveret,BOU,202609100600,1.9,0.9,7.5,124
202609030500,bouveret,BOU,202609100700,1.8,0.8,7.2,114
202609030500,bouveret,BOU,202609100800,1.8,0.9,7.7,252
202609030500,bouveret,BOU,202609100900,2.2,1.0,8.2,236
202609030500,bouveret,BOU,202609101000,2.6,1.3,9.3,298
202609030500,bouveret,BOU,202609101100,2.9,1.5,9.6,299
202609030500,bouveret,BOU,202609101200,3.4,1.7,10.3,306
202609030500,bouveret,BOU,202609101300,3.5,1.8,11.0,309
202609030500,bouveret,BOU,202609101400,3.4,1.8,11.4,306
202609030500,bouveret,BOU,202609101500,3.2,1.6,10.3,306
202609030500,bouveret,BOU,202609101600,3.0,1.6,10.4,313
202609030500,bouveret,BOU,202609101700,2.7,1.3,10.1,320
202609030500,bouveret,BOU,202609101800,2.7,1.2,9.9,308
202609030500,bouveret,BOU,202609101900,2.4,1.2,8.9,14
202609030500,bouveret,BOU,202609102000,2.0,0.9,8.7,71
202609030500,bouveret,BOU,202609102100,1.9,0.9,8.3,101
202609030500,bouveret,BOU,202609102200,1.8,0.8,7.8,102
202609030500,bouveret,BOU,202609102300,1.6,0.8,7.6,109
202609030500,bouveret,BOU,202609110000,1.5,0.6,6.9,117
202609030500,bouveret,BOU,202609110100,1.6,0.6,6.9,108
202609030500,bouveret,BOU,202609110200,1.7,0.7,7.1,108
202609030500,bouveret,BOU,202609110300,1.7,0.7,7.1,105
202609030500,bouveret,BOU,202609110400,1.7,0.8,7.6,114
202609030500,bouveret,BOU,202609110500,1.9,0.8,7.1,116
202609030500,bouveret,BOU,202609110600,1.9,0.9,6.8,117
202609030500,bouveret,BOU,202609110700,1.9,0.9,7.4,109
202609030500,bouveret,BOU,202609110800,2.0,0.9,7.7,98
202609030500,bouveret,BOU,202609110900,2.1,1.0,8.0,282
202609030500,bouveret,BOU,202609111000,2.4,1.3,8.6,306
202609030500,bouveret,BOU,202609111100,3.1,1.5,9.7,305
202609030500,bouveret,BOU,202609111200,3.3,1.6,10.0,298
202609030500,bouveret,BOU,202609111300,3.7,1.9,11.0,309
202609030500,bouveret,BOU,202609111400,3.6,1.9,10.7,306
202609030500,bouveret,BOU,202609111500,3.4,1.5,11.4,302
202609030500,bouveret,BOU,202609111600,3.0,1.6,10.6,286
202609030500,bouveret,BOU,202609111700,3.0,1.5,9.9,312
202609030500,bouveret,BOU,202609111800,2.6,1.2,9.2,78
202609030500,bouveret,BOU,202609111900,2.4,1.0,9.2,116
202609030500,bouveret,BOU,202609112000,2.2,1.0,7.8,100
202609030500,bouveret,BOU,202609112100,2.1,0.9,7.9,98
202609030500,bouveret,BOU,202609112200,1.8,0.8,7.7,108
202609030500,bouveret,BOU,202609112300,2.1,0.8,7.7,113
202609030500,bouveret,BOU,202609120000,1.7,0.8,7.2,110
202609030500,joux,CHB,202609022200,1.3,1.3,3.7,305
202609030500,joux,CHB,202609022300,1.7,1.7,4.9,337
202609030500,joux,CHB,202609030000,2.0,2.0,4.9,313
202609030500,joux,CHB,202609030100,1.7,1.7,3.3,300
202609030500,joux,CHB,202609030200,1.6,1.6,3.3,295
202609030500,joux,CHB,202609030300,1.9,1.9,4.1,285
202609030500,joux,CHB,202609030400,2.0,2.0,4.3,285
202609030500,joux,CHB,202609030500,1.9,1.9,3.5,289
202609030500,joux,CHB,202609030600,1.8,1.0,3.8,275
202609030500,joux,CHB,202609030700,1.8,0.9,4.6,268
202609030500,joux,CHB,202609030800,2.1,1.1,5.5,261
202609030500,joux,CHB,202609030900,2.8,1.9,6.5,250
202609030500,joux,CHB,202609031000,3.5,2.4,7.5,243
202609030500,joux,CHB,202609031100,2.9,1.9,10.5,242
202609030500,joux,CHB,202609031200,3.1,2.0,10.5,256
202609030500,joux,CHB,202609031300,3.4,2.3,10.4,259
202609030500,joux,CHB,202609031400,3.6,2.3,11.3,277
202609030500,joux,CHB,202609031500,4.2,2.9,12.1,281
202609030500,joux,CHB,202609031600,4.4,2.8,12.2,291
202609030500,joux,CHB,202609031700,3.7,2.2,11.3,289
202609030500,joux,CHB,202609031800,2.2,1.3,8.7,278
202609030500,joux,CHB,202609031900,2.5,1.5,7.6,265
202609030500,joux,CHB,202609032000,2.3,1.2,5.9,257
202609030500,joux,CHB,202609032100,2.2,1.2,4.0,256
202609030500,joux,CHB,202609032200,1.9,1.1,2.9,248
202609030500,joux,CHB,202609032300,2.1,1.1,2.8,250
202609030500,joux,CHB,202609040000,2.1,1.1,2.7,244
202609030500,joux,CHB,202609040100,1.9,1.0,2.6,245
202609030500,joux,CHB,202609040200,2.0,1.0,2.6,243
202609030500,joux,CHB,202609040300,2.2,1.2,3.0,239
202609030500,joux,CHB,202609040400,2.3,1.2,3.2,240
202609030500,joux,CHB,202609040500,2.1,1.1,2.9,238
202609030500,joux,CHB,202609040600,1.8,1.0,2.8,232
202609030500,joux,CHB,202609040700,1.8,1.0,2.8,222
202609030500,joux,CHB,202609040800,2.2,1.1,8.0,204
202609030500,joux,CHB,202609040900,2.8,1.7,9.3,208
202609030500,joux,CHB,202609041000,4.4,2.5,12.7,227
202609030500,joux,CHB,202609041100,5.1,2.9,14.1,244
202609030500,joux,CHB,202609041200,5.2,3.3,14.6,247
202609030500,joux,CHB,202609041300,6.0,3.9,15.1,251
202609030500,joux,CHB,202609041400,6.3,3.9,14.9,247
202609030500,joux,CHB,202609041500,6.6,4.1,15.8,248
202609030500,joux,CHB,202609041600,7.0,4.3,16.1,254
202609030500,joux,CHB,202609041700,5.8,3.6,14.8,254
202609030500,joux,CHB,202609041800,4.2,2.4,12.4,244
202609030500,joux,CHB,202609041900,4.3,2.4,13.2,243
202609030500,joux,CHB,202609042000,4.7,2.6,13.4,244
202609030500,joux,CHB,202609042100,4.5,2.3,13.5,237
202609030500,joux,CHB,202609042200,4.2,2.2,11.6,238
202609030500,joux,CHB,202609042300,4.2,2.1,12.3,240
202609030500,joux,CHB,202609050000,3.6,2.0,12.0,240
202609030500,joux,CHB,202609050100,3.3,1.7,10.3,240
202609030500,joux,CHB,202609050200,3.0,1.8,10.2,245
202609030500,joux,CHB,202609050300,3.0,1.5,10.1,247
202609030500,joux,CHB,202609050400,3.0,1.7,9.5,249
202609030500,joux,CHB,202609050500,2.7,1.5,8.6,241
202609030500,joux,CHB,202609050600,3.1,1.6,9.4,237
202609030500,joux,CHB,202609050700,3.2,1.9,10.8,232
202609030500,joux,CHB,202609050800,3.8,2.1,11.3,246
202609030500,joux,CHB,202609050900,3.8,2.4,12.0,243
202609030500,joux,CHB,202609051000,4.3,2.5,13.8,251
202609030500,joux,CHB,202609051100,4.6,2.8,13.4,261
202609030500,joux,CHB,202609051200,5.1,3.2,14.7,263
202609030500,joux,CHB,202609051300,5.4,3.7,15.2,272
202609030500,joux,CHB,202609051400,5.4,3.7,14.9,283
202609030500,joux,CHB,202609051500,5.9,3.9,15.7,283
202609030500,joux,CHB,202609051600,5.6,3.7,14.8,293
202609030500,joux,CHB,202609051700,4.9,2.9,13.4,306
202609030500,joux,CHB,202609051800,3.0,1.7,11.0,324
202609030500,joux,CHB,202609051900,2.3,1.3,8.4,305
202609030500,joux,CHB,202609052000,2.4,1.4,8.4,282
202609030500,joux,CHB,202609052100,1.9,1.1,7.1,274
202609030500,joux,CHB,202609052200,1.8,1.0,4.5,284
202609030500,joux,CHB,202609052300,1.8,0.9,4.0,263
202609030500,joux,CHB,202609060000,1.7,0.9,4.0,74
202609030500,joux,CHB,202609060100,1.6,0.9,5.0,40
202609030500,joux,CHB,202609060200,1.6,0.9,3.5,37
202609030500,joux,CHB,202609060300,1.8,0.9,5.1,72
202609030500,joux,CHB,202609060400,1.6,0.8,4.4,68
202609030500,joux,CHB,202609060500,1.8,0.9,4.0,79
202609030500,joux,CHB,202609060600,1.8,0.9,3.7,90
202609030500,joux,CHB,202609060700,1.8,1.0,7.4,80
202609030500,joux,CHB,202609060800,2.6,1.5,8.5,79
202609030500,joux,CHB,202609060900,3.0,1.8,9.1,79
202609030500,joux,CHB,202609061000,2.9,1.7,9.8,86
202609030500,joux,CHB,202609061100,3.1,1.8,9.6,86
202609030500,joux,CHB,202609061200,3.4,2.2,10.0,86
202609030500,joux,CHB,202609061300,3.7,2.3,10.7,85
202609030500,joux,CHB,202609061400,3.7,2.4,10.4,93
202609030500,joux,CHB,202609061500,3.6,2.2,11.1,82
202609030500,joux,CHB,202609061600,3.6,2.2,10.6,72
202609030500,joux,CHB,202609061700,3.0,1.7,9.3,60
202609030500,joux,CHB,202609061800,2.2,1.2,9.3,35
202609030500,joux,CHB,202609061900,2.4,1.2,10.3,202
202609030500,joux,CHB,202609062000,2.8,1.3,10.5,213
202609030500,joux,CHB,202609062100,2.5,1.3,10.8,217
202609030500,joux,CHB,202609062200,2.3,1.1,9.5,229
202609030500,joux,CHB,202609062300,2.5,1.3,9.8,228
202609030500,joux,CHB,202609070000,3.1,1.5,9.4,230
202609030500,joux,CHB,202609070100,3.0,1.4,11.7,231
202609030500,joux,CHB,202609070200,3.2,1.5,11.0,228
202609030500,joux,CHB,202609070300,3.0,1.5,10.4,230
202609030500,joux,CHB,202609070400,2.8,1.3,9.6,236
202609030500,joux,CHB,202609070500,3.1,1.7,10.2,229
202609030500,joux,CHB,202609070600,3.3,1.7,10.6,229
202609030500,joux,CHB,202609070700,3.5,1.8,12.7,223
202609030500,joux,CHB,202609070800,4.2,2.2,14.0,221
202609030500,joux,CHB,202609070900,4.1,2.4,13.6,222
202609030500,joux,CHB,202609071000,4.6,2.8,15.0,222
202609030500,joux,CHB,202609071100,4.9,2.8,15.7,231
202609030500,joux,CHB,202609071200,5.7,3.3,15.8,233
202609030500,joux,CHB,202609071300,5.5,3.2,16.1,239
202609030500,joux,CHB,202609071400,5.0,3.1,16.7,244
202609030500,joux,CHB,202609071500,5.8,3.7,17.0,247
202609030500,joux,CHB,202609071600,4.8,2.7,16.0,244
202609030500,joux,CHB,202609071700,3.7,2.0,13.5,245
202609030500,joux,CHB,202609071800,2.8,1.3,11.8,250
202609030500,joux,CHB,202609071900,2.9,1.3,8.9,234
202609030500,joux,CHB,202609072000,2.9,1.3,8.5,236
202609030500,joux,CHB,202609072100,2.6,1.2,8.2,237
202609030500,joux,CHB,202609072200,2.8,1.2,8.2,240
202609030500,joux,CHB,202609072300,2.5,1.1,7.3,236
202609030500,joux,CHB,202609080000,2.5,1.0,7.3,241
202609030500,joux,CHB,202609080100,2.5,1.0,7.2,237
202609030500,joux,CHB,202609080200,2.7,0.9,7.7,242
202609030500,joux,CHB,202609080300,2.6,1.1,8.1,242
202609030500,joux,CHB,202609080400,2.5,1.1,8.0,239
202609030500,joux,CHB,202609080500,2.6,1.2,7.7,242
202609030500,joux,CHB,202609080600,2.6,1.3,8.0,236
202609030500,joux,CHB,202609080700,3.0,1.3,8.7,236
202609030500,joux,CHB,202609080800,3.2,1.4,8.3,236
202609030500,joux,CHB,202609080900,3.8,1.7,9.8,230
202609030500,joux,CHB,202609081000,4.3,2.1,10.6,233
202609030500,joux,CHB,202609081100,4.6,2.4,12.6,243
202609030500,joux,CHB,202609081200,5.5,2.4,13.3,246
202609030500,joux,CHB,202609081300,5.3,2.7,14.1,248
202609030500,joux,CHB,202609081400,5.8,2.7,15.4,245
202609030500,joux,CHB,202609081500,5.3,2.4,14.7,242
202609030500,joux,CHB,202609081600,5.3,2.6,14.9,246
202609030500,joux,CHB,202609081700,4.7,2.3,14.8,251
202609030500,joux,CHB,202609081800,4.6,2.1,14.5,251
202609030500,joux,CHB,202609081900,4.0,1.9,13.4,257
202609030500,joux,CHB,202609082000,4.2,1.9,13.1,252
202609030500,joux,CHB,202609082100,3.8,1.8,12.2,248
202609030500,joux,CHB,202609082200,3.7,1.5,11.3,252
202609030500,joux,CHB,202609082300,3.1,1.2,10.2,250
202609030500,joux,CHB,202609090000,3.1,1.3,9.4,253
202609030500,joux,CHB,202609090100,3.3,1.4,10.4,246
202609030500,joux,CHB,202609090200,3.4,1.3,9.3,247
202609030500,joux,CHB,202609090300,3.2,1.3,9.9,247
202609030500,joux,CHB,202609090400,3.0,1.3,10.8,249
202609030500,joux,CHB,202609090500,3.1,1.3,9.8,241
202609030500,joux,CHB,202609090600,3.3,1.3,9.9,241
202609030500,joux,CHB,202609090700,3.7,1.5,10.4,241
202609030500,joux,CHB,202609090800,4.0,1.8,11.4,242
202609030500,joux,CHB,202609090900,4.5,2.1,11.6,245
202609030500,joux,CHB,202609091000,4.5,2.1,12.0,242
202609030500,joux,CHB,202609091100,5.2,2.4,13.0,252
202609030500,joux,CHB,202609091200,5.5,2.8,13.7,248
202609030500,joux,CHB,202609091300,5.5,2.5,15.3,253
202609030500,joux,CHB,202609091400,5.3,2.8,15.7,255
202609030500,joux,CHB,202609091500,4.9,2.5,14.5,253
202609030500,joux,CHB,202609091600,5.1,2.3,15.0,257
202609030500,joux,CHB,202609091700,5.0,2.4,13.7,257
202609030500,joux,CHB,202609091800,3.9,1.9,13.4,261
202609030500,joux,CHB,202609091900,3.7,1.6,12.6,252
202609030500,joux,CHB,202609092000,3.3,1.4,11.6,254
202609030500,joux,CHB,202609092100,3.2,1.3,11.0,256
202609030500,joux,CHB,202609092200,2.9,1.2,10.2,253
202609030500,joux,CHB,202609092300,2.8,1.1,8.9,255
202609030500,joux,CHB,202609100000,2.6,0.9,9.1,248
202609030500,joux,CHB,202609100100,2.8,1.0,8.6,239
202609030500,joux,CHB,202609100200,2.6,1.1,8.3,246
202609030500,joux,CHB,202609100300,2.9,1.1,8.4,243
202609030500,joux,CHB,202609100400,2.5,1.1,7.5,239
202609030500,joux,CHB,202609100500,3.0,1.1,8.5,234
202609030500,joux,CHB,202609100600,2.6,1.2,8.5,232
202609030500,joux,CHB,202609100700,3.1,1.2,8.9,229
202609030500,joux,CHB,202609100800,3.0,1.4,9.9,230
202609030500,joux,CHB,202609100900,3.3,1.5,10.5,236
202609030500,joux,CHB,202609101000,3.7,1.6,10.3,233
202609030500,joux,CHB,202609101100,4.0,1.9,11.2,228
202609030500,joux,CHB,202609101200,4.3,1.8,12.0,232
202609030500,joux,CHB,202609101300,4.3,2.0,12.3,228
202609030500,joux,CHB,202609101400,4.2,1.9,13.1,251
202609030500,joux,CHB,202609101500,3.8,1.7,11.8,247
202609030500,joux,CHB,202609101600,3.9,1.8,12.0,253
202609030500,joux,CHB,202609101700,3.8,1.8,11.4,243
202609030500,joux,CHB,202609101800,3.6,1.6,10.7,267
202609030500,joux,CHB,202609101900,3.0,1.3,10.0,247
202609030500,joux,CHB,202609102000,3.2,1.2,9.9,239
202609030500,joux,CHB,202609102100,2.9,1.2,8.9,261
202609030500,joux,CHB,202609102200,2.6,1.0,8.9,245
202609030500,joux,CHB,202609102300,2.6,1.0,8.6,243
202609030500,joux,CHB,202609110000,2.6,1.0,7.9,241
202609030500,joux,CHB,202609110100,2.6,1.1,7.8,232
202609030500,joux,CHB,202609110200,2.5,0.9,7.9,238
202609030500,joux,CHB,202609110300,2.5,0.9,7.5,234
202609030500,joux,CHB,202609110400,2.6,1.0,8.2,233
202609030500,joux,CHB,202609110500,2.5,1.1,8.0,225
202609030500,joux,CHB,202609110600,2.8,1.1,7.7,223
202609030500,joux,CHB,202609110700,2.5,1.0,8.5,227
202609030500,joux,CHB,202609110800,2.9,1.2,8.7,233
202609030500,joux,CHB,202609110900,3.4,1.4,9.2,227
202609030500,joux,CHB,202609111000,3.8,1.7,11.0,227
202609030500,joux,CHB,202609111100,3.8,1.8,11.1,224
202609030500,joux,CHB,202609111200,4.6,2.1,12.5,234
202609030500,joux,CHB,202609111300,4.2,2.1,12.1,234
202609030500,joux,CHB,202609111400,4.2,1.9,13.0,256
202609030500,joux,CHB,202609111500,4.2,1.8,12.3,251
202609030500,joux,CHB,202609111600,4.0,1.8,12.1,244
202609030500,joux,CHB,202609111700,3.7,1.7,11.3,249
202609030500,joux,CHB,202609111800,3.4,1.5,11.8,245
202609030500,joux,CHB,202609111900,2.9,1.3,10.6,252
202609030500,joux,CHB,202609112000,3.0,1.3,9.8,247
202609030500,joux,CHB,202609112100,2.6,1.2,9.0,243
202609030500,joux,CHB,202609112200,2.8,1.0,9.5,246
202609030500,joux,CHB,202609112300,2.6,1.1,8.6,248
202609030500,joux,CHB,202609120000,2.7,1.0,9.0,236
202609040900,cologny,GVE,202609032200,1.6,1.6,3.3,78
202609040900,cologny,GVE,202609032300,2.0,2.0,4.5,149
202609040900,cologny,GVE,202609040000,1.8,1.8,3.6,118
202609040900,cologny,GVE,202609040100,1.6,1.6,3.2,117
202609040900,cologny,GVE,202609040200,1.5,1.5,3.4,101
202609040900,cologny,GVE,202609040300,1.6,1.6,3.3,108
202609040900,cologny,GVE,202609040400,1.7,1.7,3.4,124
202609040900,cologny,GVE,202609040500,0.8,0.8,3.2,100
202609040900,cologny,GVE,202609040600,0.6,0.6,2.3,66
202609040900,cologny,GVE,202609040700,0.6,0.6,2.4,57
202609040900,cologny,GVE,202609040800,0.6,0.6,2.8,89
202609040900,cologny,GVE,202609040900,1.4,1.4,4.0,32
202609040900,cologny,GVE,202609041000,2.3,1.5,5.3,237
202609040900,cologny,GVE,202609041100,2.2,1.3,5.2,284
202609040900,cologny,GVE,202609041200,2.4,1.3,6.0,340
202609040900,cologny,GVE,202609041300,3.1,1.8,8.8,291
202609040900,cologny,GVE,202609041400,3.8,2.4,11.6,258
202609040900,cologny,GVE,202609041500,5.8,3.9,14.1,236
202609040900,cologny,GVE,202609041600,6.6,4.4,15.3,239
202609040900,cologny,GVE,202609041700,5.7,3.6,14.1,252
202609040900,cologny,GVE,202609041800,3.6,2.1,9.2,206
202609040900,cologny,GVE,202609041900,2.2,1.1,5.8,165
202609040900,cologny,GVE,202609042000,2.5,1.3,3.6,123
202609040900,cologny,GVE,202609042100,2.8,1.6,3.8,117
202609040900,cologny,GVE,202609042200,2.5,1.4,4.0,109
202609040900,cologny,GVE,202609042300,2.3,1.3,3.4,112
202609040900,cologny,GVE,202609050000,2.3,1.2,3.3,114
202609040900,cologny,GVE,202609050100,2.4,1.4,3.3,123
202609040900,cologny,GVE,202609050200,2.3,1.2,3.1,129
202609040900,cologny,GVE,202609050300,2.4,1.3,3.1,125
202609040900,cologny,GVE,202609050400,2.2,1.2,2.9,132
202609040900,cologny,GVE,202609050500,2.2,1.2,3.0,126
202609040900,cologny,GVE,202609050600,2.4,1.4,3.1,132
202609040900,cologny,GVE,202609050700,1.9,1.0,2.8,142
202609040900,cologny,GVE,202609050800,1.7,0.9,3.0,187
202609040900,cologny,GVE,202609050900,2.3,1.3,4.8,227
202609040900,cologny,GVE,202609051000,3.1,1.9,8.9,240
202609040900,cologny,GVE,202609051100,3.3,2.0,9.9,249
202609040900,cologny,GVE,202609051200,3.8,2.3,10.6,262
202609040900,cologny,GVE,202609051300,4.3,2.7,11.9,279
202609040900,cologny,GVE,202609051400,5.0,3.4,13.1,299
202609040900,cologny,GVE,202609051500,6.2,3.9,13.9,315
202609040900,cologny,GVE,202609051600,7.1,4.6,14.6,314
202609040900,cologny,GVE,202609051700,6.3,4.0,13.9,339
202609040900,cologny,GVE,202609051800,3.9,2.2,11.4,4
202609040900,cologny,GVE,202609051900,3.9,2.1,9.4,47
202609040900,cologny,GVE,202609052000,5.0,2.5,12.1,47
202609040900,cologny,GVE,202609052100,4.0,2.2,11.7,33
202609040900,cologny,GVE,202609052200,3.0,1.6,9.8,37
202609040900,cologny,GVE,202609052300,2.3,1.1,8.0,48
202609040900,cologny,GVE,202609060000,1.9,1.0,5.2,49
202609040900,cologny,GVE,202609060100,1.8,1.0,3.7,55
202609040900,cologny,GVE,202609060200,1.9,1.0,3.2,58
202609040900,cologny,GVE,202609060300,1.8,1.0,3.5,64
202609040900,cologny,GVE,202609060400,1.7,0.9,3.0,66
202609040900,cologny,GVE,202609060500,1.7,0.9,3.3,70
202609040900,cologny,GVE,202609060600,1.8,0.9,3.3,75
202609040900,cologny,GVE,202609060700,2.4,0.9,5.3,54
202609040900,cologny,GVE,202609060800,3.2,1.7,8.6,33
202609040900,cologny,GVE,202609060900,4.3,2.5,9.9,27
202609040900,cologny,GVE,202609061000,4.3,2.5,10.0,20
202609040900,cologny,GVE,202609061100,4.1,2.4,9.6,17
202609040900,cologny,GVE,202609061200,3.7,2.3,9.3,7
202609040900,cologny,GVE,202609061300,3.6,2.0,9.3,358
202609040900,cologny,GVE,202609061400,3.3,2.0,9.0,356
202609040900,cologny,GVE,202609061500,3.2,1.9,8.3,355
202609040900,cologny,GVE,202609061600,3.7,2.2,8.3,11
202609040900,cologny,GVE,202609061700,3.2,1.9,7.9,16
202609040900,cologny,GVE,202609061800,2.8,1.5,7.0,13
202609040900,cologny,GVE,202609061900,2.4,1.4,5.2,42
202609040900,cologny,GVE,202609062000,2.1,1.1,7.3,46
202609040900,cologny,GVE,202609062100,2.1,1.1,4.0,91
202609040900,cologny,GVE,202609062200,1.6,0.8,4.3,92
202609040900,cologny,GVE,202609062300,1.7,0.9,4.6,113
202609040900,cologny,GVE,202609070000,1.7,0.8,4.0,138
202609040900,cologny,GVE,202609070100,1.9,0.9,3.1,131
202609040900,cologny,GVE,202609070200,2.3,1.0,6.9,122
202609040900,cologny,GVE,202609070300,1.8,0.9,6.1,153
202609040900,cologny,GVE,202609070400,2.4,1.1,5.1,120
202609040900,cologny,GVE,202609070500,2.3,1.2,7.0,147
202609040900,cologny,GVE,202609070600,2.3,1.1,7.9,123
202609040900,cologny,GVE,202609070700,2.4,1.1,7.0,126
202609040900,cologny,GVE,202609070800,2.1,1.2,5.8,190
202609040900,cologny,GVE,202609070900,2.6,1.4,7.9,210
202609040900,cologny,GVE,202609071000,3.8,2.1,9.4,228
202609040900,cologny,GVE,202609071100,4.1,2.4,9.9,229
202609040900,cologny,GVE,202609071200,5.0,3.1,11.7,231
202609040900,cologny,GVE,202609071300,5.2,3.3,13.8,231
202609040900,cologny,GVE,202609071400,6.0,3.6,14.8,234
202609040900,cologny,GVE,202609071500,6.2,3.8,15.6,248
202609040900,cologny,GVE,202609071600,6.0,3.7,15.4,268
202609040900,cologny,GVE,202609071700,4.5,2.6,11.2,283
202609040900,cologny,GVE,202609071800,2.6,1.5,8.4,310
202609040900,cologny,GVE,202609071900,2.2,1.2,6.4,120
202609040900,cologny,GVE,202609072000,2.3,1.2,6.2,119
202609040900,cologny,GVE,202609072100,2.2,1.2,4.0,115
202609040900,cologny,GVE,202609072200,1.8,1.0,3.3,109
202609040900,cologny,GVE,202609072300,1.8,1.0,3.3,118
202609040900,cologny,GVE,202609080000,1.9,1.0,3.0,125
202609040900,cologny,GVE,202609080100,1.8,1.1,2.6,134
202609040900,cologny,GVE,202609080200,1.9,1.1,2.7,121
202609040900,cologny,GVE,202609080300,1.9,1.0,2.9,141
202609040900,cologny,GVE,202609080400,1.8,1.0,2.4,147
202609040900,cologny,GVE,202609080500,1.9,1.0,2.6,147
202609040900,cologny,GVE,202609080600,2.1,1.1,2.8,148
202609040900,cologny,GVE,202609080700,2.1,1.1,3.2,189
202609040900,cologny,GVE,202609080800,2.6,1.3,7.0,207
202609040900,cologny,GVE,202609080900,4.2,2.3,9.8,226
202609040900,cologny,GVE,202609081000,5.7,3.3,13.4,235
202609040900,cologny,GVE,202609081100,6.7,4.2,14.7,235
202609040900,cologny,GVE,202609081200,6.9,4.3,17.1,242
202609040900,cologny,GVE,202609081300,7.0,4.5,18.1,245
202609040900,cologny,GVE,202609081400,7.6,5.0,17.1,247
202609040900,cologny,GVE,202609081500,7.7,4.8,17.6,248
202609040900,cologny,GVE,202609081600,6.0,3.8,17.8,254
202609040900,cologny,GVE,202609081700,4.9,2.9,16.0,261
202609040900,cologny,GVE,202609081800,3.3,1.8,12.4,258
202609040900,cologny,GVE,202609081900,2.8,1.3,10.2,240
202609040900,cologny,GVE,202609082000,2.8,1.4,9.2,212
202609040900,cologny,GVE,202609082100,2.8,1.4,8.4,207
202609040900,cologny,GVE,202609082200,2.7,1.3,8.3,201
202609040900,cologny,GVE,202609082300,3.0,1.6,9.2,210
202609040900,cologny,GVE,202609090000,3.4,1.7,10.2,214
202609040900,cologny,GVE,202609090100,2.2,0.9,7.9,218
202609040900,cologny,GVE,202609090200,1.9,0.9,7.7,209
202609040900,cologny,GVE,202609090300,1.9,0.8,7.8,215
202609040900,cologny,GVE,202609090400,1.8,0.8,7.9,210
202609040900,cologny,GVE,202609090500,2.2,0.9,7.3,218
202609040900,cologny,GVE,202609090600,2.2,0.9,7.6,206
202609040900,cologny,GVE,202609090700,2.6,1.1,7.7,219
202609040900,cologny,GVE,202609090800,2.7,1.2,7.8,230
202609040900,cologny,GVE,202609090900,3.0,1.3,8.6,225
202609040900,cologny,GVE,202609091000,3.5,1.6,9.2,229
202609040900,cologny,GVE,202609091100,3.7,1.7,10.3,228
202609040900,cologny,GVE,202609091200,3.9,1.9,11.4,216
202609040900,cologny,GVE,202609091300,4.2,1.9,11.2,233
202609040900,cologny,GVE,202609091400,4.2,2.2,11.1,234
202609040900,cologny,GVE,202609091500,4.6,2.4,11.8,281
202609040900,cologny,GVE,202609091600,3.9,2.0,10.5,275
202609040900,cologny,GVE,202609091700,3.5,1.6,9.9,291
202609040900,cologny,GVE,202609091800,3.0,1.5,9.9,326
202609040900,cologny,GVE,202609091900,2.8,1.1,8.7,10
202609040900,cologny,GVE,202609092000,2.4,1.0,7.9,31
202609040900,cologny,GVE,202609092100,2.3,1.0,7.2,36
202609040900,cologny,GVE,202609092200,2.1,0.8,7.1,27
202609040900,cologny,GVE,202609092300,2.0,0.8,7.4,36
202609040900,cologny,GVE,202609100000,2.1,0.8,7.9,35
202609040900,cologny,GVE,202609100100,1.9,0.8,7.0,29
202609040900,cologny,GVE,202609100200,2.2,0.9,6.1,37
202609040900,cologny,GVE,202609100300,2.1,0.9,7.7,52
202609040900,cologny,GVE,202609100400,2.1,0.8,7.3,50
202609040900,cologny,GVE,202609100500,2.1,0.9,8.0,54
202609040900,cologny,GVE,202609100600,2.4,1.0,8.3,43
202609040900,cologny,GVE,202609100700,2.3,1.0,7.6,53
202609040900,cologny,GVE,202609100800,2.5,1.2,7.9,58
202609040900,cologny,GVE,202609100900,2.9,1.3,8.3,41
202609040900,cologny,GVE,202609101000,3.3,1.6,10.3,46
202609040900,cologny,GVE,202609101100,3.5,1.7,10.1,35
202609040900,cologny,GVE,202609101200,4.1,1.9,10.2,26
202609040900,cologny,GVE,202609101300,4.2,2.0,11.2,20
202609040900,cologny,GVE,202609101400,4.0,1.9,11.5,24
202609040900,cologny,GVE,202609101500,3.9,1.9,12.0,27
202609040900,cologny,GVE,202609101600,3.6,1.7,11.7,36
202609040900,cologny,GVE,202609101700,3.2,1.5,11.1,14
202609040900,cologny,GVE,202609101800,3.0,1.4,10.7,26
202609040900,cologny,GVE,202609101900,3.0,1.3,8.8,26
202609040900,cologny,GVE,202609102000,2.6,1.2,8.8,26
202609040900,cologny,GVE,202609102100,2.4,1.0,8.2,29
202609040900,cologny,GVE,202609102200,2.4,1.0,8.6,57
202609040900,cologny,GVE,202609102300,2.0,0.8,8.0,69
202609040900,cologny,GVE,202609110000,2.1,0.9,7.7,72
202609040900,cologny,GVE,202609110100,2.0,0.8,7.8,112
202609040900,cologny,GVE,202609110200,2.1,0.8,7.6,149
202609040900,cologny,GVE,202609110300,2.1,0.9,7.1,97
202609040900,cologny,GVE,202609110400,2.0,0.8,7.1,113
202609040900,cologny,GVE,202609110500,1.9,0.8,7.4,144
202609040900,cologny,GVE,202609110600,2.3,0.9,7.9,146
202609040900,cologny,GVE,202609110700,2.4,0.9,7.3,174
202609040900,cologny,GVE,202609110800,2.5,1.1,7.8,190
202609040900,cologny,GVE,202609110900,2.9,1.3,9.0,197
202609040900,cologny,GVE,202609111000,2.8,1.3,9.0,203
202609040900,cologny,GVE,202609111100,3.6,1.8,10.6,198
202609040900,cologny,GVE,202609111200,4.1,2.1,10.7,240
202609040900,cologny,GVE,202609111300,4.0,1.9,11.3,234
202609040900,cologny,GVE,202609111400,4.0,1.9,11.4,227
202609040900,cologny,GVE,202609111500,3.6,1.8,11.1,224
202609040900,cologny,GVE,202609111600,3.7,1.7,10.9,229
202609040900,cologny,GVE,202609111700,3.6,1.6,10.6,237
202609040900,cologny,GVE,202609111800,3.0,1.3,10.2,224
202609040900,cologny,GVE,202609111900,2.8,1.3,9.8,233
202609040900,cologny,GVE,202609112000,2.6,1.2,8.5,220
202609040900,cologny,GVE,202609112100,2.4,1.1,8.6,213
202609040900,cologny,GVE,202609112200,1.9,0.9,8.3,206
202609040900,cologny,GVE,202609112300,1.8,0.8,7.2,206
202609040900,cologny,GVE,202609120000,1.9,0.8,7.5,200
202609040900,cologny,GVE,202609120100,2.1,0.9,7.3,190
202609040900,cologny,GVE,202609120200,1.8,0.8,7.2,202
202609040900,cologny,GVE,202609120300,1.9,0.9,7.2,204
202609040900,cologny,GVE,202609120400,1.9,0.8,7.2,204
202609040900,cologny,GVE,202609120500,1.9,0.9,7.5,199
202609040900,cologny,GVE,202609120600,2.1,0.9,6.7,202
202609040900,cologny,GVE,202609120700,2.2,1.0,7.7,194
202609040900,cologny,GVE,202609120800,2.5,1.0,7.7,206
202609040900,cologny,GVE,202609120900,2.8,1.2,8.2,204
202609040900,cologny,GVE,202609121000,3.0,1.3,9.0,218
202609040900,cologny,GVE,202609121100,3.5,1.6,10.0,223
202609040900,cologny,GVE,202609121200,3.7,1.8,10.5,226
202609040900,cologny,GVE,202609121300,3.7,1.8,10.9,232
202609040900,cologny,GVE,202609121400,4.1,1.9,10.1,237
202609040900,cologny,GVE,202609121500,3.5,1.7,11.3,238
202609040900,cologny,GVE,202609121600,3.5,1.6,10.7,222
202609040900,cologny,GVE,202609121700,3.1,1.5,10.6,250
202609040900,cologny,GVE,202609121800,2.9,1.3,11.0,226
202609040900,cologny,GVE,202609121900,2.6,1.2,9.7,243
202609040900,cologny,GVE,202609122000,2.2,0.9,8.5,224
202609040900,cologny,GVE,202609122100,2.1,0.9,8.5,183
202609040900,cologny,GVE,202609122200,2.1,0.9,8.0,187
202609040900,cologny,GVE,202609122300,2.1,0.8,7.7,164
202609040900,cologny,GVE,202609130000,2.0,0.9,7.6,181
202609040900,reposoir,GVE,202609032200,1.9,1.9,3.9,341
202609040900,reposoir,GVE,202609032300,1.6,1.6,4.0,329
202609040900,reposoir,GVE,202609040000,1.3,1.3,2.8,333
202609040900,reposoir,GVE,202609040100,1.6,1.6,3.9,310
202609040900,reposoir,GVE,202609040200,0.8,0.8,3.8,303
202609040900,reposoir,GVE,202609040300,1.2,1.2,3.0,304
202609040900,reposoir,GVE,202609040400,1.2,1.2,3.0,301
202609040900,reposoir,GVE,202609040500,1.0,1.0,2.5,301
202609040900,reposoir,GVE,202609040600,1.1,1.1,2.3,328
202609040900,reposoir,GVE,202609040700,0.9,0.9,2.9,42
202609040900,reposoir,GVE,202609040800,0.8,0.8,3.5,66
202609040900,reposoir,GVE,202609040900,1.9,1.9,3.8,95
202609040900,reposoir,GVE,202609041000,2.8,2.0,5.3,135
202609040900,reposoir,GVE,202609041100,2.6,1.7,5.7,113
202609040900,reposoir,GVE,202609041200,3.0,2.0,6.6,88
202609040900,reposoir,GVE,202609041300,4.1,3.0,8.6,156
202609040900,reposoir,GVE,202609041400,5.2,4.0,10.7,206
202609040900,reposoir,GVE,202609041500,5.2,3.4,12.1,231
202609040900,reposoir,GVE,202609041600,5.7,4.0,13.0,250
202609040900,reposoir,GVE,202609041700,4.4,2.8,12.3,255
202609040900,reposoir,GVE,202609041800,2.5,1.5,8.5,283
202609040900,reposoir,GVE,202609041900,2.6,1.5,4.9,297
202609040900,reposoir,GVE,202609042000,2.0,1.2,3.7,289
202609040900,reposoir,GVE,202609042100,1.8,0.9,3.0,279
202609040900,reposoir,GVE,202609042200,1.6,0.9,3.0,286
202609040900,reposoir,GVE,202609042300,1.6,0.9,2.9,277
202609040900,reposoir,GVE,202609050000,1.8,1.0,3.1,258
202609040900,reposoir,GVE,202609050100,2.0,1.1,2.9,255
202609040900,reposoir,GVE,202609050200,2.1,1.1,3.3,252
202609040900,reposoir,GVE,202609050300,2.2,1.1,3.3,255
202609040900,reposoir,GVE,202609050400,2.0,1.1,3.0,252
202609040900,reposoir,GVE,202609050500,1.8,1.0,2.7,262
202609040900,reposoir,GVE,202609050600,1.8,1.0,2.6,248
202609040900,reposoir,GVE,202609050700,1.7,0.9,2.5,218
202609040900,reposoir,GVE,202609050800,1.7,0.9,2.7,202
202609040900,reposoir,GVE,202609050900,1.9,1.1,2.9,178
202609040900,reposoir,GVE,202609051000,2.4,1.5,4.1,141
202609040900,reposoir,GVE,202609051100,3.3,2.2,8.6,131
202609040900,reposoir,GVE,202609051200,3.9,2.3,9.4,127
202609040900,reposoir,GVE,202609051300,4.4,2.9,10.9,225
202609040900,reposoir,GVE,202609051400,5.3,3.6,13.2,314
202609040900,reposoir,GVE,202609051500,6.6,4.5,13.9,325
202609040900,reposoir,GVE,202609051600,7.2,4.6,14.3,315
202609040900,reposoir,GVE,202609051700,5.6,3.2,13.9,331
202609040900,reposoir,GVE,202609051800,3.2,1.9,9.6,352
202609040900,reposoir,GVE,202609051900,3.5,1.8,9.1,30
202609040900,reposoir,GVE,202609052000,3.9,1.8,10.0,27
202609040900,reposoir,GVE,202609052100,3.2,1.7,9.7,12
202609040900,reposoir,GVE,202609052200,2.8,1.6,8.2,5
202609040900,reposoir,GVE,202609052300,2.1,1.1,6.9,13
202609040900,reposoir,GVE,202609060000,1.9,1.0,3.7,5
202609040900,reposoir,GVE,202609060100,1.7,0.9,3.5,357
202609040900,reposoir,GVE,202609060200,1.6,0.9,2.8,359
202609040900,reposoir,GVE,202609060300,1.6,0.9,2.6,13
202609040900,reposoir,GVE,202609060400,1.8,0.9,2.9,12
202609040900,reposoir,GVE,202609060500,1.9,1.0,3.1,349
202609040900,reposoir,GVE,202609060600,1.9,0.9,3.3,23
202609040900,reposoir,GVE,202609060700,2.8,1.1,7.3,58
202609040900,reposoir,GVE,202609060800,3.7,1.9,9.1,53
202609040900,reposoir,GVE,202609060900,4.5,2.7,9.8,55
202609040900,reposoir,GVE,202609061000,4.6,2.8,9.7,53
202609040900,reposoir,GVE,202609061100,4.3,2.8,9.0,53
202609040900,reposoir,GVE,202609061200,4.3,2.7,9.2,56
202609040900,reposoir,GVE,202609061300,4.0,2.3,8.7,53
202609040900,reposoir,GVE,202609061400,4.0,2.5,8.8,53
202609040900,reposoir,GVE,202609061500,3.9,2.4,9.3,44
202609040900,reposoir,GVE,202609061600,4.0,2.5,9.0,37
202609040900,reposoir,GVE,202609061700,3.8,2.3,8.7,31
202609040900,reposoir,GVE,202609061800,3.0,1.8,7.7,16
202609040900,reposoir,GVE,202609061900,2.4,1.5,4.7,359
202609040900,reposoir,GVE,202609062000,1.9,1.0,5.0,357
202609040900,reposoir,GVE,202609062100,1.4,0.8,2.9,306
202609040900,reposoir,GVE,202609062200,1.7,0.9,3.0,329
202609040900,reposoir,GVE,202609062300,1.4,0.8,3.0,284
202609040900,reposoir,GVE,202609070000,1.6,0.8,2.9,264
202609040900,reposoir,GVE,202609070100,1.4,0.6,2.5,256
202609040900,reposoir,GVE,202609070200,1.8,0.8,3.5,259
202609040900,reposoir,GVE,202609070300,1.9,1.0,3.5,243
202609040900,reposoir,GVE,202609070400,2.1,1.0,5.9,233
202609040900,reposoir,GVE,202609070500,1.8,0.9,5.9,236
202609040900,reposoir,GVE,202609070600,2.1,1.0,5.3,239
202609040900,reposoir,GVE,202609070700,2.1,1.0,6.0,220
202609040900,reposoir,GVE,202609070800,2.1,1.1,3.9,199
202609040900,reposoir,GVE,202609070900,2.5,1.3,5.2,192
202609040900,reposoir,GVE,202609071000,3.5,1.9,8.6,195
202609040900,reposoir,GVE,202609071100,4.2,2.4,9.8,202
202609040900,reposoir,GVE,202609071200,5.2,3.0,12.0,212
202609040900,reposoir,GVE,202609071300,5.9,3.7,13.6,216
202609040900,reposoir,GVE,202609071400,5.5,3.7,13.8,216
202609040900,reposoir,GVE,202609071500,5.7,3.6,14.9,251
202609040900,reposoir,GVE,202609071600,6.1,3.9,14.1,269
202609040900,reposoir,GVE,202609071700,3.8,2.2,11.1,285
202609040900,reposoir,GVE,202609071800,2.6,1.4,8.6,300
202609040900,reposoir,GVE,202609071900,2.0,0.9,7.9,254
202609040900,reposoir,GVE,202609072000,1.7,0.9,5.1,275
202609040900,reposoir,GVE,202609072100,1.7,0.9,3.2,269
202609040900,reposoir,GVE,202609072200,1.5,0.7,3.2,281
202609040900,reposoir,GVE,202609072300,1.7,0.9,2.6,253
202609040900,reposoir,GVE,202609080000,1.7,0.9,3.0,262
202609040900,reposoir,GVE,202609080100,1.7,0.9,2.5,248
202609040900,reposoir,GVE,202609080200,1.7,0.9,2.5,243
202609040900,reposoir,GVE,202609080300,1.6,0.8,2.8,243
202609040900,reposoir,GVE,202609080400,1.6,0.9,3.0,249
202609040900,reposoir,GVE,202609080500,1.8,1.0,2.7,234
202609040900,reposoir,GVE,202609080600,1.9,1.0,3.0,237
202609040900,reposoir,GVE,202609080700,2.1,1.1,3.1,215
202609040900,reposoir,GVE,202609080800,2.5,1.5,5.2,209
202609040900,reposoir,GVE,202609080900,3.9,2.1,9.3,205
202609040900,reposoir,GVE,202609081000,5.1,3.0,11.7,212
202609040900,reposoir,GVE,202609081100,5.7,3.4,14.0,216
202609040900,reposoir,GVE,202609081200,7.3,4.5,15.2,223
202609040900,reposoir,GVE,202609081300,6.9,4.6,16.6,235
202609040900,reposoir,GVE,202609081400,6.9,4.5,16.6,246
202609040900,reposoir,GVE,202609081500,7.0,4.4,16.8,252
202609040900,reposoir,GVE,202609081600,6.6,4.2,17.1,267
202609040900,reposoir,GVE,202609081700,4.9,2.9,14.5,274
202609040900,reposoir,GVE,202609081800,3.6,1.9,12.3,294
202609040900,reposoir,GVE,202609081900,3.0,1.7,10.3,291
202609040900,reposoir,GVE,202609082000,2.4,1.2,9.7,279
202609040900,reposoir,GVE,202609082100,2.4,1.2,8.0,271
202609040900,reposoir,GVE,202609082200,2.7,1.3,9.1,260
202609040900,reposoir,GVE,202609082300,2.5,1.2,9.1,248
202609040900,reposoir,GVE,202609090000,3.0,1.4,9.6,234
202609040900,reposoir,GVE,202609090100,1.6,0.7,7.5,251
202609040900,reposoir,GVE,202609090200,1.7,0.7,7.7,244
202609040900,reposoir,GVE,202609090300,1.6,0.6,7.2,244
202609040900,reposoir,GVE,202609090400,1.7,0.7,7.5,234
202609040900,reposoir,GVE,202609090500,1.7,0.7,7.5,238
202609040900,reposoir,GVE,202609090600,1.9,0.9,7.1,233
202609040900,reposoir,GVE,202609090700,2.1,1.0,8.2,235
202609040900,reposoir,GVE,202609090800,2.1,0.9,8.4,220
202609040900,reposoir,GVE,202609090900,2.7,1.2,8.9,225
202609040900,reposoir,GVE,202609091000,2.9,1.4,9.4,216
202609040900,reposoir,GVE,202609091100,3.1,1.6,10.0,228
202609040900,reposoir,GVE,202609091200,3.5,1.8,11.1,214
202609040900,reposoir,GVE,202609091300,3.6,1.8,12.5,254
202609040900,reposoir,GVE,202609091400,4.0,1.9,11.6,269
202609040900,reposoir,GVE,202609091500,4.1,2.1,12.1,334
202609040900,reposoir,GVE,202609091600,3.3,1.7,11.4,336
202609040900,reposoir,GVE,202609091700,3.1,1.6,10.6,6
202609040900,reposoir,GVE,202609091800,2.4,1.1,9.7,3
202609040900,reposoir,GVE,202609091900,2.3,1.2,8.6,352
202609040900,reposoir,GVE,202609092000,2.1,1.0,7.8,354
202609040900,reposoir,GVE,202609092100,2.1,1.0,7.5,2
202609040900,reposoir,GVE,202609092200,1.7,0.6,7.2,10
202609040900,reposoir,GVE,202609092300,1.9,0.8,6.9,11
202609040900,reposoir,GVE,202609100000,1.9,0.8,7.0,8
202609040900,reposoir,GVE,202609100100,1.9,0.8,6.9,15
202609040900,reposoir,GVE,202609100200,1.7,0.7,7.5,16
202609040900,reposoir,GVE,202609100300,1.7,0.8,7.8,27
202609040900,reposoir,GVE,202609100400,1.8,0.8,7.2,11
202609040900,reposoir,GVE,202609100500,2.2,0.9,7.5,30
202609040900,reposoir,GVE,202609100600,1.9,0.8,7.5,27
202609040900,reposoir,GVE,202609100700,2.1,0.9,7.8,37
202609040900,reposoir,GVE,202609100800,2.2,1.0,8.3,36
202609040900,reposoir,GVE,202609100900,2.5,1.2,8.7,46
202609040900,reposoir,GVE,202609101000,2.8,1.3,8.5,66
202609040900,reposoir,GVE,202609101100,3.3,1.6,10.6,61
202609040900,reposoir,GVE,202609101200,3.6,1.8,10.5,75
202609040900,reposoir,GVE,202609101300,3.5,1.7,12.1,56
202609040900,reposoir,GVE,202609101400,3.7,1.7,11.6,69
202609040900,reposoir,GVE,202609101500,3.6,1.8,11.2,50
202609040900,reposoir,GVE,202609101600,3.2,1.4,11.7,19
202609040900,reposoir,GVE,202609101700,3.1,1.5,10.5,9
202609040900,reposoir,GVE,202609101800,2.7,1.2,10.9,357
202609040900,reposoir,GVE,202609101900,2.5,1.1,9.0,6
202609040900,reposoir,GVE,202609102000,2.5,1.1,8.0,6
202609040900,reposoir,GVE,202609102100,2.1,1.0,8.4,5
202609040900,reposoir,GVE,202609102200,2.0,0.9,7.6,12
202609040900,reposoir,GVE,202609102300,2.0,0.8,7.9,19
202609040900,reposoir,GVE,202609110000,1.9,0.8,7.5,21
202609040900,reposoir,GVE,202609110100,1.7,0.8,7.6,15
202609040900,reposoir,GVE,202609110200,1.8,0.8,7.9,10
202609040900,reposoir,GVE,202609110300,1.9,0.8,7.9,34
202609040900,reposoir,GVE,202609110400,1.6,0.8,8.0,9
202609040900,reposoir,GVE,202609110500,2.1,0.9,8.4,0
202609040900,reposoir,GVE,202609110600,2.1,0.9,7.7,46
202609040900,reposoir,GVE,202609110700,2.2,1.0,7.7,286
202609040900,reposoir,GVE,202609110800,2.5,1.1,8.3,156
202609040900,reposoir,GVE,202609110900,2.9,1.2,8.3,212
202609040900,reposoir,GVE,202609111000,3.1,1.3,9.1,186
202609040900,reposoir,GVE,202609111100,3.3,1.7,10.8,205
202609040900,reposoir,GVE,202609111200,3.6,1.8,9.9,194
202609040900,reposoir,GVE,202609111300,4.0,1.9,11.7,198
202609040900,reposoir,GVE,202609111400,3.8,1.7,11.4,209
202609040900,reposoir,GVE,202609111500,3.4,1.6,11.8,231
202609040900,reposoir,GVE,202609111600,3.2,1.7,10.9,238
202609040900,reposoir,GVE,202609111700,3.1,1.5,11.1,238
202609040900,reposoir,GVE,202609111800,2.7,1.2,9.9,249
202609040900,reposoir,GVE,202609111900,2.5,1.2,9.4,262
202609040900,reposoir,GVE,202609112000,2.2,1.0,8.0,239
202609040900,reposoir,GVE,202609112100,1.9,0.9,8.4,254
202609040900,reposoir,GVE,202609112200,1.8,0.8,7.6,247
202609040900,reposoir,GVE,202609112300,1.7,0.7,7.9,239
202609040900,reposoir,GVE,202609120000,1.5,0.6,7.2,241
202609040900,reposoir,GVE,202609120100,1.7,0.6,7.1,230
202609040900,reposoir,GVE,202609120200,1.5,0.6,7.2,238
202609040900,reposoir,GVE,202609120300,1.5,0.7,7.6,244
202609040900,reposoir,GVE,202609120400,1.7,0.6,7.7,249
202609040900,reposoir,GVE,202609120500,1.8,0.7,7.1,238
202609040900,reposoir,GVE,202609120600,1.7,0.7,7.5,234
202609040900,reposoir,GVE,202609120700,2.1,0.8,7.6,231
202609040900,reposoir,GVE,202609120800,2.2,1.0,8.2,219
202609040900,reposoir,GVE,202609120900,2.6,1.3,8.7,222
202609040900,reposoir,GVE,202609121000,2.6,1.2,9.4,232
202609040900,reposoir,GVE,202609121100,3.0,1.5,10.3,220
202609040900,reposoir,GVE,202609121200,3.7,2.0,10.6,226
202609040900,reposoir,GVE,202609121300,3.3,1.5,11.1,230
202609040900,reposoir,GVE,202609121400,3.3,1.8,11.5,236
202609040900,reposoir,GVE,202609121500,3.3,1.5,11.1,240
202609040900,reposoir,GVE,202609121600,2.9,1.5,11.2,260
202609040900,reposoir,GVE,202609121700,3.1,1.4,9.7,275
202609040900,reposoir,GVE,202609121800,2.6,1.3,10.2,307
202609040900,reposoir,GVE,202609121900,2.3,1.1,9.3,287
202609040900,reposoir,GVE,202609122000,2.1,1.0,8.1,306
202609040900,reposoir,GVE,202609122100,1.9,0.8,7.7,307
202609040900,reposoir,GVE,202609122200,1.9,0.9,8.1,315
202609040900,reposoir,GVE,202609122300,1.7,0.8,7.2,312
202609040900,reposoir,GVE,202609130000,1.7,0.8,7.2,316
202609040900,vengeron,GVE,202609032200,1.9,1.9,3.9,341
202609040900,vengeron,GVE,202609032300,1.6,1.6,4.0,329
202609040900,vengeron,GVE,202609040000,1.3,1.3,2.8,333
202609040900,vengeron,GVE,202609040100,1.6,1.6,3.9,310
202609040900,vengeron,GVE,202609040200,0.8,0.8,3.8,303
202609040900,vengeron,GVE,202609040300,1.2,1.2,3.0,304
202609040900,vengeron,GVE,202609040400,1.2,1.2,3.0,301
202609040900,vengeron,GVE,202609040500,1.0,1.0,2.5,301
202609040900,vengeron,GVE,202609040600,1.1,1.1,2.3,328
202609040900,vengeron,GVE,202609040700,0.9,0.9,2.9,42
202609040900,vengeron,GVE,202609040800,0.8,0.8,3.5,66
202609040900,vengeron,GVE,202609040900,1.9,1.9,3.8,95
202609040900,vengeron,GVE,202609041000,2.8,2.0,5.3,135
202609040900,vengeron,GVE,202609041100,2.6,1.7,5.7,113
202609040900,vengeron,GVE,202609041200,3.0,2.0,6.6,88
202609040900,vengeron,GVE,202609041300,4.1,3.0,8.6,156
202609040900,vengeron,GVE,202609041400,5.2,4.0,10.7,206
202609040900,vengeron,GVE,202609041500,5.2,3.4,12.1,231
202609040900,vengeron,GVE,202609041600,5.7,4.0,13.0,250
202609040900,vengeron,GVE,202609041700,4.4,2.8,12.3,255
202609040900,vengeron,GVE,202609041800,2.5,1.5,8.5,283
202609040900,vengeron,GVE,202609041900,2.6,1.5,4.9,297
202609040900,vengeron,GVE,202609042000,2.0,1.2,3.7,289
202609040900,vengeron,GVE,202609042100,1.8,0.9,3.0,279
202609040900,vengeron,GVE,202609042200,1.6,0.9,3.0,286
202609040900,vengeron,GVE,202609042300,1.6,0.9,2.9,277
202609040900,vengeron,GVE,202609050000,1.8,1.0,3.1,258
202609040900,vengeron,GVE,202609050100,2.0,1.1,2.9,255
202609040900,vengeron,GVE,202609050200,2.1,1.1,3.3,252
202609040900,vengeron,GVE,202609050300,2.2,1.1,3.3,255
202609040900,vengeron,GVE,202609050400,2.0,1.1,3.0,252
202609040900,vengeron,GVE,202609050500,1.8,1.0,2.7,262
202609040900,vengeron,GVE,202609050600,1.8,1.0,2.6,248
202609040900,vengeron,GVE,202609050700,1.7,0.9,2.5,218
202609040900,vengeron,GVE,202609050800,1.7,0.9,2.7,202
202609040900,vengeron,GVE,202609050900,1.9,1.1,2.9,178
202609040900,vengeron,GVE,202609051000,2.4,1.5,4.1,141
202609040900,vengeron,GVE,202609051100,3.3,2.2,8.6,131
202609040900,vengeron,GVE,202609051200,3.9,2.3,9.4,127
202609040900,vengeron,GVE,202609051300,4.4,2.9,10.9,225
202609040900,vengeron,GVE,202609051400,5.3,3.6,13.2,314
202609040900,vengeron,GVE,202609051500,6.6,4.5,13.9,325
202609040900,vengeron,GVE,202609051600,7.2,4.6,14.3,315
202609040900,vengeron,GVE,202609051700,5.6,3.2,13.9,331
202609040900,vengeron,GVE,202609051800,3.2,1.9,9.6,352
202609040900,vengeron,GVE,202609051900,3.5,1.8,9.1,30
202609040900,vengeron,GVE,202609052000,3.9,1.8,10.0,27
202609040900,vengeron,GVE,202609052100,3.2,1.7,9.7,12
202609040900,vengeron,GVE,202609052200,2.8,1.6,8.2,5
202609040900,vengeron,GVE,202609052300,2.1,1.1,6.9,13
202609040900,vengeron,GVE,202609060000,1.9,1.0,3.7,5
202609040900,vengeron,GVE,202609060100,1.7,0.9,3.5,357
202609040900,vengeron,GVE,202609060200,1.6,0.9,2.8,359
202609040900,vengeron,GVE,202609060300,1.6,0.9,2.6,13
202609040900,vengeron,GVE,202609060400,1.8,0.9,2.9,12
202609040900,vengeron,GVE,202609060500,1.9,1.0,3.1,349
202609040900,vengeron,GVE,202609060600,1.9,0.9,3.3,23
202609040900,vengeron,GVE,202609060700,2.8,1.1,7.3,58
202609040900,vengeron,GVE,202609060800,3.7,1.9,9.1,53
202609040900,vengeron,GVE,202609060900,4.5,2.7,9.8,55
202609040900,vengeron,GVE,202609061000,4.6,2.8,9.7,53
202609040900,vengeron,GVE,202609061100,4.3,2.8,9.0,53
202609040900,vengeron,GVE,202609061200,4.3,2.7,9.2,56
202609040900,vengeron,GVE,202609061300,4.0,2.3,8.7,53
202609040900,vengeron,GVE,202609061400,4.0,2.5,8.8,53
202609040900,vengeron,GVE,202609061500,3.9,2.4,9.3,44
202609040900,vengeron,GVE,202609061600,4.0,2.5,9.0,37
202609040900,vengeron,GVE,202609061700,3.8,2.3,8.7,31
202609040900,vengeron,GVE,202609061800,3.0,1.8,7.7,16
202609040900,vengeron,GVE,202609061900,2.4,1.5,4.7,359
202609040900,vengeron,GVE,202609062000,1.9,1.0,5.0,357
202609040900,vengeron,GVE,202609062100,1.4,0.8,2.9,306
202609040900,vengeron,GVE,202609062200,1.7,0.9,3.0,329
202609040900,vengeron,GVE,202609062300,1.4,0.8,3.0,284
202609040900,vengeron,GVE,202609070000,1.6,0.8,2.9,264
202609040900,vengeron,GVE,202609070100,1.4,0.6,2.5,256
202609040900,vengeron,GVE,202609070200,1.8,0.8,3.5,259
202609040900,vengeron,GVE,202609070300,1.9,1.0,3.5,243
202609040900,vengeron,GVE,202609070400,2.1,1.0,5.9,233
202609040900,vengeron,GVE,202609070500,1.8,0.9,5.9,236
202609040900,vengeron,GVE,202609070600,2.1,1.0,5.3,239
202609040900,vengeron,GVE,202609070700,2.1,1.0,6.0,220
202609040900,vengeron,GVE,202609070800,2.1,1.1,3.9,199
202609040900,vengeron,GVE,202609070900,2.5,1.3,5.2,192
202609040900,vengeron,GVE,202609071000,3.5,1.9,8.6,195
202609040900,vengeron,GVE,202609071100,4.2,2.4,9.8,202
202609040900,vengeron,GVE,202609071200,5.2,3.0,12.0,212
202609040900,vengeron,GVE,202609071300,5.9,3.7,13.6,216
202609040900,vengeron,GVE,202609071400,5.5,3.7,13.8,216
202609040900,vengeron,GVE,202609071500,5.7,3.6,14.9,251
202609040900,vengeron,GVE,202609071600,6.1,3.9,14.1,269
202609040900,vengeron,GVE,202609071700,3.8,2.2,11.1,285
202609040900,vengeron,GVE,202609071800,2.6,1.4,8.6,300
202609040900,vengeron,GVE,202609071900,2.0,0.9,7.9,254
202609040900,vengeron,GVE,202609072000,1.7,0.9,5.1,275
202609040900,vengeron,GVE,202609072100,1.7,0.9,3.2,269
202609040900,vengeron,GVE,202609072200,1.5,0.7,3.2,281
202609040900,vengeron,GVE,202609072300,1.7,0.9,2.6,253
202609040900,vengeron,GVE,202609080000,1.7,0.9,3.0,262
202609040900,vengeron,GVE,202609080100,1.7,0.9,2.5,248
202609040900,vengeron,GVE,202609080200,1.7,0.9,2.5,243
202609040900,vengeron,GVE,202609080300,1.6,0.8,2.8,243
202609040900,vengeron,GVE,202609080400,1.6,0.9,3.0,249
202609040900,vengeron,GVE,202609080500,1.8,1.0,2.7,234
202609040900,vengeron,GVE,202609080600,1.9,1.0,3.0,237
202609040900,vengeron,GVE,202609080700,2.1,1.1,3.1,215
202609040900,vengeron,GVE,202609080800,2.5,1.5,5.2,209
202609040900,vengeron,GVE,202609080900,3.9,2.1,9.3,205
202609040900,vengeron,GVE,202609081000,5.1,3.0,11.7,212
202609040900,vengeron,GVE,202609081100,5.7,3.4,14.0,216
202609040900,vengeron,GVE,202609081200,7.3,4.5,15.2,223
202609040900,vengeron,GVE,202609081300,6.9,4.6,16.6,235
202609040900,vengeron,GVE,202609081400,6.9,4.5,16.6,246
202609040900,vengeron,GVE,202609081500,7.0,4.4,16.8,252
202609040900,vengeron,GVE,202609081600,6.6,4.2,17.1,267
202609040900,vengeron,GVE,202609081700,4.9,2.9,14.5,274
202609040900,vengeron,GVE,202609081800,3.6,1.9,12.3,294
202609040900,vengeron,GVE,202609081900,3.0,1.7,10.3,291
202609040900,vengeron,GVE,202609082000,2.4,1.2,9.7,279
202609040900,vengeron,GVE,202609082100,2.4,1.2,8.0,271
202609040900,vengeron,GVE,202609082200,2.7,1.3,9.1,260
202609040900,vengeron,GVE,202609082300,2.5,1.2,9.1,248
202609040900,vengeron,GVE,202609090000,3.0,1.4,9.6,234
202609040900,vengeron,GVE,202609090100,1.6,0.7,7.5,251
202609040900,vengeron,GVE,202609090200,1.7,0.7,7.7,244
202609040900,vengeron,GVE,202609090300,1.6,0.6,7.2,244
202609040900,vengeron,GVE,202609090400,1.7,0.7,7.5,234
202609040900,vengeron,GVE,202609090500,1.7,0.7,7.5,238
202609040900,vengeron,GVE,202609090600,1.9,0.9,7.1,233
202609040900,vengeron,GVE,202609090700,2.1,1.0,8.2,235
202609040900,vengeron,GVE,202609090800,2.1,0.9,8.4,220
202609040900,vengeron,GVE,202609090900,2.7,1.2,8.9,225
202609040900,vengeron,GVE,202609091000,2.9,1.4,9.4,216
202609040900,vengeron,GVE,202609091100,3.1,1.6,10.0,228
202609040900,vengeron,GVE,202609091200,3.5,1.8,11.1,214
202609040900,vengeron,GVE,202609091300,3.6,1.8,12.5,254
202609040900,vengeron,GVE,202609091400,4.0,1.9,11.6,269
202609040900,vengeron,GVE,202609091500,4.1,2.1,12.1,334
202609040900,vengeron,GVE,202609091600,3.3,1.7,11.4,336
202609040900,vengeron,GVE,202609091700,3.1,1.6,10.6,6
202609040900,vengeron,GVE,202609091800,2.4,1.1,9.7,3
202609040900,vengeron,GVE,202609091900,2.3,1.2,8.6,352
202609040900,vengeron,GVE,202609092000,2.1,1.0,7.8,354
202609040900,vengeron,GVE,202609092100,2.1,1.0,7.5,2
202609040900,vengeron,GVE,202609092200,1.7,0.6,7.2,10
202609040900,vengeron,GVE,202609092300,1.9,0.8,6.9,11
202609040900,vengeron,GVE,202609100000,1.9,0.8,7.0,8
202609040900,vengeron,GVE,202609100100,1.9,0.8,6.9,15
202609040900,vengeron,GVE,202609100200,1.7,0.7,7.5,16
202609040900,vengeron,GVE,202609100300,1.7,0.8,7.8,27
202609040900,vengeron,GVE,202609100400,1.8,0.8,7.2,11
202609040900,vengeron,GVE,202609100500,2.2,0.9,7.5,30
202609040900,vengeron,GVE,202609100600,1.9,0.8,7.5,27
202609040900,vengeron,GVE,202609100700,2.1,0.9,7.8,37
202609040900,vengeron,GVE,202609100800,2.2,1.0,8.3,36
202609040900,vengeron,GVE,202609100900,2.5,1.2,8.7,46
202609040900,vengeron,GVE,202609101000,2.8,1.3,8.5,66
202609040900,vengeron,GVE,202609101100,3.3,1.6,10.6,61
202609040900,vengeron,GVE,202609101200,3.6,1.8,10.5,75
202609040900,vengeron,GVE,202609101300,3.5,1.7,12.1,56
202609040900,vengeron,GVE,202609101400,3.7,1.7,11.6,69
202609040900,vengeron,GVE,202609101500,3.6,1.8,11.2,50
202609040900,vengeron,GVE,202609101600,3.2,1.4,11.7,19
202609040900,vengeron,GVE,202609101700,3.1,1.5,10.5,9
202609040900,vengeron,GVE,202609101800,2.7,1.2,10.9,357
202609040900,vengeron,GVE,202609101900,2.5,1.1,9.0,6
202609040900,vengeron,GVE,202609102000,2.5,1.1,8.0,6
202609040900,vengeron,GVE,202609102100,2.1,1.0,8.4,5
202609040900,vengeron,GVE,202609102200,2.0,0.9,7.6,12
202609040900,vengeron,GVE,202609102300,2.0,0.8,7.9,19
202609040900,vengeron,GVE,202609110000,1.9,0.8,7.5,21
202609040900,vengeron,GVE,202609110100,1.7,0.8,7.6,15
202609040900,vengeron,GVE,202609110200,1.8,0.8,7.9,10
202609040900,vengeron,GVE,202609110300,1.9,0.8,7.9,34
202609040900,vengeron,GVE,202609110400,1.6,0.8,8.0,9
202609040900,vengeron,GVE,202609110500,2.1,0.9,8.4,0
202609040900,vengeron,GVE,202609110600,2.1,0.9,7.7,46
202609040900,vengeron,GVE,202609110700,2.2,1.0,7.7,286
202609040900,vengeron,GVE,202609110800,2.5,1.1,8.3,156
202609040900,vengeron,GVE,202609110900,2.9,1.2,8.3,212
202609040900,vengeron,GVE,202609111000,3.1,1.3,9.1,186
202609040900,vengeron,GVE,202609111100,3.3,1.7,10.8,205
202609040900,vengeron,GVE,202609111200,3.6,1.8,9.9,194
202609040900,vengeron,GVE,202609111300,4.0,1.9,11.7,198
202609040900,vengeron,GVE,202609111400,3.8,1.7,11.4,209
202609040900,vengeron,GVE,202609111500,3.4,1.6,11.8,231
202609040900,vengeron,GVE,202609111600,3.2,1.7,10.9,238
202609040900,vengeron,GVE,202609111700,3.1,1.5,11.1,238
202609040900,vengeron,GVE,202609111800,2.7,1.2,9.9,249
202609040900,vengeron,GVE,202609111900,2.5,1.2,9.4,262
202609040900,vengeron,GVE,202609112000,2.2,1.0,8.0,239
202609040900,vengeron,GVE,202609112100,1.9,0.9,8.4,254
202609040900,vengeron,GVE,202609112200,1.8,0.8,7.6,247
202609040900,vengeron,GVE,202609112300,1.7,0.7,7.9,239
202609040900,vengeron,GVE,202609120000,1.5,0.6,7.2,241
202609040900,vengeron,GVE,202609120100,1.7,0.6,7.1,230
202609040900,vengeron,GVE,202609120200,1.5,0.6,7.2,238
202609040900,vengeron,GVE,202609120300,1.5,0.7,7.6,244
202609040900,vengeron,GVE,202609120400,1.7,0.6,7.7,249
202609040900,vengeron,GVE,202609120500,1.8,0.7,7.1,238
202609040900,vengeron,GVE,202609120600,1.7,0.7,7.5,234
202609040900,vengeron,GVE,202609120700,2.1,0.8,7.6,231
202609040900,vengeron,GVE,202609120800,2.2,1.0,8.2,219
202609040900,vengeron,GVE,202609120900,2.6,1.3,8.7,222
202609040900,vengeron,GVE,202609121000,2.6,1.2,9.4,232
202609040900,vengeron,GVE,202609121100,3.0,1.5,10.3,220
202609040900,vengeron,GVE,202609121200,3.7,2.0,10.6,226
202609040900,vengeron,GVE,202609121300,3.3,1.5,11.1,230
202609040900,vengeron,GVE,202609121400,3.3,1.8,11.5,236
202609040900,vengeron,GVE,202609121500,3.3,1.5,11.1,240
202609040900,vengeron,GVE,202609121600,2.9,1.5,11.2,260
202609040900,vengeron,GVE,202609121700,3.1,1.4,9.7,275
202609040900,vengeron,GVE,202609121800,2.6,1.3,10.2,307
202609040900,vengeron,GVE,202609121900,2.3,1.1,9.3,287
202609040900,vengeron,GVE,202609122000,2.1,1.0,8.1,306
202609040900,vengeron,GVE,202609122100,1.9,0.8,7.7,307
202609040900,vengeron,GVE,202609122200,1.9,0.9,8.1,315
202609040900,vengeron,GVE,202609122300,1.7,0.8,7.2,312
202609040900,vengeron,GVE,202609130000,1.7,0.8,7.2,316
202609040900,coppet,CGI,202609032200,2.5,2.5,6.2,329
202609040900,coppet,CGI,202609032300,3.1,3.1,6.4,283
202609040900,coppet,CGI,202609040000,3.2,3.2,5.9,218
202609040900,coppet,CGI,202609040100,3.3,3.3,6.8,253
202609040900,coppet,CGI,202609040200,3.2,3.2,7.1,225
202609040900,coppet,CGI,202609040300,3.8,3.8,7.9,255
202609040900,coppet,CGI,202609040400,3.6,3.6,8.1,290
202609040900,coppet,CGI,202609040500,3.2,3.2,7.9,129
202609040900,coppet,CGI,202609040600,3.5,3.5,8.3,69
202609040900,coppet,CGI,202609040700,3.1,3.1,9.5,171
202609040900,coppet,CGI,202609040800,3.5,3.5,10.0,195
202609040900,coppet,CGI,202609040900,2.5,2.5,5.5,188
202609040900,coppet,CGI,202609041000,2.7,1.8,5.8,165
202609040900,coppet,CGI,202609041100,3.0,1.9,6.3,150
202609040900,coppet,CGI,202609041200,3.3,2.1,6.8,137
202609040900,coppet,CGI,202609041300,3.7,2.4,7.3,113
202609040900,coppet,CGI,202609041400,4.1,2.5,7.8,88
202609040900,coppet,CGI,202609041500,3.5,2.1,9.4,181
202609040900,coppet,CGI,202609041600,5.3,3.3,13.2,245
202609040900,coppet,CGI,202609041700,3.8,2.3,10.2,285
202609040900,coppet,CGI,202609041800,3.2,1.9,8.7,284
202609040900,coppet,CGI,202609041900,2.2,1.2,6.4,277
202609040900,coppet,CGI,202609042000,1.9,1.2,3.6,264
202609040900,coppet,CGI,202609042100,1.8,1.1,3.1,275
202609040900,coppet,CGI,202609042200,1.8,1.0,3.2,272
202609040900,coppet,CGI,202609042300,1.7,1.0,3.0,272
202609040900,coppet,CGI,202609050000,2.1,1.1,4.0,281
202609040900,coppet,CGI,202609050100,2.0,1.2,3.5,262
202609040900,coppet,CGI,202609050200,2.1,1.1,3.1,255
202609040900,coppet,CGI,202609050300,2.4,1.2,3.3,253
202609040900,coppet,CGI,202609050400,2.3,1.4,3.3,243
202609040900,coppet,CGI,202609050500,2.3,1.3,3.0,246
202609040900,coppet,CGI,202609050600,2.0,1.1,2.6,255
202609040900,coppet,CGI,202609050700,1.8,1.0,2.6,214
202609040900,coppet,CGI,202609050800,2.6,1.3,5.2,190
202609040900,coppet,CGI,202609050900,2.5,1.5,4.9,168
202609040900,coppet,CGI,202609051000,2.9,1.8,8.4,142
202609040900,coppet,CGI,202609051100,3.8,2.4,9.9,135
202609040900,coppet,CGI,202609051200,4.3,2.7,11.1,140
202609040900,coppet,CGI,202609051300,4.4,2.8,13.1,183
202609040900,coppet,CGI,202609051400,5.0,3.2,13.2,276
202609040900,coppet,CGI,202609051500,5.8,3.8,13.7,302
202609040900,coppet,CGI,202609051600,6.3,4.3,12.8,303
202609040900,coppet,CGI,202609051700,4.3,2.6,11.7,321
202609040900,coppet,CGI,202609051800,2.6,1.5,8.9,355
202609040900,coppet,CGI,202609051900,3.7,1.8,8.2,21
202609040900,coppet,CGI,202609052000,3.3,1.8,8.6,12
202609040900,coppet,CGI,202609052100,3.5,1.9,9.0,354
202609040900,coppet,CGI,202609052200,3.2,1.8,8.2,356
202609040900,coppet,CGI,202609052300,2.6,1.4,7.2,353
202609040900,coppet,CGI,202609060000,2.4,1.3,4.8,348
202609040900,coppet,CGI,202609060100,2.5,1.3,3.9,344
202609040900,coppet,CGI,202609060200,2.2,1.2,4.4,357
202609040900,coppet,CGI,202609060300,2.5,1.5,4.1,351
202609040900,coppet,CGI,202609060400,2.4,1.3,3.3,345
202609040900,coppet,CGI,202609060500,2.2,1.1,3.4,359
202609040900,coppet,CGI,202609060600,2.4,1.3,3.6,359
202609040900,coppet,CGI,202609060700,2.4,1.1,7.2,54
202609040900,coppet,CGI,202609060800,3.9,2.1,9.7,56
202609040900,coppet,CGI,202609060900,4.7,2.6,11.1,57
202609040900,coppet,CGI,202609061000,4.3,2.6,11.0,59
202609040900,coppet,CGI,202609061100,4.0,2.3,10.0,58
202609040900,coppet,CGI,202609061200,4.3,2.5,9.8,62
202609040900,coppet,CGI,202609061300,3.7,2.2,9.0,71
202609040900,coppet,CGI,202609061400,3.8,2.4,8.9,66
202609040900,coppet,CGI,202609061500,3.6,2.1,9.0,52
202609040900,coppet,CGI,202609061600,3.8,2.3,8.6,43
202609040900,coppet,CGI,202609061700,3.2,2.0,8.5,31
202609040900,coppet,CGI,202609061800,2.6,1.6,5.5,5
202609040900,coppet,CGI,202609061900,2.7,1.6,4.3,330
202609040900,coppet,CGI,202609062000,1.9,1.0,3.9,322
202609040900,coppet,CGI,202609062100,1.9,1.0,3.2,303
202609040900,coppet,CGI,202609062200,1.9,1.1,3.3,299
202609040900,coppet,CGI,202609062300,1.7,0.8,2.9,293
202609040900,coppet,CGI,202609070000,1.7,0.9,3.5,271
202609040900,coppet,CGI,202609070100,1.7,0.9,2.7,270
202609040900,coppet,CGI,202609070200,1.8,1.0,3.5,256
202609040900,coppet,CGI,202609070300,1.9,1.0,3.6,265
202609040900,coppet,CGI,202609070400,2.1,1.0,3.1,250
202609040900,coppet,CGI,202609070500,2.0,1.0,3.5,253
202609040900,coppet,CGI,202609070600,2.2,1.2,3.2,260
202609040900,coppet,CGI,202609070700,2.2,1.1,4.6,228
202609040900,coppet,CGI,202609070800,2.5,1.4,4.5,208
202609040900,coppet,CGI,202609070900,3.0,1.6,7.6,207
202609040900,coppet,CGI,202609071000,3.9,2.1,9.9,194
202609040900,coppet,CGI,202609071100,5.1,2.9,11.6,192
202609040900,coppet,CGI,202609071200,5.8,3.7,11.8,187
202609040900,coppet,CGI,202609071300,6.0,3.7,13.8,197
202609040900,coppet,CGI,202609071400,6.4,4.5,15.2,215
202609040900,coppet,CGI,202609071500,5.7,3.7,15.3,250
202609040900,coppet,CGI,202609071600,5.7,3.6,14.2,261
202609040900,coppet,CGI,202609071700,3.8,2.2,10.8,272
202609040900,coppet,CGI,202609071800,3.0,1.6,8.6,280
202609040900,coppet,CGI,202609071900,2.5,1.3,8.4,257
202609040900,coppet,CGI,202609072000,2.0,1.1,4.8,254
202609040900,coppet,CGI,202609072100,1.8,0.9,4.3,287
202609040900,coppet,CGI,202609072200,1.8,1.0,3.7,275
202609040900,coppet,CGI,202609072300,1.6,0.8,2.6,267
202609040900,coppet,CGI,202609080000,1.8,0.9,2.8,275
202609040900,coppet,CGI,202609080100,1.7,0.8,2.5,265
202609040900,coppet,CGI,202609080200,1.9,1.0,2.8,249
202609040900,coppet,CGI,202609080300,1.8,1.1,2.4,253
202609040900,coppet,CGI,202609080400,2.1,1.0,2.9,243
202609040900,coppet,CGI,202609080500,2.1,1.1,2.8,239
202609040900,coppet,CGI,202609080600,1.9,1.0,2.9,238
202609040900,coppet,CGI,202609080700,2.5,1.3,3.9,212
202609040900,coppet,CGI,202609080800,3.1,1.8,6.3,201
202609040900,coppet,CGI,202609080900,4.1,2.4,9.3,203
202609040900,coppet,CGI,202609081000,5.0,3.0,11.7,206
202609040900,coppet,CGI,202609081100,6.1,3.7,14.7,214
202609040900,coppet,CGI,202609081200,7.0,4.3,15.3,224
202609040900,coppet,CGI,202609081300,7.1,4.7,16.7,237
202609040900,coppet,CGI,202609081400,8.0,4.9,17.3,254
202609040900,coppet,CGI,202609081500,7.8,5.2,16.6,253
202609040900,coppet,CGI,202609081600,6.6,4.3,16.9,254
202609040900,coppet,CGI,202609081700,4.6,2.8,14.7,263
202609040900,coppet,CGI,202609081800,3.2,1.8,11.4,276
202609040900,coppet,CGI,202609081900,2.7,1.5,9.8,264
202609040900,coppet,CGI,202609082000,2.5,1.5,8.4,261
202609040900,coppet,CGI,202609082100,2.5,1.3,7.3,265
202609040900,coppet,CGI,202609082200,2.7,1.3,7.6,256
202609040900,coppet,CGI,202609082300,2.5,1.2,8.2,252
202609040900,coppet,CGI,202609090000,2.6,1.3,7.9,251
202609040900,coppet,CGI,202609090100,1.8,0.8,7.6,224
202609040900,coppet,CGI,202609090200,1.6,0.7,6.7,232
202609040900,coppet,CGI,202609090300,1.8,0.7,6.4,230
202609040900,coppet,CGI,202609090400,1.8,0.8,6.7,224
202609040900,coppet,CGI,202609090500,1.8,0.8,7.2,222
202609040900,coppet,CGI,202609090600,2.2,1.0,7.3,218
202609040900,coppet,CGI,202609090700,2.2,1.0,7.6,218
202609040900,coppet,CGI,202609090800,2.6,1.2,7.8,212
202609040900,coppet,CGI,202609090900,2.9,1.4,9.1,204
202609040900,coppet,CGI,202609091000,3.1,1.5,9.4,200
202609040900,coppet,CGI,202609091100,3.5,1.7,9.7,215
202609040900,coppet,CGI,202609091200,3.9,2.1,9.9,186
202609040900,coppet,CGI,202609091300,4.1,2.1,12.2,183
202609040900,coppet,CGI,202609091400,4.3,2.2,11.4,220
202609040900,coppet,CGI,202609091500,4.1,2.1,11.3,236
202609040900,coppet,CGI,202609091600,3.7,1.8,10.7,305
202609040900,coppet,CGI,202609091700,3.2,1.6,9.7,19
202609040900,coppet,CGI,202609091800,2.8,1.2,9.1,28
202609040900,coppet,CGI,202609091900,2.9,1.3,8.9,29
202609040900,coppet,CGI,202609092000,2.5,1.1,8.3,35
202609040900,coppet,CGI,202609092100,2.1,0.9,8.0,21
202609040900,coppet,CGI,202609092200,2.2,1.0,7.7,26
202609040900,coppet,CGI,202609092300,2.1,0.9,7.9,35
202609040900,coppet,CGI,202609100000,2.1,0.9,7.1,26
202609040900,coppet,CGI,202609100100,2.3,0.9,7.8,29
202609040900,coppet,CGI,202609100200,2.1,0.8,7.4,20
202609040900,coppet,CGI,202609100300,2.2,0.9,7.5,31
202609040900,coppet,CGI,202609100400,2.3,1.0,7.1,36
202609040900,coppet,CGI,202609100500,2.5,1.0,7.8,33
202609040900,coppet,CGI,202609100600,2.5,1.1,8.6,43
202609040900,coppet,CGI,202609100700,2.7,1.1,8.4,36
202609040900,coppet,CGI,202609100800,2.9,1.3,8.7,49
202609040900,coppet,CGI,202609100900,3.1,1.5,8.9,43
202609040900,coppet,CGI,202609101000,3.6,1.6,9.4,62
202609040900,coppet,CGI,202609101100,4.0,1.8,11.0,68
202609040900,coppet,CGI,202609101200,4.3,1.9,11.6,59
202609040900,coppet,CGI,202609101300,4.2,2.1,11.9,69
202609040900,coppet,CGI,202609101400,4.2,2.0,12.6,70
202609040900,coppet,CGI,202609101500,4.1,2.2,11.3,45
202609040900,coppet,CGI,202609101600,3.9,1.8,11.2,44
202609040900,coppet,CGI,202609101700,3.4,1.6,11.2,31
202609040900,coppet,CGI,202609101800,3.2,1.5,10.6,9
202609040900,coppet,CGI,202609101900,2.9,1.1,10.0,23
202609040900,coppet,CGI,202609102000,2.7,1.1,9.2,24
202609040900,coppet,CGI,202609102100,2.3,1.0,8.0,22
202609040900,coppet,CGI,202609102200,2.4,1.0,8.4,32
202609040900,coppet,CGI,202609102300,2.2,0.9,7.7,16
202609040900,coppet,CGI,202609110000,2.2,1.0,7.9,359
202609040900,coppet,CGI,202609110100,2.2,0.9,8.2,17
202609040900,coppet,CGI,202609110200,2.2,0.9,7.6,37
202609040900,coppet,CGI,202609110300,2.1,0.9,8.4,5
202609040900,coppet,CGI,202609110400,2.3,0.9,8.6,331
202609040900,coppet,CGI,202609110500,2.4,1.0,7.9,178
202609040900,coppet,CGI,202609110600,2.4,1.0,8.6,219
202609040900,coppet,CGI,202609110700,2.9,1.2,8.7,185
202609040900,coppet,CGI,202609110800,2.7,1.2,8.3,209
202609040900,coppet,CGI,202609110900,3.1,1.5,9.2,178
202609040900,coppet,CGI,202609111000,3.2,1.5,9.8,185
202609040900,coppet,CGI,202609111100,4.0,1.8,10.6,189
202609040900,coppet,CGI,202609111200,4.3,2.1,11.4,180
202609040900,coppet,CGI,202609111300,4.0,2.0,11.7,197
202609040900,coppet,CGI,202609111400,4.0,2.1,11.8,201
202609040900,coppet,CGI,202609111500,3.7,1.8,11.6,212
202609040900,coppet,CGI,202609111600,3.6,1.7,11.3,231
202609040900,coppet,CGI,202609111700,3.5,1.6,10.5,240
202609040900,coppet,CGI,202609111800,3.1,1.6,11.0,227
202609040900,coppet,CGI,202609111900,2.8,1.3,9.7,240
202609040900,coppet,CGI,202609112000,2.5,1.1,9.0,230
202609040900,coppet,CGI,202609112100,2.2,1.0,9.0,229
202609040900,coppet,CGI,202609112200,2.2,0.9,8.2,222
202609040900,coppet,CGI,202609112300,2.2,0.9,8.2,217
202609040900,coppet,CGI,202609120000,1.9,0.9,7.7,226
202609040900,coppet,CGI,202609120100,2.0,0.8,7.6,220
202609040900,coppet,CGI,202609120200,1.9,0.8,6.5,217
202609040900,coppet,CGI,202609120300,1.7,0.7,7.7,216
202609040900,coppet,CGI,202609120400,2.1,0.9,7.7,226
202609040900,coppet,CGI,202609120500,1.9,0.9,7.5,219
202609040900,coppet,CGI,202609120600,2.0,0.9,8.4,225
202609040900,coppet,CGI,202609120700,2.3,1.0,8.3,212
202609040900,coppet,CGI,202609120800,2.5,1.1,7.6,206
202609040900,coppet,CGI,202609120900,2.7,1.3,8.6,205
202609040900,coppet,CGI,202609121000,3.1,1.4,10.0,203
202609040900,coppet,CGI,202609121100,3.8,1.8,9.9,212
202609040900,coppet,CGI,202609121200,4.4,2.1,10.6,199
202609040900,coppet,CGI,202609121300,3.8,2.1,11.0,205
202609040900,coppet,CGI,202609121400,3.8,1.8,10.2,207
202609040900,coppet,CGI,202609121500,3.6,1.7,11.3,226
202609040900,coppet,CGI,202609121600,3.3,1.5,11.0,227
202609040900,coppet,CGI,202609121700,3.1,1.6,11.0,235
202609040900,coppet,CGI,202609121800,2.8,1.2,10.2,243
202609040900,coppet,CGI,202609121900,2.5,1.2,8.7,243
202609040900,coppet,CGI,202609122000,2.3,1.0,7.9,228
202609040900,coppet,CGI,202609122100,2.4,1.1,7.8,279
202609040900,coppet,CGI,202609122200,2.2,1.0,8.2,260
202609040900,coppet,CGI,202609122300,1.9,0.8,7.5,301
202609040900,coppet,CGI,202609130000,2.1,0.9,8.0,308
202609040900,nyon,CGI,202609032200,4.2,4.2,6.8,10
202609040900,nyon,CGI,202609032300,3.7,3.7,6.8,305
202609040900,nyon,CGI,202609040000,2.5,2.5,5.1,320
202609040900,nyon,CGI,202609040100,2.7,2.7,4.6,339
202609040900,nyon,CGI,202609040200,3.3,3.3,4.6,346
202609040900,nyon,CGI,202609040300,3.7,3.7,5.5,316
202609040900,nyon,CGI,202609040400,3.1,3.1,5.5,331
202609040900,nyon,CGI,202609040500,3.5,3.5,5.1,342
202609040900,nyon,CGI,202609040600,3.3,3.3,5.1,324
202609040900,nyon,CGI,202609040700,1.9,1.9,4.5,238
202609040900,nyon,CGI,202609040800,1.9,1.9,4.6,197
202609040900,nyon,CGI,202609040900,2.6,2.6,6.0,195
202609040900,nyon,CGI,202609041000,2.4,1.5,6.3,171
202609040900,nyon,CGI,202609041100,2.8,1.7,6.5,160
202609040900,nyon,CGI,202609041200,3.0,1.7,6.7,152
202609040900,nyon,CGI,202609041300,2.9,1.5,6.7,143
202609040900,nyon,CGI,202609041400,2.8,1.3,6.8,131
202609040900,nyon,CGI,202609041500,3.5,2.1,9.2,169
202609040900,nyon,CGI,202609041600,3.9,2.3,10.0,243
202609040900,nyon,CGI,202609041700,3.6,2.2,11.0,264
202609040900,nyon,CGI,202609041800,2.8,1.7,8.6,284
202609040900,nyon,CGI,202609041900,2.9,1.6,9.1,302
202609040900,nyon,CGI,202609042000,2.6,1.5,8.2,298
202609040900,nyon,CGI,202609042100,2.0,1.1,3.6,291
202609040900,nyon,CGI,202609042200,1.7,0.9,4.0,309
202609040900,nyon,CGI,202609042300,1.7,0.9,2.9,301
202609040900,nyon,CGI,202609050000,2.0,1.1,3.4,308
202609040900,nyon,CGI,202609050100,2.1,1.2,3.1,306
202609040900,nyon,CGI,202609050200,1.8,1.0,2.9,302
202609040900,nyon,CGI,202609050300,1.7,0.9,2.7,302
202609040900,nyon,CGI,202609050400,1.7,0.9,2.6,311
202609040900,nyon,CGI,202609050500,2.0,1.1,2.8,311
202609040900,nyon,CGI,202609050600,1.7,1.0,2.5,301
202609040900,nyon,CGI,202609050700,1.5,0.8,2.1,202
202609040900,nyon,CGI,202609050800,1.8,1.0,2.6,163
202609040900,nyon,CGI,202609050900,2.4,1.3,4.5,149
202609040900,nyon,CGI,202609051000,3.3,2.1,9.1,131
202609040900,nyon,CGI,202609051100,4.2,2.9,10.7,133
202609040900,nyon,CGI,202609051200,4.5,2.9,11.7,141
202609040900,nyon,CGI,202609051300,4.8,3.1,12.0,173
202609040900,nyon,CGI,202609051400,4.6,3.2,12.2,298
202609040900,nyon,CGI,202609051500,4.9,3.3,13.6,301
202609040900,nyon,CGI,202609051600,6.2,3.9,13.1,307
202609040900,nyon,CGI,202609051700,5.3,3.2,12.3,319
202609040900,nyon,CGI,202609051800,3.4,1.9,9.3,338
202609040900,nyon,CGI,202609051900,2.8,1.4,8.7,14
202609040900,nyon,CGI,202609052000,3.2,1.8,8.2,0
202609040900,nyon,CGI,202609052100,3.5,2.0,8.4,344
202609040900,nyon,CGI,202609052200,3.3,1.8,8.4,351
202609040900,nyon,CGI,202609052300,3.2,1.9,7.9,346
202609040900,nyon,CGI,202609060000,2.9,1.6,6.5,2
202609040900,nyon,CGI,202609060100,3.1,1.7,7.6,3
202609040900,nyon,CGI,202609060200,2.9,1.6,4.6,358
202609040900,nyon,CGI,202609060300,2.8,1.5,5.1,3
202609040900,nyon,CGI,202609060400,2.8,1.5,5.0,1
202609040900,nyon,CGI,202609060500,2.7,1.5,4.2,1
202609040900,nyon,CGI,202609060600,2.7,1.5,4.6,14
202609040900,nyon,CGI,202609060700,2.8,1.5,5.6,84
202609040900,nyon,CGI,202609060800,3.1,1.5,8.4,83
202609040900,nyon,CGI,202609060900,3.5,1.9,9.7,78
202609040900,nyon,CGI,202609061000,4.0,2.4,10.0,88
202609040900,nyon,CGI,202609061100,4.3,2.5,10.0,89
202609040900,nyon,CGI,202609061200,4.0,2.6,9.4,95
202609040900,nyon,CGI,202609061300,4.2,2.6,9.7,89
202609040900,nyon,CGI,202609061400,3.9,2.3,9.2,98
202609040900,nyon,CGI,202609061500,3.4,2.2,9.0,87
202609040900,nyon,CGI,202609061600,3.2,2.0,8.6,76
202609040900,nyon,CGI,202609061700,2.6,1.4,6.8,58
202609040900,nyon,CGI,202609061800,2.1,1.2,3.6,329
202609040900,nyon,CGI,202609061900,2.6,1.6,4.6,323
202609040900,nyon,CGI,202609062000,2.2,1.1,4.0,316
202609040900,nyon,CGI,202609062100,2.1,1.2,3.4,305
202609040900,nyon,CGI,202609062200,2.1,1.1,3.2,327
202609040900,nyon,CGI,202609062300,2.0,1.0,3.0,302
202609040900,nyon,CGI,202609070000,1.8,1.0,3.1,296
202609040900,nyon,CGI,202609070100,2.1,1.0,3.4,290
202609040900,nyon,CGI,202609070200,2.1,1.0,3.6,292
202609040900,nyon,CGI,202609070300,1.8,0.9,3.4,269
202609040900,nyon,CGI,202609070400,2.1,1.1,4.5,286
202609040900,nyon,CGI,202609070500,2.1,1.0,3.9,294
202609040900,nyon,CGI,202609070600,2.1,1.1,3.9,286
202609040900,nyon,CGI,202609070700,1.9,1.0,3.6,244
202609040900,nyon,CGI,202609070800,2.3,1.3,4.2,203
202609040900,nyon,CGI,202609070900,3.5,1.8,9.0,191
202609040900,nyon,CGI,202609071000,4.5,2.5,10.5,192
202609040900,nyon,CGI,202609071100,5.6,3.5,12.8,183
202609040900,nyon,CGI,202609071200,6.0,3.9,14.6,180
202609040900,nyon,CGI,202609071300,6.4,3.8,15.4,197
202609040900,nyon,CGI,202609071400,6.2,4.0,15.1,221
202609040900,nyon,CGI,202609071500,6.0,3.8,16.0,240
202609040900,nyon,CGI,202609071600,5.0,3.2,14.9,243
202609040900,nyon,CGI,202609071700,3.7,1.9,11.0,266
202609040900,nyon,CGI,202609071800,3.3,1.8,9.6,293
202609040900,nyon,CGI,202609071900,3.0,1.6,9.5,285
202609040900,nyon,CGI,202609072000,2.1,1.0,8.3,295
202609040900,nyon,CGI,202609072100,2.0,1.0,4.5,301
202609040900,nyon,CGI,202609072200,2.2,1.0,4.7,298
202609040900,nyon,CGI,202609072300,2.0,1.0,3.9,286
202609040900,nyon,CGI,202609080000,1.6,0.8,3.1,293
202609040900,nyon,CGI,202609080100,1.6,0.8,2.4,281
202609040900,nyon,CGI,202609080200,1.5,0.8,2.4,293
202609040900,nyon,CGI,202609080300,1.6,0.8,2.7,275
202609040900,nyon,CGI,202609080400,1.6,0.8,2.6,284
202609040900,nyon,CGI,202609080500,1.5,0.8,2.2,289
202609040900,nyon,CGI,202609080600,1.5,0.8,2.4,269
202609040900,nyon,CGI,202609080700,1.6,0.9,2.4,204
202609040900,nyon,CGI,202609080800,2.5,1.3,5.7,186
202609040900,nyon,CGI,202609080900,3.9,2.2,9.1,175
202609040900,nyon,CGI,202609081000,5.5,3.2,12.5,200
202609040900,nyon,CGI,202609081100,6.4,4.1,15.6,216
202609040900,nyon,CGI,202609081200,7.0,4.6,17.3,227
202609040900,nyon,CGI,202609081300,7.2,4.7,17.9,241
202609040900,nyon,CGI,202609081400,6.9,4.8,18.0,252
202609040900,nyon,CGI,202609081500,7.5,4.8,17.4,253
202609040900,nyon,CGI,202609081600,7.1,4.3,18.5,259
202609040900,nyon,CGI,202609081700,5.0,2.8,16.4,271
202609040900,nyon,CGI,202609081800,3.8,2.1,13.0,287
202609040900,nyon,CGI,202609081900,3.0,1.6,13.2,279
202609040900,nyon,CGI,202609082000,3.0,1.5,10.9,273
202609040900,nyon,CGI,202609082100,2.5,1.2,8.2,271
202609040900,nyon,CGI,202609082200,2.4,1.2,8.5,262
202609040900,nyon,CGI,202609082300,2.3,1.2,8.9,258
202609040900,nyon,CGI,202609090000,2.5,1.2,8.1,251
202609040900,nyon,CGI,202609090100,1.9,0.8,8.3,239
202609040900,nyon,CGI,202609090200,1.8,0.8,7.4,241
202609040900,nyon,CGI,202609090300,2.0,0.9,8.0,239
202609040900,nyon,CGI,202609090400,2.1,0.9,8.2,229
202609040900,nyon,CGI,202609090500,2.1,1.0,7.5,236
202609040900,nyon,CGI,202609090600,2.3,1.1,8.1,231
202609040900,nyon,CGI,202609090700,2.3,1.1,8.0,236
202609040900,nyon,CGI,202609090800,2.7,1.1,8.6,219
202609040900,nyon,CGI,202609090900,3.1,1.5,9.4,219
202609040900,nyon,CGI,202609091000,3.5,1.7,10.0,215
202609040900,nyon,CGI,202609091100,3.6,1.6,10.1,223
202609040900,nyon,CGI,202609091200,3.8,1.9,11.0,218
202609040900,nyon,CGI,202609091300,4.1,2.1,12.4,215
202609040900,nyon,CGI,202609091400,4.2,2.1,12.5,247
202609040900,nyon,CGI,202609091500,4.3,2.1,12.1,257
202609040900,nyon,CGI,202609091600,3.8,1.9,11.3,267
202609040900,nyon,CGI,202609091700,3.2,1.7,10.6,323
202609040900,nyon,CGI,202609091800,2.8,1.3,9.9,349
202609040900,nyon,CGI,202609091900,2.7,1.2,8.7,354
202609040900,nyon,CGI,202609092000,2.4,1.0,7.6,6
202609040900,nyon,CGI,202609092100,2.6,1.1,7.0,20
202609040900,nyon,CGI,202609092200,1.9,0.8,7.3,32
202609040900,nyon,CGI,202609092300,2.5,1.0,7.5,14
202609040900,nyon,CGI,202609100000,2.1,0.9,7.7,19
202609040900,nyon,CGI,202609100100,2.5,1.0,6.9,29
202609040900,nyon,CGI,202609100200,2.3,0.9,8.1,23
202609040900,nyon,CGI,202609100300,2.3,1.0,7.8,32
202609040900,nyon,CGI,202609100400,2.4,1.0,7.9,33
202609040900,nyon,CGI,202609100500,2.2,0.9,8.2,34
202609040900,nyon,CGI,202609100600,2.4,1.0,8.0,28
202609040900,nyon,CGI,202609100700,2.8,1.2,8.4,46
202609040900,nyon,CGI,202609100800,2.4,1.1,8.6,55
202609040900,nyon,CGI,202609100900,3.0,1.5,9.2,55
202609040900,nyon,CGI,202609101000,3.4,1.7,10.4,67
202609040900,nyon,CGI,202609101100,3.6,1.8,11.3,78
202609040900,nyon,CGI,202609101200,4.4,2.2,12.7,88
202609040900,nyon,CGI,202609101300,4.4,2.4,12.7,72
202609040900,nyon,CGI,202609101400,4.3,2.3,12.5,68
202609040900,nyon,CGI,202609101500,3.9,1.9,12.1,59
202609040900,nyon,CGI,202609101600,3.8,1.8,11.7,48
202609040900,nyon,CGI,202609101700,3.8,1.7,11.9,41
202609040900,nyon,CGI,202609101800,3.0,1.4,11.1,18
202609040900,nyon,CGI,202609101900,3.2,1.4,10.0,8
202609040900,nyon,CGI,202609102000,2.9,1.2,9.4,9
202609040900,nyon,CGI,202609102100,3.0,1.2,8.5,21
202609040900,nyon,CGI,202609102200,2.6,1.1,9.1,11
202609040900,nyon,CGI,202609102300,2.7,1.1,8.6,12
202609040900,nyon,CGI,202609110000,2.6,1.1,8.4,15
202609040900,nyon,CGI,202609110100,2.6,1.0,7.8,25
202609040900,nyon,CGI,202609110200,2.6,0.9,8.6,10
202609040900,nyon,CGI,202609110300,2.5,1.0,8.8,12
202609040900,nyon,CGI,202609110400,2.8,1.1,8.5,31
202609040900,nyon,CGI,202609110500,2.7,1.1,8.9,15
202609040900,nyon,CGI,202609110600,2.9,1.2,9.1,46
202609040900,nyon,CGI,202609110700,2.9,1.1,9.3,74
202609040900,nyon,CGI,202609110800,3.0,1.3,9.3,180
202609040900,nyon,CGI,202609110900,3.2,1.6,9.8,182
202609040900,nyon,CGI,202609111000,3.7,1.8,10.2,165
202609040900,nyon,CGI,202609111100,4.2,2.1,11.8,178
202609040900,nyon,CGI,202609111200,4.6,2.2,11.6,182
202609040900,nyon,CGI,202609111300,4.3,2.1,12.4,197
202609040900,nyon,CGI,202609111400,4.4,2.3,13.2,206
202609040900,nyon,CGI,202609111500,4.0,2.1,13.2,216
202609040900,nyon,CGI,202609111600,3.6,1.7,12.2,226
202609040900,nyon,CGI,202609111700,3.8,1.7,11.5,245
202609040900,nyon,CGI,202609111800,3.3,1.5,11.4,247
202609040900,nyon,CGI,202609111900,3.1,1.3,10.0,244
202609040900,nyon,CGI,202609112000,2.8,1.5,8.9,246
202609040900,nyon,CGI,202609112100,2.7,1.1,8.6,245
202609040900,nyon,CGI,202609112200,2.4,1.0,8.5,238
202609040900,nyon,CGI,202609112300,2.2,0.9,8.6,238
202609040900,nyon,CGI,202609120000,2.3,0.9,7.7,241
202609040900,nyon,CGI,202609120100,2.2,0.9,8.1,237
202609040900,nyon,CGI,202609120200,2.3,1.0,8.2,235
202609040900,nyon,CGI,202609120300,2.0,0.8,7.7,236
202609040900,nyon,CGI,202609120400,2.1,0.9,7.8,228
202609040900,nyon,CGI,202609120500,2.2,0.9,8.5,238
202609040900,nyon,CGI,202609120600,2.3,1.0,8.3,229
202609040900,nyon,CGI,202609120700,2.3,1.0,7.9,220
202609040900,nyon,CGI,202609120800,2.6,1.2,8.4,220
202609040900,nyon,CGI,202609120900,2.9,1.3,9.1,208
202609040900,nyon,CGI,202609121000,3.2,1.3,10.5,215
202609040900,nyon,CGI,202609121100,3.6,1.7,11.1,215
202609040900,nyon,CGI,202609121200,4.2,2.2,12.0,215
202609040900,nyon,CGI,202609121300,4.2,1.9,11.9,208
202609040900,nyon,CGI,202609121400,3.9,1.9,12.5,212
202609040900,nyon,CGI,202609121500,3.9,1.8,12.1,230
202609040900,nyon,CGI,202609121600,3.2,1.7,11.3,237
202609040900,nyon,CGI,202609121700,3.4,1.5,11.9,240
202609040900,nyon,CGI,202609121800,3.1,1.4,9.8,245
202609040900,nyon,CGI,202609121900,2.7,1.2,10.0,243
202609040900,nyon,CGI,202609122000,2.6,1.2,9.2,269
202609040900,nyon,CGI,202609122100,2.4,1.0,8.3,267
202609040900,nyon,CGI,202609122200,2.5,1.1,8.3,259
202609040900,nyon,CGI,202609122300,2.3,0.9,7.8,265
202609040900,nyon,CGI,202609130000,2.5,1.1,8.0,298
202609040900,preverenges,PRE,202609032200,2.5,2.5,5.2,338
202609040900,preverenges,PRE,202609032300,3.9,3.9,5.2,346
202609040900,preverenges,PRE,202609040000,3.3,3.3,7.0,305
202609040900,preverenges,PRE,202609040100,4.4,4.4,7.2,303
202609040900,preverenges,PRE,202609040200,3.5,3.5,7.2,314
202609040900,preverenges,PRE,202609040300,3.6,3.6,5.6,321
202609040900,preverenges,PRE,202609040400,4.0,4.0,5.6,327
202609040900,preverenges,PRE,202609040500,3.3,3.3,5.5,320
202609040900,preverenges,PRE,202609040600,3.6,3.6,5.6,327
202609040900,preverenges,PRE,202609040700,2.7,2.7,5.6,308
202609040900,preverenges,PRE,202609040800,1.8,1.8,5.1,229
202609040900,preverenges,PRE,202609040900,3.3,3.3,5.9,210
202609040900,preverenges,PRE,202609041000,3.5,2.4,6.7,193
202609040900,preverenges,PRE,202609041100,3.7,2.6,7.8,181
202609040900,preverenges,PRE,202609041200,3.8,2.5,8.2,170
202609040900,preverenges,PRE,202609041300,3.3,2.3,7.2,162
202609040900,preverenges,PRE,202609041400,2.9,1.6,6.4,150
202609040900,preverenges,PRE,202609041500,3.0,1.8,8.7,140
202609040900,preverenges,PRE,202609041600,3.3,1.8,7.8,178
202609040900,preverenges,PRE,202609041700,2.4,1.3,6.5,204
202609040900,preverenges,PRE,202609041800,2.1,1.2,4.0,246
202609040900,preverenges,PRE,202609041900,3.0,1.8,6.0,296
202609040900,preverenges,PRE,202609042000,3.3,1.9,5.7,306
202609040900,preverenges,PRE,202609042100,3.0,1.7,6.6,309
202609040900,preverenges,PRE,202609042200,3.2,1.8,6.4,317
202609040900,preverenges,PRE,202609042300,3.0,1.7,5.6,317
202609040900,preverenges,PRE,202609050000,2.9,1.7,4.9,322
202609040900,preverenges,PRE,202609050100,2.9,1.6,4.9,314
202609040900,preverenges,PRE,202609050200,2.9,1.6,3.8,310
202609040900,preverenges,PRE,202609050300,2.9,1.7,4.0,315
202609040900,preverenges,PRE,202609050400,2.9,1.6,4.4,321
202609040900,preverenges,PRE,202609050500,3.1,1.7,4.3,320
202609040900,preverenges,PRE,202609050600,2.5,1.5,3.7,324
202609040900,preverenges,PRE,202609050700,1.5,0.9,2.6,333
202609040900,preverenges,PRE,202609050800,1.7,0.9,2.9,181
202609040900,preverenges,PRE,202609050900,2.2,1.2,4.8,163
202609040900,preverenges,PRE,202609051000,2.6,1.6,6.6,143
202609040900,preverenges,PRE,202609051100,3.2,1.9,8.4,135
202609040900,preverenges,PRE,202609051200,3.8,2.2,9.3,130
202609040900,preverenges,PRE,202609051300,3.7,2.3,9.0,128
202609040900,preverenges,PRE,202609051400,3.7,2.3,9.9,119
202609040900,preverenges,PRE,202609051500,4.1,2.3,10.8,81
202609040900,preverenges,PRE,202609051600,3.9,2.2,9.6,33
202609040900,preverenges,PRE,202609051700,4.5,2.4,10.6,19
202609040900,preverenges,PRE,202609051800,6.3,3.6,12.6,16
202609040900,preverenges,PRE,202609051900,6.1,3.5,12.7,9
202609040900,preverenges,PRE,202609052000,6.0,3.3,11.5,7
202609040900,preverenges,PRE,202609052100,6.1,3.7,11.6,2
202609040900,preverenges,PRE,202609052200,6.9,3.9,12.6,7
202609040900,preverenges,PRE,202609052300,6.6,3.9,12.4,8
202609040900,preverenges,PRE,202609060000,7.1,3.8,13.2,8
202609040900,preverenges,PRE,202609060100,7.3,4.0,13.9,15
202609040900,preverenges,PRE,202609060200,7.6,4.2,13.4,15
202609040900,preverenges,PRE,202609060300,8.0,4.5,13.3,11
202609040900,preverenges,PRE,202609060400,8.2,4.6,14.0,13
202609040900,preverenges,PRE,202609060500,7.6,3.9,13.6,14
202609040900,preverenges,PRE,202609060600,7.8,4.8,14.0,16
202609040900,preverenges,PRE,202609060700,8.9,5.5,14.5,24
202609040900,preverenges,PRE,202609060800,8.2,4.9,14.6,27
202609040900,preverenges,PRE,202609060900,6.6,3.8,14.8,40
202609040900,preverenges,PRE,202609061000,5.0,3.0,12.5,53
202609040900,preverenges,PRE,202609061100,3.9,2.3,9.8,80
202609040900,preverenges,PRE,202609061200,3.3,1.8,8.9,119
202609040900,preverenges,PRE,202609061300,2.9,1.7,8.7,134
202609040900,preverenges,PRE,202609061400,2.9,1.8,8.4,133
202609040900,preverenges,PRE,202609061500,2.6,1.5,7.1,116
202609040900,preverenges,PRE,202609061600,2.6,1.3,6.0,93
202609040900,preverenges,PRE,202609061700,2.3,1.2,6.3,46
202609040900,preverenges,PRE,202609061800,2.6,1.5,5.9,359
202609040900,preverenges,PRE,202609061900,3.1,1.8,5.1,342
202609040900,preverenges,PRE,202609062000,3.3,1.7,6.2,345
202609040900,preverenges,PRE,202609062100,2.7,1.6,5.5,350
202609040900,preverenges,PRE,202609062200,2.6,1.3,4.5,352
202609040900,preverenges,PRE,202609062300,2.6,1.3,4.8,350
202609040900,preverenges,PRE,202609070000,2.5,1.5,3.6,332
202609040900,preverenges,PRE,202609070100,2.6,1.3,4.1,316
202609040900,preverenges,PRE,202609070200,2.5,1.2,4.2,308
202609040900,preverenges,PRE,202609070300,2.6,1.3,4.6,297
202609040900,preverenges,PRE,202609070400,2.6,1.2,6.9,284
202609040900,preverenges,PRE,202609070500,2.8,1.6,6.5,269
202609040900,preverenges,PRE,202609070600,2.9,1.4,6.9,280
202609040900,preverenges,PRE,202609070700,2.4,1.2,6.5,245
202609040900,preverenges,PRE,202609070800,2.8,1.5,8.0,217
202609040900,preverenges,PRE,202609070900,3.3,1.7,8.5,204
202609040900,preverenges,PRE,202609071000,3.6,1.9,8.2,203
202609040900,preverenges,PRE,202609071100,3.7,2.0,9.4,180
202609040900,preverenges,PRE,202609071200,4.1,2.3,8.9,165
202609040900,preverenges,PRE,202609071300,4.8,2.5,10.0,154
202609040900,preverenges,PRE,202609071400,4.4,2.5,10.3,151
202609040900,preverenges,PRE,202609071500,4.8,2.6,11.2,199
202609040900,preverenges,PRE,202609071600,4.0,2.1,10.8,211
202609040900,preverenges,PRE,202609071700,3.2,1.7,9.4,235
202609040900,preverenges,PRE,202609071800,3.0,1.6,8.4,276
202609040900,preverenges,PRE,202609071900,2.8,1.5,8.6,287
202609040900,preverenges,PRE,202609072000,2.8,1.6,7.7,300
202609040900,preverenges,PRE,202609072100,3.0,1.6,5.4,329
202609040900,preverenges,PRE,202609072200,2.9,1.7,5.1,337
202609040900,preverenges,PRE,202609072300,2.5,1.3,5.7,327
202609040900,preverenges,PRE,202609080000,2.7,1.5,4.2,329
202609040900,preverenges,PRE,202609080100,2.3,1.2,3.7,331
202609040900,preverenges,PRE,202609080200,2.2,1.2,3.2,326
202609040900,preverenges,PRE,202609080300,2.2,1.2,3.6,327
202609040900,preverenges,PRE,202609080400,2.3,1.2,3.3,333
202609040900,preverenges,PRE,202609080500,2.3,1.2,3.0,327
202609040900,preverenges,PRE,202609080600,2.4,1.3,3.3,326
202609040900,preverenges,PRE,202609080700,1.9,1.0,3.2,245
202609040900,preverenges,PRE,202609080800,2.8,1.4,6.5,217
202609040900,preverenges,PRE,202609080900,3.6,1.9,8.2,204
202609040900,preverenges,PRE,202609081000,4.1,2.4,10.0,206
202609040900,preverenges,PRE,202609081100,4.9,2.8,12.0,212
202609040900,preverenges,PRE,202609081200,6.0,3.5,13.1,215
202609040900,preverenges,PRE,202609081300,7.3,4.4,15.3,225
202609040900,preverenges,PRE,202609081400,7.2,4.5,16.6,233
202609040900,preverenges,PRE,202609081500,7.6,4.8,18.0,243
202609040900,preverenges,PRE,202609081600,6.9,4.0,17.0,252
202609040900,preverenges,PRE,202609081700,4.9,2.5,14.6,260
202609040900,preverenges,PRE,202609081800,3.5,1.8,12.4,268
202609040900,preverenges,PRE,202609081900,3.3,1.7,11.6,274
202609040900,preverenges,PRE,202609082000,3.5,1.7,10.5,281
202609040900,preverenges,PRE,202609082100,3.6,1.9,9.9,297
202609040900,preverenges,PRE,202609082200,3.9,2.0,9.3,282
202609040900,preverenges,PRE,202609082300,3.3,1.6,9.8,270
202609040900,preverenges,PRE,202609090000,3.7,1.9,10.2,261
202609040900,preverenges,PRE,202609090100,2.3,1.0,8.6,233
202609040900,preverenges,PRE,202609090200,2.4,1.0,7.6,246
202609040900,preverenges,PRE,202609090300,2.5,0.9,7.8,242
202609040900,preverenges,PRE,202609090400,2.5,1.0,8.0,242
202609040900,preverenges,PRE,202609090500,2.8,1.1,7.7,232
202609040900,preverenges,PRE,202609090600,2.9,1.2,7.8,225
202609040900,preverenges,PRE,202609090700,3.2,1.5,8.6,226
202609040900,preverenges,PRE,202609090800,3.6,1.5,9.6,212
202609040900,preverenges,PRE,202609090900,4.1,1.8,10.3,210
202609040900,preverenges,PRE,202609091000,4.1,1.9,9.9,210
202609040900,preverenges,PRE,202609091100,4.3,2.1,11.3,213
202609040900,preverenges,PRE,202609091200,4.6,2.2,13.0,228
202609040900,preverenges,PRE,202609091300,4.6,2.1,12.5,210
202609040900,preverenges,PRE,202609091400,4.7,2.2,11.8,230
202609040900,preverenges,PRE,202609091500,4.4,2.1,11.9,224
202609040900,preverenges,PRE,202609091600,3.9,1.9,10.6,263
202609040900,preverenges,PRE,202609091700,3.7,1.9,10.9,27
202609040900,preverenges,PRE,202609091800,3.6,1.7,9.5,29
202609040900,preverenges,PRE,202609091900,3.3,1.4,9.0,12
202609040900,preverenges,PRE,202609092000,3.0,1.3,7.9,4
202609040900,preverenges,PRE,202609092100,3.4,1.4,7.9,20
202609040900,preverenges,PRE,202609092200,2.9,1.2,8.0,19
202609040900,preverenges,PRE,202609092300,3.0,1.2,8.0,15
202609040900,preverenges,PRE,202609100000,3.2,1.3,7.7,15
202609040900,preverenges,PRE,202609100100,2.8,1.1,7.9,7
202609040900,preverenges,PRE,202609100200,3.3,1.3,8.2,19
202609040900,preverenges,PRE,202609100300,3.2,1.3,7.8,13
202609040900,preverenges,PRE,202609100400,3.4,1.5,7.7,15
202609040900,preverenges,PRE,202609100500,3.7,1.6,8.5,10
202609040900,preverenges,PRE,202609100600,3.3,1.3,8.6,13
202609040900,preverenges,PRE,202609100700,3.6,1.5,8.5,26
202609040900,preverenges,PRE,202609100800,3.6,1.5,8.6,34
202609040900,preverenges,PRE,202609100900,3.7,1.5,10.0,42
202609040900,preverenges,PRE,202609101000,3.8,1.9,11.2,46
202609040900,preverenges,PRE,202609101100,5.0,2.3,11.3,67
202609040900,preverenges,PRE,202609101200,5.5,2.7,13.1,71
202609040900,preverenges,PRE,202609101300,5.3,2.6,13.3,63
202609040900,preverenges,PRE,202609101400,5.1,2.6,14.7,55
202609040900,preverenges,PRE,202609101500,4.8,2.4,13.2,46
202609040900,preverenges,PRE,202609101600,4.7,2.2,13.4,32
202609040900,preverenges,PRE,202609101700,4.4,2.1,12.9,12
202609040900,preverenges,PRE,202609101800,4.8,2.3,12.1,14
202609040900,preverenges,PRE,202609101900,4.2,1.9,11.1,12
202609040900,preverenges,PRE,202609102000,3.7,1.7,9.7,11
202609040900,preverenges,PRE,202609102100,3.8,1.6,9.9,16
202609040900,preverenges,PRE,202609102200,3.5,1.6,9.1,3
202609040900,preverenges,PRE,202609102300,3.7,1.6,8.3,9
202609040900,preverenges,PRE,202609110000,3.6,1.5,9.3,359
202609040900,preverenges,PRE,202609110100,3.8,1.5,8.5,356
202609040900,preverenges,PRE,202609110200,3.6,1.3,9.4,6
202609040900,preverenges,PRE,202609110300,3.2,1.3,8.5,350
202609040900,preverenges,PRE,202609110400,3.5,1.4,8.9,347
202609040900,preverenges,PRE,202609110500,3.7,1.6,8.4,4
202609040900,preverenges,PRE,202609110600,4.0,1.7,8.9,350
202609040900,preverenges,PRE,202609110700,4.0,1.7,8.6,359
202609040900,preverenges,PRE,202609110800,3.9,1.6,9.8,259
202609040900,preverenges,PRE,202609110900,3.8,1.6,10.3,209
202609040900,preverenges,PRE,202609111000,4.0,1.8,12.1,208
202609040900,preverenges,PRE,202609111100,4.6,2.2,13.5,200
202609040900,preverenges,PRE,202609111200,5.5,2.6,13.9,201
202609040900,preverenges,PRE,202609111300,5.0,2.4,13.3,207
202609040900,preverenges,PRE,202609111400,4.8,2.3,13.4,217
202609040900,preverenges,PRE,202609111500,4.7,2.3,14.0,223
202609040900,preverenges,PRE,202609111600,4.6,2.1,12.5,241
202609040900,preverenges,PRE,202609111700,4.0,1.9,12.6,239
202609040900,preverenges,PRE,202609111800,3.9,1.8,11.9,247
202609040900,preverenges,PRE,202609111900,3.7,1.6,10.9,244
202609040900,preverenges,PRE,202609112000,3.5,1.5,10.0,239
202609040900,preverenges,PRE,202609112100,3.1,1.3,9.4,239
202609040900,preverenges,PRE,202609112200,3.0,1.2,9.4,247
202609040900,preverenges,PRE,202609112300,3.2,1.4,9.9,240
202609040900,preverenges,PRE,202609120000,2.9,1.2,8.1,237
202609040900,preverenges,PRE,202609120100,2.8,1.1,8.4,241
202609040900,preverenges,PRE,202609120200,2.8,1.1,8.6,237
202609040900,preverenges,PRE,202609120300,3.2,1.4,8.3,236
202609040900,preverenges,PRE,202609120400,2.9,1.2,7.7,241
202609040900,preverenges,PRE,202609120500,3.1,1.2,7.5,235
202609040900,preverenges,PRE,202609120600,3.1,1.3,9.0,239
202609040900,preverenges,PRE,202609120700,3.1,1.4,8.5,230
202609040900,preverenges,PRE,202609120800,3.3,1.6,9.0,227
202609040900,preverenges,PRE,202609120900,3.4,1.6,10.3,225
202609040900,preverenges,PRE,202609121000,4.0,1.9,10.7,213
202609040900,preverenges,PRE,202609121100,4.8,2.3,11.7,211
202609040900,preverenges,PRE,202609121200,5.6,2.6,13.1,216
202609040900,preverenges,PRE,202609121300,5.0,2.5,13.2,212
202609040900,preverenges,PRE,202609121400,4.6,2.1,12.7,219
202609040900,preverenges,PRE,202609121500,4.5,2.2,13.1,227
202609040900,preverenges,PRE,202609121600,4.1,1.8,12.7,241
202609040900,preverenges,PRE,202609121700,4.1,1.9,12.5,245
202609040900,preverenges,PRE,202609121800,3.9,1.8,12.4,278
202609040900,preverenges,PRE,202609121900,3.6,1.6,11.0,291
202609040900,preverenges,PRE,202609122000,3.5,1.6,10.5,256
202609040900,preverenges,PRE,202609122100,3.5,1.5,9.3,314
202609040900,preverenges,PRE,202609122200,2.9,1.1,8.5,314
202609040900,preverenges,PRE,202609122300,3.5,1.6,9.0,314
202609040900,preverenges,PRE,202609130000,3.3,1.5,8.7,305
202609040900,bouveret,BOU,202609032200,2.2,2.2,6.3,85
202609040900,bouveret,BOU,202609032300,1.7,1.7,3.6,106
202609040900,bouveret,BOU,202609040000,1.5,1.5,3.1,95
202609040900,bouveret,BOU,202609040100,1.5,1.5,4.5,72
202609040900,bouveret,BOU,202609040200,1.7,1.7,4.6,95
202609040900,bouveret,BOU,202609040300,2.0,2.0,4.9,92
202609040900,bouveret,BOU,202609040400,1.6,1.6,5.8,98
202609040900,bouveret,BOU,202609040500,1.4,1.4,5.4,76
202609040900,bouveret,BOU,202609040600,1.6,1.6,3.6,126
202609040900,bouveret,BOU,202609040700,1.3,1.3,3.3,101
202609040900,bouveret,BOU,202609040800,3.1,3.1,11.3,150
202609040900,bouveret,BOU,202609040900,3.8,3.8,7.7,277
202609040900,bouveret,BOU,202609041000,3.2,1.9,7.5,271
202609040900,bouveret,BOU,202609041100,3.5,2.0,7.4,266
202609040900,bouveret,BOU,202609041200,3.3,2.0,7.0,260
202609040900,bouveret,BOU,202609041300,2.3,1.0,5.9,264
202609040900,bouveret,BOU,202609041400,1.3,0.3,4.9,274
202609040900,bouveret,BOU,202609041500,2.1,1.2,3.8,214
202609040900,bouveret,BOU,202609041600,2.0,1.2,3.7,212
202609040900,bouveret,BOU,202609041700,2.2,1.2,3.7,158
202609040900,bouveret,BOU,202609041800,2.6,1.5,4.6,160
202609040900,bouveret,BOU,202609041900,2.7,1.5,5.2,124
202609040900,bouveret,BOU,202609042000,1.8,1.0,5.7,124
202609040900,bouveret,BOU,202609042100,1.8,0.9,3.3,115
202609040900,bouveret,BOU,202609042200,1.8,1.0,3.8,119
202609040900,bouveret,BOU,202609042300,1.7,0.9,3.8,131
202609040900,bouveret,BOU,202609050000,1.9,0.9,4.0,123
202609040900,bouveret,BOU,202609050100,1.8,0.9,3.5,122
202609040900,bouveret,BOU,202609050200,2.1,1.0,4.2,136
202609040900,bouveret,BOU,202609050300,2.2,1.1,5.1,121
202609040900,bouveret,BOU,202609050400,2.0,1.0,3.5,126
202609040900,bouveret,BOU,202609050500,2.2,1.1,4.5,124
202609040900,bouveret,BOU,202609050600,2.2,1.2,4.4,125
202609040900,bouveret,BOU,202609050700,2.2,1.2,4.4,172
202609040900,bouveret,BOU,202609050800,2.4,1.5,5.3,304
202609040900,bouveret,BOU,202609050900,3.6,2.2,7.6,300
202609040900,bouveret,BOU,202609051000,3.5,2.2,8.4,298
202609040900,bouveret,BOU,202609051100,2.9,1.8,8.2,294
202609040900,bouveret,BOU,202609051200,2.9,1.8,6.8,296
202609040900,bouveret,BOU,202609051300,3.0,1.7,7.9,302
202609040900,bouveret,BOU,202609051400,3.1,1.8,8.0,302
202609040900,bouveret,BOU,202609051500,3.8,2.1,9.9,295
202609040900,bouveret,BOU,202609051600,3.1,1.6,8.7,298
202609040900,bouveret,BOU,202609051700,3.7,2.1,9.6,294
202609040900,bouveret,BOU,202609051800,4.7,2.8,11.3,293
202609040900,bouveret,BOU,202609051900,3.8,2.3,10.0,291
202609040900,bouveret,BOU,202609052000,2.0,1.1,7.8,258
202609040900,bouveret,BOU,202609052100,1.7,1.0,4.2,132
202609040900,bouveret,BOU,202609052200,1.8,1.0,3.1,148
202609040900,bouveret,BOU,202609052300,2.1,1.1,3.4,120
202609040900,bouveret,BOU,202609060000,1.7,0.9,3.8,122
202609040900,bouveret,BOU,202609060100,1.7,0.9,2.9,125
202609040900,bouveret,BOU,202609060200,1.9,1.0,3.0,122
202609040900,bouveret,BOU,202609060300,1.7,0.9,3.1,126
202609040900,bouveret,BOU,202609060400,1.7,0.9,3.0,117
202609040900,bouveret,BOU,202609060500,1.8,1.0,2.8,126
202609040900,bouveret,BOU,202609060600,1.8,1.0,3.0,123
202609040900,bouveret,BOU,202609060700,1.7,0.9,2.9,147
202609040900,bouveret,BOU,202609060800,2.3,1.2,5.7,299
202609040900,bouveret,BOU,202609060900,3.1,1.8,8.3,306
202609040900,bouveret,BOU,202609061000,3.9,2.4,9.2,300
202609040900,bouveret,BOU,202609061100,4.4,2.5,9.4,304
202609040900,bouveret,BOU,202609061200,3.9,2.3,9.6,304
202609040900,bouveret,BOU,202609061300,3.7,2.3,9.1,302
202609040900,bouveret,BOU,202609061400,3.5,2.1,8.3,301
202609040900,bouveret,BOU,202609061500,2.9,1.7,8.1,296
202609040900,bouveret,BOU,202609061600,2.5,1.4,7.1,278
202609040900,bouveret,BOU,202609061700,2.3,1.2,5.0,168
202609040900,bouveret,BOU,202609061800,2.1,1.1,7.0,139
202609040900,bouveret,BOU,202609061900,2.4,1.1,8.2,129
202609040900,bouveret,BOU,202609062000,2.4,1.1,9.0,131
202609040900,bouveret,BOU,202609062100,3.2,1.3,9.1,127
202609040900,bouveret,BOU,202609062200,3.4,1.6,9.8,152
202609040900,bouveret,BOU,202609062300,3.3,1.6,10.2,137
202609040900,bouveret,BOU,202609070000,3.1,1.5,10.2,122
202609040900,bouveret,BOU,202609070100,3.1,1.2,11.1,131
202609040900,bouveret,BOU,202609070200,3.1,1.5,10.6,136
202609040900,bouveret,BOU,202609070300,2.8,1.3,9.9,131
202609040900,bouveret,BOU,202609070400,3.1,1.6,11.7,130
202609040900,bouveret,BOU,202609070500,3.1,1.3,10.4,119
202609040900,bouveret,BOU,202609070600,4.0,1.8,11.7,126
202609040900,bouveret,BOU,202609070700,4.8,2.0,13.1,130
202609040900,bouveret,BOU,202609070800,3.8,1.9,11.6,152
202609040900,bouveret,BOU,202609070900,3.1,1.6,10.1,251
202609040900,bouveret,BOU,202609071000,3.0,1.6,8.9,290
202609040900,bouveret,BOU,202609071100,3.1,1.8,8.7,310
202609040900,bouveret,BOU,202609071200,3.3,1.8,8.3,301
202609040900,bouveret,BOU,202609071300,2.8,1.6,8.3,308
202609040900,bouveret,BOU,202609071400,2.9,1.6,8.0,336
202609040900,bouveret,BOU,202609071500,2.8,1.5,8.1,106
202609040900,bouveret,BOU,202609071600,3.3,1.3,11.8,115
202609040900,bouveret,BOU,202609071700,2.9,1.5,10.5,135
202609040900,bouveret,BOU,202609071800,3.1,1.7,8.2,129
202609040900,bouveret,BOU,202609071900,2.7,1.3,8.1,117
202609040900,bouveret,BOU,202609072000,2.3,1.2,9.4,126
202609040900,bouveret,BOU,202609072100,2.2,1.1,7.6,120
202609040900,bouveret,BOU,202609072200,2.2,1.1,6.5,123
202609040900,bouveret,BOU,202609072300,1.8,0.9,5.7,124
202609040900,bouveret,BOU,202609080000,2.0,1.0,4.6,118
202609040900,bouveret,BOU,202609080100,2.2,1.2,5.7,112
202609040900,bouveret,BOU,202609080200,1.8,1.0,4.7,118
202609040900,bouveret,BOU,202609080300,1.9,0.9,5.3,116
202609040900,bouveret,BOU,202609080400,2.2,1.0,7.0,116
202609040900,bouveret,BOU,202609080500,2.0,1.0,4.9,117
202609040900,bouveret,BOU,202609080600,2.2,1.2,5.1,116
202609040900,bouveret,BOU,202609080700,2.5,1.3,5.7,254
202609040900,bouveret,BOU,202609080800,2.8,1.6,6.6,302
202609040900,bouveret,BOU,202609080900,3.4,1.9,8.6,307
202609040900,bouveret,BOU,202609081000,3.7,2.1,9.0,309
202609040900,bouveret,BOU,202609081100,3.7,2.2,9.7,315
202609040900,bouveret,BOU,202609081200,3.8,2.2,9.9,318
202609040900,bouveret,BOU,202609081300,4.3,2.3,10.6,315
202609040900,bouveret,BOU,202609081400,4.0,2.3,11.3,317
202609040900,bouveret,BOU,202609081500,4.9,2.6,12.2,310
202609040900,bouveret,BOU,202609081600,4.5,2.2,12.4,307
202609040900,bouveret,BOU,202609081700,4.2,2.3,11.7,310
202609040900,bouveret,BOU,202609081800,4.1,2.2,12.2,274
202609040900,bouveret,BOU,202609081900,3.6,1.9,12.0,120
202609040900,bouveret,BOU,202609082000,4.2,2.2,12.8,145
202609040900,bouveret,BOU,202609082100,3.8,1.9,12.8,351
202609040900,bouveret,BOU,202609082200,4.0,2.1,13.5,335
202609040900,bouveret,BOU,202609082300,3.2,1.7,13.2,326
202609040900,bouveret,BOU,202609090000,3.0,1.6,12.1,327
202609040900,bouveret,BOU,202609090100,1.5,0.6,8.7,79
202609040900,bouveret,BOU,202609090200,1.5,0.6,8.7,63
202609040900,bouveret,BOU,202609090300,1.3,0.5,7.8,114
202609040900,bouveret,BOU,202609090400,1.6,0.7,7.8,321
202609040900,bouveret,BOU,202609090500,1.6,0.6,8.5,128
202609040900,bouveret,BOU,202609090600,1.8,0.8,7.9,348
202609040900,bouveret,BOU,202609090700,1.8,0.8,8.3,286
202609040900,bouveret,BOU,202609090800,2.1,1.0,8.4,290
202609040900,bouveret,BOU,202609090900,2.4,1.1,9.3,303
202609040900,bouveret,BOU,202609091000,2.8,1.3,9.1,299
202609040900,bouveret,BOU,202609091100,3.1,1.6,10.0,303
202609040900,bouveret,BOU,202609091200,3.2,1.6,11.1,299
202609040900,bouveret,BOU,202609091300,3.8,1.8,12.1,302
202609040900,bouveret,BOU,202609091400,3.8,1.9,11.9,298
202609040900,bouveret,BOU,202609091500,4.0,2.1,11.3,299
202609040900,bouveret,BOU,202609091600,3.3,1.7,11.4,305
202609040900,bouveret,BOU,202609091700,3.0,1.5,10.2,313
202609040900,bouveret,BOU,202609091800,2.6,1.2,9.6,335
202609040900,bouveret,BOU,202609091900,2.4,1.1,8.3,310
202609040900,bouveret,BOU,202609092000,2.0,0.9,8.0,329
202609040900,bouveret,BOU,202609092100,1.8,0.8,7.3,341
202609040900,bouveret,BOU,202609092200,1.7,0.8,7.3,332
202609040900,bouveret,BOU,202609092300,1.3,0.5,6.6,19
202609040900,bouveret,BOU,202609100000,1.5,0.6,6.8,345
202609040900,bouveret,BOU,202609100100,1.5,0.7,6.6,351
202609040900,bouveret,BOU,202609100200,1.7,0.6,6.8,41
202609040900,bouveret,BOU,202609100300,1.4,0.6,6.6,71
202609040900,bouveret,BOU,202609100400,1.7,0.7,6.1,43
202609040900,bouveret,BOU,202609100500,1.6,0.7,7.5,87
202609040900,bouveret,BOU,202609100600,1.9,0.8,6.5,174
202609040900,bouveret,BOU,202609100700,1.9,0.9,7.2,349
202609040900,bouveret,BOU,202609100800,1.9,0.9,8.0,320
202609040900,bouveret,BOU,202609100900,2.4,1.1,8.3,300
202609040900,bouveret,BOU,202609101000,2.6,1.3,8.8,305
202609040900,bouveret,BOU,202609101100,3.1,1.4,10.4,303
202609040900,bouveret,BOU,202609101200,3.6,1.8,10.2,308
202609040900,bouveret,BOU,202609101300,3.5,1.7,10.9,307
202609040900,bouveret,BOU,202609101400,3.6,1.8,11.5,308
202609040900,bouveret,BOU,202609101500,3.4,1.8,11.1,309
202609040900,bouveret,BOU,202609101600,3.2,1.6,11.0,311
202609040900,bouveret,BOU,202609101700,3.1,1.5,10.2,318
202609040900,bouveret,BOU,202609101800,2.7,1.3,9.8,301
202609040900,bouveret,BOU,202609101900,2.4,1.0,9.2,315
202609040900,bouveret,BOU,202609102000,1.8,0.9,9.1,341
202609040900,bouveret,BOU,202609102100,2.0,0.9,8.1,65
202609040900,bouveret,BOU,202609102200,1.6,0.7,7.2,106
202609040900,bouveret,BOU,202609102300,1.6,0.7,7.1,88
202609040900,bouveret,BOU,202609110000,1.4,0.6,6.3,105
202609040900,bouveret,BOU,202609110100,1.6,0.7,6.9,108
202609040900,bouveret,BOU,202609110200,1.5,0.6,7.0,109
202609040900,bouveret,BOU,202609110300,1.5,0.6,6.5,106
202609040900,bouveret,BOU,202609110400,1.6,0.7,6.2,115
202609040900,bouveret,BOU,202609110500,1.8,0.8,6.2,114
202609040900,bouveret,BOU,202609110600,1.8,0.8,6.4,113
202609040900,bouveret,BOU,202609110700,1.9,0.9,7.1,114
202609040900,bouveret,BOU,202609110800,1.9,0.9,7.6,166
202609040900,bouveret,BOU,202609110900,2.0,0.9,8.6,306
202609040900,bouveret,BOU,202609111000,2.5,1.1,8.4,292
202609040900,bouveret,BOU,202609111100,2.9,1.4,9.0,297
202609040900,bouveret,BOU,202609111200,3.7,1.7,10.5,306
202609040900,bouveret,BOU,202609111300,3.9,1.8,10.5,303
202609040900,bouveret,BOU,202609111400,3.7,1.8,11.1,300
202609040900,bouveret,BOU,202609111500,3.4,1.8,10.6,308
202609040900,bouveret,BOU,202609111600,3.2,1.5,11.3,293
202609040900,bouveret,BOU,202609111700,2.8,1.4,11.0,277
202609040900,bouveret,BOU,202609111800,2.5,1.2,10.4,319
202609040900,bouveret,BOU,202609111900,2.2,1.0,9.0,328
202609040900,bouveret,BOU,202609112000,2.1,0.9,9.2,117
202609040900,bouveret,BOU,202609112100,2.0,0.9,7.5,108
202609040900,bouveret,BOU,202609112200,1.9,0.8,7.9,111
202609040900,bouveret,BOU,202609112300,1.7,0.7,7.5,106
202609040900,bouveret,BOU,202609120000,1.5,0.6,7.3,111
202609040900,bouveret,BOU,202609120100,1.5,0.7,8.0,101
202609040900,bouveret,BOU,202609120200,1.6,0.6,7.7,118
202609040900,bouveret,BOU,202609120300,1.6,0.7,7.5,127
202609040900,bouveret,BOU,202609120400,1.6,0.6,8.0,122
202609040900,bouveret,BOU,202609120500,1.6,0.7,7.3,137
202609040900,bouveret,BOU,202609120600,1.8,0.8,8.0,119
202609040900,bouveret,BOU,202609120700,1.8,0.8,7.6,127
202609040900,bouveret,BOU,202609120800,1.9,1.0,7.7,215
202609040900,bouveret,BOU,202609120900,2.1,1.1,9.1,284
202609040900,bouveret,BOU,202609121000,2.6,1.2,9.5,299
202609040900,bouveret,BOU,202609121100,3.2,1.7,9.5,302
202609040900,bouveret,BOU,202609121200,3.9,1.9,10.7,304
202609040900,bouveret,BOU,202609121300,3.2,1.7,10.7,301
202609040900,bouveret,BOU,202609121400,3.6,1.8,11.9,304
202609040900,bouveret,BOU,202609121500,3.2,1.7,11.1,298
202609040900,bouveret,BOU,202609121600,3.2,1.7,11.9,301
202609040900,bouveret,BOU,202609121700,3.0,1.5,11.0,301
202609040900,bouveret,BOU,202609121800,2.7,1.3,10.0,336
202609040900,bouveret,BOU,202609121900,2.4,1.1,9.4,31
202609040900,bouveret,BOU,202609122000,2.1,1.0,9.2,94
202609040900,bouveret,BOU,202609122100,1.8,0.8,8.4,96
202609040900,bouveret,BOU,202609122200,1.6,0.7,7.7,104
202609040900,bouveret,BOU,202609122300,1.8,0.8,8.0,112
202609040900,bouveret,BOU,202609130000,1.5,0.6,7.6,95
202609040900,joux,CHB,202609032200,1.6,1.6,3.7,315
202609040900,joux,CHB,202609032300,1.5,1.5,3.7,306
202609040900,joux,CHB,202609040000,1.5,1.5,3.1,281
202609040900,joux,CHB,202609040100,1.6,1.6,3.3,286
202609040900,joux,CHB,202609040200,1.7,1.7,3.5,284
202609040900,joux,CHB,202609040300,1.9,1.9,3.5,289
202609040900,joux,CHB,202609040400,1.8,1.8,3.7,284
202609040900,joux,CHB,202609040500,1.9,1.9,3.7,286
202609040900,joux,CHB,202609040600,1.7,1.7,3.3,290
202609040900,joux,CHB,202609040700,0.8,0.8,4.9,198
202609040900,joux,CHB,202609040800,1.2,1.2,4.9,146
202609040900,joux,CHB,202609040900,2.3,2.3,5.1,104
202609040900,joux,CHB,202609041000,3.7,2.2,7.3,116
202609040900,joux,CHB,202609041100,4.9,3.2,9.8,205
202609040900,joux,CHB,202609041200,5.9,4.0,11.7,239
202609040900,joux,CHB,202609041300,6.4,4.8,12.3,243
202609040900,joux,CHB,202609041400,6.9,5.1,13.0,247
202609040900,joux,CHB,202609041500,5.7,3.7,15.0,249
202609040900,joux,CHB,202609041600,6.2,4.0,15.6,257
202609040900,joux,CHB,202609041700,5.3,3.3,15.4,256
202609040900,joux,CHB,202609041800,4.0,2.4,12.9,263
202609040900,joux,CHB,202609041900,3.3,1.9,12.0,249
202609040900,joux,CHB,202609042000,3.4,2.0,11.1,252
202609040900,joux,CHB,202609042100,3.1,1.7,10.2,243
202609040900,joux,CHB,202609042200,3.3,1.7,9.3,243
202609040900,joux,CHB,202609042300,3.2,1.7,9.4,242
202609040900,joux,CHB,202609050000,3.3,1.8,9.2,243
202609040900,joux,CHB,202609050100,3.0,1.7,8.6,248
202609040900,joux,CHB,202609050200,3.1,1.7,8.6,247
202609040900,joux,CHB,202609050300,2.8,1.6,8.9,250
202609040900,joux,CHB,202609050400,2.9,1.6,8.3,245
202609040900,joux,CHB,202609050500,2.8,1.5,8.6,244
202609040900,joux,CHB,202609050600,2.6,1.5,8.4,243
202609040900,joux,CHB,202609050700,3.2,1.8,9.7,234
202609040900,joux,CHB,202609050800,3.6,2.1,11.0,233
202609040900,joux,CHB,202609050900,3.8,2.5,12.0,251
202609040900,joux,CHB,202609051000,4.6,2.9,12.6,252
202609040900,joux,CHB,202609051100,4.5,2.8,13.3,259
202609040900,joux,CHB,202609051200,4.4,2.9,14.0,268
202609040900,joux,CHB,202609051300,5.0,3.3,14.9,277
202609040900,joux,CHB,202609051400,5.2,3.5,14.6,295
202609040900,joux,CHB,202609051500,5.1,3.3,15.6,295
202609040900,joux,CHB,202609051600,5.9,3.7,16.1,298
202609040900,joux,CHB,202609051700,5.2,3.1,14.7,323
202609040900,joux,CHB,202609051800,3.2,1.8,12.3,339
202609040900,joux,CHB,202609051900,2.3,1.3,9.4,324
202609040900,joux,CHB,202609052000,2.1,1.1,7.7,301
202609040900,joux,CHB,202609052100,2.2,1.3,6.8,298
202609040900,joux,CHB,202609052200,1.9,1.0,5.3,299
202609040900,joux,CHB,202609052300,1.6,0.9,3.9,3
202609040900,joux,CHB,202609060000,1.7,0.9,5.4,42
202609040900,joux,CHB,202609060100,1.8,1.0,6.2,60
202609040900,joux,CHB,202609060200,1.6,0.8,6.3,66
202609040900,joux,CHB,202609060300,1.6,0.8,4.2,62
202609040900,joux,CHB,202609060400,1.6,0.8,3.9,58
202609040900,joux,CHB,202609060500,1.7,0.9,3.5,75
202609040900,joux,CHB,202609060600,1.6,0.8,3.1,93
202609040900,joux,CHB,202609060700,1.8,1.0,6.7,72
202609040900,joux,CHB,202609060800,2.4,1.4,8.6,88
202609040900,joux,CHB,202609060900,2.7,1.6,9.2,83
202609040900,joux,CHB,202609061000,2.6,1.7,9.2,84
202609040900,joux,CHB,202609061100,3.1,1.9,9.8,92
202609040900,joux,CHB,202609061200,3.5,2.3,9.9,98
202609040900,joux,CHB,202609061300,3.6,2.3,10.2,98
202609040900,joux,CHB,202609061400,3.7,2.3,10.2,113
202609040900,joux,CHB,202609061500,3.2,2.0,9.8,99
202609040900,joux,CHB,202609061600,3.1,1.9,10.0,101
202609040900,joux,CHB,202609061700,2.6,1.3,9.1,105
202609040900,joux,CHB,202609061800,2.1,1.1,7.5,166
202609040900,joux,CHB,202609061900,2.2,1.2,7.8,209
202609040900,joux,CHB,202609062000,2.2,1.1,9.1,216
202609040900,joux,CHB,202609062100,2.4,1.2,9.6,237
202609040900,joux,CHB,202609062200,2.7,1.3,10.7,231
202609040900,joux,CHB,202609062300,3.0,1.5,10.4,233
202609040900,joux,CHB,202609070000,3.1,1.7,10.6,235
202609040900,joux,CHB,202609070100,3.1,1.5,10.7,228
202609040900,joux,CHB,202609070200,3.6,1.8,12.1,230
202609040900,joux,CHB,202609070300,4.0,2.0,14.6,229
202609040900,joux,CHB,202609070400,3.7,1.7,14.3,228
202609040900,joux,CHB,202609070500,4.1,1.9,13.7,228
202609040900,joux,CHB,202609070600,3.6,1.8,13.5,228
202609040900,joux,CHB,202609070700,3.7,1.9,13.4,227
202609040900,joux,CHB,202609070800,3.9,2.2,13.3,225
202609040900,joux,CHB,202609070900,4.8,2.8,14.1,221
202609040900,joux,CHB,202609071000,5.6,3.4,14.4,224
202609040900,joux,CHB,202609071100,6.3,3.9,16.7,230
202609040900,joux,CHB,202609071200,6.7,4.4,18.5,234
202609040900,joux,CHB,202609071300,6.0,4.2,18.0,244
202609040900,joux,CHB,202609071400,6.9,4.5,18.3,243
202609040900,joux,CHB,202609071500,7.2,4.6,17.3,247
202609040900,joux,CHB,202609071600,6.7,4.2,17.1,256
202609040900,joux,CHB,202609071700,4.9,3.2,15.3,260
202609040900,joux,CHB,202609071800,3.2,1.9,11.0,254
202609040900,joux,CHB,202609071900,3.1,1.7,10.8,247
202609040900,joux,CHB,202609072000,3.3,1.7,10.9,242
202609040900,joux,CHB,202609072100,3.0,1.6,11.9,239
202609040900,joux,CHB,202609072200,3.1,1.7,9.1,241
202609040900,joux,CHB,202609072300,2.8,1.4,9.6,241
202609040900,joux,CHB,202609080000,3.1,1.6,10.0,238
202609040900,joux,CHB,202609080100,2.6,1.5,9.2,239
202609040900,joux,CHB,202609080200,2.9,1.5,9.5,237
202609040900,joux,CHB,202609080300,3.0,1.6,10.2,236
202609040900,joux,CHB,202609080400,3.1,1.7,10.2,236
202609040900,joux,CHB,202609080500,3.1,1.6,10.0,236
202609040900,joux,CHB,202609080600,3.2,1.7,10.0,234
202609040900,joux,CHB,202609080700,3.5,1.9,11.7,229
202609040900,joux,CHB,202609080800,4.0,2.3,12.0,229
202609040900,joux,CHB,202609080900,4.5,2.6,14.5,233
202609040900,joux,CHB,202609081000,6.1,3.8,16.2,234
202609040900,joux,CHB,202609081100,6.5,4.0,17.1,237
202609040900,joux,CHB,202609081200,7.1,4.4,18.5,238
202609040900,joux,CHB,202609081300,7.3,4.9,18.3,243
202609040900,joux,CHB,202609081400,7.2,4.4,19.4,247
202609040900,joux,CHB,202609081500,7.3,4.9,19.4,245
202609040900,joux,CHB,202609081600,7.3,4.4,18.6,249
202609040900,joux,CHB,202609081700,5.6,3.4,18.0,251
202609040900,joux,CHB,202609081800,4.1,2.3,15.7,259
202609040900,joux,CHB,202609081900,4.0,2.2,15.6,255
202609040900,joux,CHB,202609082000,4.2,2.2,15.3,255
202609040900,joux,CHB,202609082100,4.2,2.2,14.0,249
202609040900,joux,CHB,202609082200,4.0,2.2,14.2,246
202609040900,joux,CHB,202609082300,4.3,2.2,15.3,244
202609040900,joux,CHB,202609090000,4.5,2.3,14.6,240
202609040900,joux,CHB,202609090100,2.8,1.2,9.2,236
202609040900,joux,CHB,202609090200,3.0,1.1,8.3,245
202609040900,joux,CHB,202609090300,3.0,1.2,9.0,240
202609040900,joux,CHB,202609090400,2.9,1.1,8.5,244
202609040900,joux,CHB,202609090500,3.1,1.2,8.7,241
202609040900,joux,CHB,202609090600,3.0,1.2,8.9,242
202609040900,joux,CHB,202609090700,3.1,1.3,9.1,242
202609040900,joux,CHB,202609090800,3.3,1.6,10.0,232
202609040900,joux,CHB,202609090900,3.8,1.9,9.8,246
202609040900,joux,CHB,202609091000,4.1,1.9,12.1,232
202609040900,joux,CHB,202609091100,4.5,2.3,12.6,241
202609040900,joux,CHB,202609091200,5.2,2.4,14.6,258
202609040900,joux,CHB,202609091300,5.2,2.7,13.3,275
202609040900,joux,CHB,202609091400,5.5,2.8,13.6,280
202609040900,joux,CHB,202609091500,5.8,3.0,14.1,303
202609040900,joux,CHB,202609091600,5.4,2.6,13.6,306
202609040900,joux,CHB,202609091700,4.4,2.1,12.4,310
202609040900,joux,CHB,202609091800,3.9,1.8,11.9,312
202609040900,joux,CHB,202609091900,3.5,1.5,9.9,336
202609040900,joux,CHB,202609092000,3.2,1.5,10.0,328
202609040900,joux,CHB,202609092100,3.1,1.3,8.5,352
202609040900,joux,CHB,202609092200,2.5,1.1,8.7,343
202609040900,joux,CHB,202609092300,2.3,1.0,7.6,334
202609040900,joux,CHB,202609100000,2.2,1.0,7.9,340
202609040900,joux,CHB,202609100100,2.4,0.9,7.3,337
202609040900,joux,CHB,202609100200,2.1,0.8,7.4,349
202609040900,joux,CHB,202609100300,2.4,0.9,7.3,6
202609040900,joux,CHB,202609100400,2.2,0.9,7.4,328
202609040900,joux,CHB,202609100500,2.4,1.1,8.2,357
202609040900,joux,CHB,202609100600,2.2,1.0,7.7,23
202609040900,joux,CHB,202609100700,2.3,1.1,8.0,53
202609040900,joux,CHB,202609100800,2.9,1.2,8.2,53
202609040900,joux,CHB,202609100900,3.1,1.2,9.4,53
202609040900,joux,CHB,202609101000,3.5,1.6,10.5,31
202609040900,joux,CHB,202609101100,3.7,1.9,10.6,48
202609040900,joux,CHB,202609101200,4.0,1.9,10.9,28
202609040900,joux,CHB,202609101300,4.0,1.8,12.3,35
202609040900,joux,CHB,202609101400,3.9,1.9,12.3,13
202609040900,joux,CHB,202609101500,4.3,1.9,11.7,346
202609040900,joux,CHB,202609101600,3.8,1.9,12.4,323
202609040900,joux,CHB,202609101700,4.0,2.1,11.6,327
202609040900,joux,CHB,202609101800,3.1,1.5,11.5,298
202609040900,joux,CHB,202609101900,2.8,1.3,9.9,288
202609040900,joux,CHB,202609102000,3.0,1.2,10.0,267
202609040900,joux,CHB,202609102100,2.9,1.2,9.2,271
202609040900,joux,CHB,202609102200,2.7,1.1,8.3,248
202609040900,joux,CHB,202609102300,2.3,1.0,7.7,245
202609040900,joux,CHB,202609110000,2.7,1.1,8.2,240
202609040900,joux,CHB,202609110100,2.3,0.9,8.0,234
202609040900,joux,CHB,202609110200,2.6,1.1,8.2,243
202609040900,joux,CHB,202609110300,2.5,1.0,7.9,234
202609040900,joux,CHB,202609110400,2.5,0.9,7.5,235
202609040900,joux,CHB,202609110500,2.6,1.1,8.5,235
202609040900,joux,CHB,202609110600,2.9,1.1,8.5,236
202609040900,joux,CHB,202609110700,2.7,1.2,8.6,231
202609040900,joux,CHB,202609110800,3.3,1.5,8.6,226
202609040900,joux,CHB,202609110900,3.5,1.5,10.1,227
202609040900,joux,CHB,202609111000,3.7,1.7,9.9,234
202609040900,joux,CHB,202609111100,3.9,1.9,10.9,227
202609040900,joux,CHB,202609111200,4.6,2.2,10.9,233
202609040900,joux,CHB,202609111300,4.2,2.2,11.6,240
202609040900,joux,CHB,202609111400,4.2,2.1,12.3,235
202609040900,joux,CHB,202609111500,4.1,2.1,12.0,236
202609040900,joux,CHB,202609111600,4.3,2.1,12.2,235
202609040900,joux,CHB,202609111700,3.9,1.7,11.4,242
202609040900,joux,CHB,202609111800,3.8,1.8,10.5,247
202609040900,joux,CHB,202609111900,3.1,1.4,11.3,239
202609040900,joux,CHB,202609112000,3.3,1.5,10.0,247
202609040900,joux,CHB,202609112100,3.3,1.5,9.5,244
202609040900,joux,CHB,202609112200,3.3,1.5,9.9,239
202609040900,joux,CHB,202609112300,3.4,1.3,8.9,240
202609040900,joux,CHB,202609120000,3.8,1.5,9.3,242
202609040900,joux,CHB,202609120100,3.2,1.3,9.0,238
202609040900,joux,CHB,202609120200,2.9,1.2,9.6,240
202609040900,joux,CHB,202609120300,3.2,1.2,9.4,243
202609040900,joux,CHB,202609120400,3.5,1.3,9.8,238
202609040900,joux,CHB,202609120500,3.5,1.4,9.9,242
202609040900,joux,CHB,202609120600,3.5,1.5,8.9,242
202609040900,joux,CHB,202609120700,3.4,1.5,10.4,236
202609040900,joux,CHB,202609120800,3.6,1.5,10.3,234
202609040900,joux,CHB,202609120900,3.8,1.7,10.6,233
202609040900,joux,CHB,202609121000,4.1,1.7,11.3,236
202609040900,joux,CHB,202609121100,4.4,2.3,12.9,238
202609040900,joux,CHB,202609121200,4.7,2.3,12.0,241
202609040900,joux,CHB,202609121300,4.8,2.4,13.3,239
202609040900,joux,CHB,202609121400,5.0,2.4,12.9,239
202609040900,joux,CHB,202609121500,4.6,2.2,12.3,238
202609040900,joux,CHB,202609121600,4.1,2.1,13.8,246
202609040900,joux,CHB,202609121700,3.6,1.7,12.1,245
202609040900,joux,CHB,202609121800,3.5,1.8,12.4,253
202609040900,joux,CHB,202609121900,3.4,1.4,11.0,250
202609040900,joux,CHB,202609122000,3.2,1.4,9.6,250
202609040900,joux,CHB,202609122100,3.1,1.3,9.7,252
202609040900,joux,CHB,202609122200,2.6,1.1,9.3,256
202609040900,joux,CHB,202609122300,2.8,1.2,8.6,245
202609040900,joux,CHB,202609130000,3.0,1.2,8.5,240
202609050800,cologny,GVE,202609042200,1.3,1.3,5.0,74
202609050800,cologny,GVE,202609042300,1.8,1.8,5.8,126
202609050800,cologny,GVE,202609050000,1.5,1.5,6.3,110
202609050800,cologny,GVE,202609050100,1.3,1.3,5.0,150
202609050800,cologny,GVE,202609050200,2.1,2.1,5.8,104
202609050800,cologny,GVE,202609050300,2.7,2.7,6.2,294
202609050800,cologny,GVE,202609050400,3.1,3.1,5.9,183
202609050800,cologny,GVE,202609050500,2.3,2.3,5.7,19
202609050800,cologny,GVE,202609050600,2.5,2.5,6.0,189
202609050800,cologny,GVE,202609050700,3.0,3.0,5.8,263
202609050800,cologny,GVE,202609050800,3.3,3.3,5.9,266
202609050800,cologny,GVE,202609050900,3.1,2.2,5.2,246
202609050800,cologny,GVE,202609051000,2.7,1.7,5.3,276
202609050800,cologny,GVE,202609051100,3.0,1.9,6.3,320
202609050800,cologny,GVE,202609051200,4.6,3.4,8.7,330
202609050800,cologny,GVE,202609051300,6.3,4.9,11.2,335
202609050800,cologny,GVE,202609051400,5.3,3.3,13.0,316
202609050800,cologny,GVE,202609051500,5.3,3.6,13.9,316
202609050800,cologny,GVE,202609051600,5.4,3.6,14.1,333
202609050800,cologny,GVE,202609051700,6.0,4.1,14.3,359
202609050800,cologny,GVE,202609051800,4.8,2.8,11.7,24
202609050800,cologny,GVE,202609051900,5.6,3.2,11.0,47
202609050800,cologny,GVE,202609052000,5.9,3.3,11.3,45
202609050800,cologny,GVE,202609052100,5.1,3.1,11.0,40
202609050800,cologny,GVE,202609052200,3.1,1.7,9.9,32
202609050800,cologny,GVE,202609052300,2.4,1.2,6.6,35
202609050800,cologny,GVE,202609060000,2.2,1.1,3.3,40
202609050800,cologny,GVE,202609060100,1.8,1.0,2.8,50
202609050800,cologny,GVE,202609060200,1.8,0.9,2.5,57
202609050800,cologny,GVE,202609060300,1.8,1.0,2.5,65
202609050800,cologny,GVE,202609060400,1.8,1.0,2.5,58
202609050800,cologny,GVE,202609060500,1.6,0.9,2.4,63
202609050800,cologny,GVE,202609060600,1.8,1.0,2.4,73
202609050800,cologny,GVE,202609060700,2.6,1.2,3.6,37
202609050800,cologny,GVE,202609060800,3.2,2.0,8.3,30
202609050800,cologny,GVE,202609060900,3.6,2.2,8.6,17
202609050800,cologny,GVE,202609061000,4.0,2.5,9.1,12
202609050800,cologny,GVE,202609061100,4.2,2.6,9.0,3
202609050800,cologny,GVE,202609061200,4.1,2.5,9.0,353
202609050800,cologny,GVE,202609061300,3.7,2.3,8.7,353
202609050800,cologny,GVE,202609061400,3.7,2.3,8.4,346
202609050800,cologny,GVE,202609061500,3.7,2.3,8.5,356
202609050800,cologny,GVE,202609061600,3.9,2.4,8.1,5
202609050800,cologny,GVE,202609061700,3.7,2.3,7.4,11
202609050800,cologny,GVE,202609061800,2.8,1.5,5.1,12
202609050800,cologny,GVE,202609061900,2.4,1.3,3.6,27
202609050800,cologny,GVE,202609062000,1.9,1.0,3.0,50
202609050800,cologny,GVE,202609062100,1.8,1.1,3.1,88
202609050800,cologny,GVE,202609062200,1.9,1.1,3.5,128
202609050800,cologny,GVE,202609062300,1.7,0.9,2.5,158
202609050800,cologny,GVE,202609070000,1.9,1.0,3.6,141
202609050800,cologny,GVE,202609070100,1.9,1.0,3.5,134
202609050800,cologny,GVE,202609070200,2.2,1.1,5.3,126
202609050800,cologny,GVE,202609070300,2.0,1.0,7.2,152
202609050800,cologny,GVE,202609070400,2.4,1.1,7.7,152
202609050800,cologny,GVE,202609070500,2.2,1.1,8.2,136
202609050800,cologny,GVE,202609070600,2.2,1.1,7.6,136
202609050800,cologny,GVE,202609070700,2.5,1.2,7.9,170
202609050800,cologny,GVE,202609070800,2.2,1.1,5.5,217
202609050800,cologny,GVE,202609070900,2.5,1.3,6.3,224
202609050800,cologny,GVE,202609071000,3.1,1.8,8.5,226
202609050800,cologny,GVE,202609071100,4.2,2.4,11.0,235
202609050800,cologny,GVE,202609071200,4.5,2.7,12.0,233
202609050800,cologny,GVE,202609071300,4.6,2.9,13.6,233
202609050800,cologny,GVE,202609071400,5.5,3.2,13.3,245
202609050800,cologny,GVE,202609071500,6.0,3.8,14.1,255
202609050800,cologny,GVE,202609071600,5.7,3.6,14.3,250
202609050800,cologny,GVE,202609071700,4.4,2.5,11.7,248
202609050800,cologny,GVE,202609071800,2.8,1.5,9.2,134
202609050800,cologny,GVE,202609071900,2.6,1.1,8.6,116
202609050800,cologny,GVE,202609072000,2.5,1.3,8.3,118
202609050800,cologny,GVE,202609072100,2.0,1.0,8.0,131
202609050800,cologny,GVE,202609072200,2.0,1.1,4.2,140
202609050800,cologny,GVE,202609072300,1.8,1.0,3.8,143
202609050800,cologny,GVE,202609080000,1.7,0.9,2.8,138
202609050800,cologny,GVE,202609080100,1.8,0.9,2.5,145
202609050800,cologny,GVE,202609080200,1.8,1.0,2.6,135
202609050800,cologny,GVE,202609080300,1.9,1.0,2.8,145
202609050800,cologny,GVE,202609080400,1.8,1.0,2.6,157
202609050800,cologny,GVE,202609080500,1.8,1.0,2.4,146
202609050800,cologny,GVE,202609080600,1.8,1.0,2.6,153
202609050800,cologny,GVE,202609080700,1.9,0.9,2.9,176
202609050800,cologny,GVE,202609080800,2.6,1.3,6.0,216
202609050800,cologny,GVE,202609080900,3.8,2.0,9.3,228
202609050800,cologny,GVE,202609081000,5.8,3.6,13.3,235
202609050800,cologny,GVE,202609081100,7.5,4.6,15.9,233
202609050800,cologny,GVE,202609081200,7.8,4.9,18.1,237
202609050800,cologny,GVE,202609081300,8.3,5.5,18.4,241
202609050800,cologny,GVE,202609081400,7.9,5.1,18.8,246
202609050800,cologny,GVE,202609081500,8.0,5.3,18.9,251
202609050800,cologny,GVE,202609081600,7.0,4.0,18.7,260
202609050800,cologny,GVE,202609081700,4.9,2.7,16.7,267
202609050800,cologny,GVE,202609081800,3.5,1.8,13.9,232
202609050800,cologny,GVE,202609081900,3.2,1.6,12.0,224
202609050800,cologny,GVE,202609082000,2.9,1.3,10.4,233
202609050800,cologny,GVE,202609082100,2.8,1.3,9.2,214
202609050800,cologny,GVE,202609082200,3.2,1.6,10.2,225
202609050800,cologny,GVE,202609082300,3.1,1.5,10.3,220
202609050800,cologny,GVE,202609090000,3.5,1.8,9.4,218
202609050800,cologny,GVE,202609090100,3.3,1.6,10.4,213
202609050800,cologny,GVE,202609090200,3.2,1.6,10.4,221
202609050800,cologny,GVE,202609090300,3.2,1.7,9.0,214
202609050800,cologny,GVE,202609090400,3.2,1.6,8.9,214
202609050800,cologny,GVE,202609090500,3.1,1.6,9.2,197
202609050800,cologny,GVE,202609090600,3.5,1.6,8.5,210
202609050800,cologny,GVE,202609090700,3.8,1.8,9.8,221
202609050800,cologny,GVE,202609090800,4.1,2.0,10.7,216
202609050800,cologny,GVE,202609090900,4.3,2.3,11.4,224
202609050800,cologny,GVE,202609091000,5.1,2.7,12.4,229
202609050800,cologny,GVE,202609091100,5.6,3.1,12.7,231
202609050800,cologny,GVE,202609091200,5.1,3.1,12.8,245
202609050800,cologny,GVE,202609091300,5.3,3.3,12.3,253
202609050800,cologny,GVE,202609091400,4.9,2.8,13.1,275
202609050800,cologny,GVE,202609091500,5.6,3.4,13.7,287
202609050800,cologny,GVE,202609091600,5.1,3.2,14.4,293
202609050800,cologny,GVE,202609091700,4.9,3.1,13.9,310
202609050800,cologny,GVE,202609091800,3.9,2.3,12.1,328
202609050800,cologny,GVE,202609091900,2.8,1.4,9.7,9
202609050800,cologny,GVE,202609092000,2.4,1.2,8.4,74
202609050800,cologny,GVE,202609092100,2.2,1.2,7.5,56
202609050800,cologny,GVE,202609092200,2.4,1.1,8.3,69
202609050800,cologny,GVE,202609092300,2.2,1.0,7.8,68
202609050800,cologny,GVE,202609100000,2.2,1.0,6.3,84
202609050800,cologny,GVE,202609100100,1.9,0.8,6.6,54
202609050800,cologny,GVE,202609100200,1.8,0.8,7.3,46
202609050800,cologny,GVE,202609100300,1.5,0.6,6.3,38
202609050800,cologny,GVE,202609100400,1.8,0.8,6.8,54
202609050800,cologny,GVE,202609100500,1.9,0.8,6.5,60
202609050800,cologny,GVE,202609100600,2.0,0.9,7.1,70
202609050800,cologny,GVE,202609100700,2.3,1.0,7.3,50
202609050800,cologny,GVE,202609100800,2.8,1.2,7.7,38
202609050800,cologny,GVE,202609100900,3.3,1.3,9.1,33
202609050800,cologny,GVE,202609101000,3.3,1.6,10.0,28
202609050800,cologny,GVE,202609101100,3.4,1.6,10.5,42
202609050800,cologny,GVE,202609101200,4.0,2.0,10.6,38
202609050800,cologny,GVE,202609101300,3.8,1.9,10.6,33
202609050800,cologny,GVE,202609101400,3.7,1.9,10.9,27
202609050800,cologny,GVE,202609101500,3.7,1.9,10.8,36
202609050800,cologny,GVE,202609101600,3.3,1.8,10.8,34
202609050800,cologny,GVE,202609101700,3.5,1.7,10.5,24
202609050800,cologny,GVE,202609101800,3.0,1.3,9.8,21
202609050800,cologny,GVE,202609101900,2.8,1.2,9.5,33
202609050800,cologny,GVE,202609102000,2.5,1.1,7.9,35
202609050800,cologny,GVE,202609102100,2.1,1.0,8.1,40
202609050800,cologny,GVE,202609102200,2.3,0.9,7.7,63
202609050800,cologny,GVE,202609102300,1.8,0.8,7.3,52
202609050800,cologny,GVE,202609110000,1.9,0.8,8.0,46
202609050800,cologny,GVE,202609110100,1.8,0.8,7.8,97
202609050800,cologny,GVE,202609110200,1.9,0.8,7.5,91
202609050800,cologny,GVE,202609110300,1.8,0.8,7.3,103
202609050800,cologny,GVE,202609110400,1.8,0.8,6.9,138
202609050800,cologny,GVE,202609110500,2.0,0.9,7.7,127
202609050800,cologny,GVE,202609110600,1.9,0.8,8.5,128
202609050800,cologny,GVE,202609110700,2.1,1.0,7.5,105
202609050800,cologny,GVE,202609110800,2.3,1.1,8.2,113
202609050800,cologny,GVE,202609110900,2.5,1.2,8.0,144
202609050800,cologny,GVE,202609111000,2.6,1.2,8.7,117
202609050800,cologny,GVE,202609111100,3.4,1.7,9.2,186
202609050800,cologny,GVE,202609111200,3.4,1.7,9.5,212
202609050800,cologny,GVE,202609111300,3.2,1.6,9.7,222
202609050800,cologny,GVE,202609111400,3.3,1.6,9.7,254
202609050800,cologny,GVE,202609111500,3.2,1.6,10.7,241
202609050800,cologny,GVE,202609111600,3.0,1.4,10.4,239
202609050800,cologny,GVE,202609111700,3.3,1.6,10.4,242
202609050800,cologny,GVE,202609111800,2.8,1.3,10.2,238
202609050800,cologny,GVE,202609111900,2.3,1.1,8.9,210
202609050800,cologny,GVE,202609112000,2.1,0.9,8.0,221
202609050800,cologny,GVE,202609112100,1.9,0.8,8.1,198
202609050800,cologny,GVE,202609112200,1.9,0.8,7.2,216
202609050800,cologny,GVE,202609112300,1.8,0.7,7.3,180
202609050800,cologny,GVE,202609120000,1.7,0.6,6.9,201
202609050800,cologny,GVE,202609120100,1.8,0.7,6.9,195
202609050800,cologny,GVE,202609120200,1.7,0.7,7.1,199
202609050800,cologny,GVE,202609120300,1.6,0.8,7.0,183
202609050800,cologny,GVE,202609120400,1.6,0.7,6.9,182
202609050800,cologny,GVE,202609120500,1.8,0.7,7.0,188
202609050800,cologny,GVE,202609120600,2.1,0.8,7.6,173
202609050800,cologny,GVE,202609120700,2.1,0.9,7.1,202
202609050800,cologny,GVE,202609120800,2.1,1.0,8.0,199
202609050800,cologny,GVE,202609120900,2.6,1.2,7.5,208
202609050800,cologny,GVE,202609121000,3.0,1.4,8.8,216
202609050800,cologny,GVE,202609121100,3.3,1.6,8.9,209
202609050800,cologny,GVE,202609121200,3.6,1.8,10.4,225
202609050800,cologny,GVE,202609121300,3.5,1.8,9.4,220
202609050800,cologny,GVE,202609121400,3.6,1.8,10.4,240
202609050800,cologny,GVE,202609121500,3.5,1.7,9.9,215
202609050800,cologny,GVE,202609121600,3.5,1.8,10.5,246
202609050800,cologny,GVE,202609121700,2.9,1.3,10.3,224
202609050800,cologny,GVE,202609121800,2.7,1.3,9.9,2
202609050800,cologny,GVE,202609121900,2.5,1.2,8.6,233
202609050800,cologny,GVE,202609122000,2.2,1.0,8.5,59
202609050800,cologny,GVE,202609122100,2.3,0.9,8.2,97
202609050800,cologny,GVE,202609122200,2.2,0.9,8.0,95
202609050800,cologny,GVE,202609122300,1.9,0.9,7.2,92
202609050800,cologny,GVE,202609130000,1.8,0.8,7.2,91
202609050800,cologny,GVE,202609130100,1.8,0.8,7.5,84
202609050800,cologny,GVE,202609130200,1.9,0.8,7.0,80
202609050800,cologny,GVE,202609130300,1.8,0.7,7.6,89
202609050800,cologny,GVE,202609130400,1.8,0.8,7.2,89
202609050800,cologny,GVE,202609130500,1.9,0.9,7.3,83
202609050800,cologny,GVE,202609130600,1.9,0.8,6.7,103
202609050800,cologny,GVE,202609130700,2.1,0.9,7.3,98
202609050800,cologny,GVE,202609130800,2.3,1.0,7.3,55
202609050800,cologny,GVE,202609130900,2.3,1.1,8.1,58
202609050800,cologny,GVE,202609131000,2.9,1.5,9.2,62
202609050800,cologny,GVE,202609131100,2.9,1.3,9.8,47
202609050800,cologny,GVE,202609131200,3.5,1.8,10.5,39
202609050800,cologny,GVE,202609131300,3.6,1.6,10.4,19
202609050800,cologny,GVE,202609131400,3.6,1.8,11.2,4
202609050800,cologny,GVE,202609131500,3.4,1.6,10.5,20
202609050800,cologny,GVE,202609131600,3.5,1.7,10.4,16
202609050800,cologny,GVE,202609131700,3.1,1.4,9.7,7
202609050800,cologny,GVE,202609131800,3.0,1.3,10.1,21
202609050800,cologny,GVE,202609131900,2.8,1.2,9.2,18
202609050800,cologny,GVE,202609132000,2.4,1.1,8.7,30
202609050800,cologny,GVE,202609132100,2.2,0.9,7.8,40
202609050800,cologny,GVE,202609132200,2.1,0.9,7.1,46
202609050800,cologny,GVE,202609132300,1.8,0.6,7.7,59
202609050800,cologny,GVE,202609140000,1.7,0.7,7.2,83
202609050800,reposoir,GVE,202609042200,1.2,1.2,5.1,17
202609050800,reposoir,GVE,202609042300,2.2,2.2,6.5,230
202609050800,reposoir,GVE,202609050000,2.4,2.4,6.5,233
202609050800,reposoir,GVE,202609050100,1.7,1.7,5.3,304
202609050800,reposoir,GVE,202609050200,2.0,2.0,6.4,71
202609050800,reposoir,GVE,202609050300,1.9,1.9,5.8,285
202609050800,reposoir,GVE,202609050400,2.0,2.0,4.9,217
202609050800,reposoir,GVE,202609050500,2.5,2.5,6.5,291
202609050800,reposoir,GVE,202609050600,2.3,2.3,6.5,293
202609050800,reposoir,GVE,202609050700,1.5,1.5,4.8,269
202609050800,reposoir,GVE,202609050800,1.9,1.9,4.2,275
202609050800,reposoir,GVE,202609050900,2.8,1.8,5.9,246
202609050800,reposoir,GVE,202609051000,3.1,2.1,6.5,181
202609050800,reposoir,GVE,202609051100,4.1,2.9,8.2,136
202609050800,reposoir,GVE,202609051200,6.5,5.1,11.9,333
202609050800,reposoir,GVE,202609051300,8.8,7.5,15.7,323
202609050800,reposoir,GVE,202609051400,5.0,3.3,11.9,325
202609050800,reposoir,GVE,202609051500,5.8,3.6,13.1,334
202609050800,reposoir,GVE,202609051600,5.9,3.8,13.1,342
202609050800,reposoir,GVE,202609051700,5.5,3.6,13.6,6
202609050800,reposoir,GVE,202609051800,4.9,2.8,11.9,25
202609050800,reposoir,GVE,202609051900,4.9,2.8,11.2,41
202609050800,reposoir,GVE,202609052000,4.6,2.7,11.8,37
202609050800,reposoir,GVE,202609052100,3.8,2.2,10.4,18
202609050800,reposoir,GVE,202609052200,2.3,1.3,8.5,351
202609050800,reposoir,GVE,202609052300,2.3,1.2,3.8,335
202609050800,reposoir,GVE,202609060000,1.8,1.0,2.8,327
202609050800,reposoir,GVE,202609060100,1.9,1.0,2.8,320
202609050800,reposoir,GVE,202609060200,1.9,1.0,3.0,316
202609050800,reposoir,GVE,202609060300,1.8,1.0,2.8,314
202609050800,reposoir,GVE,202609060400,1.7,1.0,2.8,311
202609050800,reposoir,GVE,202609060500,1.9,1.1,2.8,309
202609050800,reposoir,GVE,202609060600,1.8,1.0,2.4,324
202609050800,reposoir,GVE,202609060700,2.6,1.2,6.8,35
202609050800,reposoir,GVE,202609060800,3.5,1.8,9.6,50
202609050800,reposoir,GVE,202609060900,4.5,2.5,9.6,55
202609050800,reposoir,GVE,202609061000,4.7,2.9,9.2,53
202609050800,reposoir,GVE,202609061100,4.5,2.8,9.0,52
202609050800,reposoir,GVE,202609061200,4.6,2.9,9.1,55
202609050800,reposoir,GVE,202609061300,4.4,2.9,9.1,52
202609050800,reposoir,GVE,202609061400,4.8,3.0,9.3,44
202609050800,reposoir,GVE,202609061500,4.6,2.9,9.1,40
202609050800,reposoir,GVE,202609061600,4.7,2.9,9.0,32
202609050800,reposoir,GVE,202609061700,3.9,2.4,9.0,23
202609050800,reposoir,GVE,202609061800,3.3,1.9,7.5,359
202609050800,reposoir,GVE,202609061900,2.5,1.5,4.0,344
202609050800,reposoir,GVE,202609062000,2.0,1.1,3.5,336
202609050800,reposoir,GVE,202609062100,1.9,1.1,2.7,314
202609050800,reposoir,GVE,202609062200,1.8,0.9,3.0,303
202609050800,reposoir,GVE,202609062300,1.9,1.0,2.8,295
202609050800,reposoir,GVE,202609070000,1.8,0.9,2.9,274
202609050800,reposoir,GVE,202609070100,1.5,0.8,3.1,245
202609050800,reposoir,GVE,202609070200,1.6,0.8,6.0,236
202609050800,reposoir,GVE,202609070300,1.8,0.9,6.7,251
202609050800,reposoir,GVE,202609070400,2.0,1.0,4.5,241
202609050800,reposoir,GVE,202609070500,1.8,1.0,3.7,249
202609050800,reposoir,GVE,202609070600,2.1,1.0,3.7,284
202609050800,reposoir,GVE,202609070700,2.4,1.2,6.7,235
202609050800,reposoir,GVE,202609070800,2.3,1.1,5.2,216
202609050800,reposoir,GVE,202609070900,2.5,1.4,6.8,186
202609050800,reposoir,GVE,202609071000,2.8,1.6,7.1,193
202609050800,reposoir,GVE,202609071100,3.5,2.0,8.7,195
202609050800,reposoir,GVE,202609071200,4.6,2.7,10.3,207
202609050800,reposoir,GVE,202609071300,5.2,3.1,12.1,219
202609050800,reposoir,GVE,202609071400,5.2,3.4,12.8,234
202609050800,reposoir,GVE,202609071500,6.1,3.8,13.9,242
202609050800,reposoir,GVE,202609071600,5.3,3.0,13.0,259
202609050800,reposoir,GVE,202609071700,3.8,2.2,9.6,284
202609050800,reposoir,GVE,202609071800,2.9,1.5,9.0,273
202609050800,reposoir,GVE,202609071900,2.1,1.1,7.8,270
202609050800,reposoir,GVE,202609072000,2.4,1.1,8.4,247
202609050800,reposoir,GVE,202609072100,1.8,0.9,5.9,276
202609050800,reposoir,GVE,202609072200,1.6,0.9,3.5,279
202609050800,reposoir,GVE,202609072300,1.5,0.8,2.8,265
202609050800,reposoir,GVE,202609080000,1.8,1.0,3.0,250
202609050800,reposoir,GVE,202609080100,1.7,0.9,2.6,243
202609050800,reposoir,GVE,202609080200,1.6,0.9,2.6,247
202609050800,reposoir,GVE,202609080300,1.6,0.9,3.0,245
202609050800,reposoir,GVE,202609080400,1.9,1.0,2.8,244
202609050800,reposoir,GVE,202609080500,1.7,0.9,2.6,237
202609050800,reposoir,GVE,202609080600,1.8,0.9,3.0,239
202609050800,reposoir,GVE,202609080700,2.1,1.1,3.3,219
202609050800,reposoir,GVE,202609080800,2.6,1.3,4.3,211
202609050800,reposoir,GVE,202609080900,3.6,1.9,8.4,213
202609050800,reposoir,GVE,202609081000,5.7,3.1,12.0,214
202609050800,reposoir,GVE,202609081100,7.3,4.4,14.4,220
202609050800,reposoir,GVE,202609081200,8.2,5.2,17.3,229
202609050800,reposoir,GVE,202609081300,7.9,5.3,18.1,245
202609050800,reposoir,GVE,202609081400,7.3,4.8,17.4,250
202609050800,reposoir,GVE,202609081500,8.1,5.2,17.4,253
202609050800,reposoir,GVE,202609081600,6.8,3.6,19.1,255
202609050800,reposoir,GVE,202609081700,4.9,2.8,15.9,278
202609050800,reposoir,GVE,202609081800,3.8,2.0,13.8,259
202609050800,reposoir,GVE,202609081900,3.3,1.7,12.0,276
202609050800,reposoir,GVE,202609082000,2.9,1.5,10.7,258
202609050800,reposoir,GVE,202609082100,2.8,1.5,9.6,270
202609050800,reposoir,GVE,202609082200,2.7,1.3,10.4,253
202609050800,reposoir,GVE,202609082300,3.2,1.5,10.0,234
202609050800,reposoir,GVE,202609090000,3.4,1.6,11.4,231
202609050800,reposoir,GVE,202609090100,4.0,1.9,11.0,223
202609050800,reposoir,GVE,202609090200,3.6,1.7,10.8,227
202609050800,reposoir,GVE,202609090300,3.5,1.8,10.4,226
202609050800,reposoir,GVE,202609090400,3.7,1.9,10.0,220
202609050800,reposoir,GVE,202609090500,4.0,1.9,10.4,219
202609050800,reposoir,GVE,202609090600,4.0,2.0,9.6,225
202609050800,reposoir,GVE,202609090700,4.1,2.0,10.5,219
202609050800,reposoir,GVE,202609090800,3.9,1.9,10.3,207
202609050800,reposoir,GVE,202609090900,4.7,2.4,12.1,202
202609050800,reposoir,GVE,202609091000,4.5,2.5,12.9,205
202609050800,reposoir,GVE,202609091100,5.2,3.3,12.3,216
202609050800,reposoir,GVE,202609091200,5.2,2.8,13.2,245
202609050800,reposoir,GVE,202609091300,4.8,2.9,12.3,269
202609050800,reposoir,GVE,202609091400,5.2,3.0,12.9,287
202609050800,reposoir,GVE,202609091500,6.3,4.0,14.2,300
202609050800,reposoir,GVE,202609091600,5.8,3.7,14.6,297
202609050800,reposoir,GVE,202609091700,5.6,3.3,14.0,304
202609050800,reposoir,GVE,202609091800,4.1,2.3,13.4,311
202609050800,reposoir,GVE,202609091900,3.0,1.6,11.0,313
202609050800,reposoir,GVE,202609092000,2.6,1.4,9.5,308
202609050800,reposoir,GVE,202609092100,2.1,1.0,8.1,337
202609050800,reposoir,GVE,202609092200,2.1,1.0,7.2,333
202609050800,reposoir,GVE,202609092300,2.1,1.1,6.3,319
202609050800,reposoir,GVE,202609100000,1.9,0.9,3.9,293
202609050800,reposoir,GVE,202609100100,1.5,0.6,6.6,2
202609050800,reposoir,GVE,202609100200,1.5,0.6,5.7,20
202609050800,reposoir,GVE,202609100300,1.5,0.6,6.4,11
202609050800,reposoir,GVE,202609100400,1.7,0.8,6.3,24
202609050800,reposoir,GVE,202609100500,1.6,0.7,6.7,20
202609050800,reposoir,GVE,202609100600,1.8,0.9,7.1,36
202609050800,reposoir,GVE,202609100700,1.9,0.8,7.5,43
202609050800,reposoir,GVE,202609100800,2.2,1.0,8.1,42
202609050800,reposoir,GVE,202609100900,3.0,1.4,9.1,56
202609050800,reposoir,GVE,202609101000,3.2,1.6,9.2,57
202609050800,reposoir,GVE,202609101100,3.3,1.6,9.9,59
202609050800,reposoir,GVE,202609101200,3.6,1.8,10.6,66
202609050800,reposoir,GVE,202609101300,3.7,1.8,10.6,57
202609050800,reposoir,GVE,202609101400,3.2,1.6,10.9,54
202609050800,reposoir,GVE,202609101500,3.2,1.7,11.9,47
202609050800,reposoir,GVE,202609101600,3.2,1.6,10.4,28
202609050800,reposoir,GVE,202609101700,2.9,1.3,10.8,20
202609050800,reposoir,GVE,202609101800,2.5,1.2,9.7,13
202609050800,reposoir,GVE,202609101900,2.2,1.1,9.0,7
202609050800,reposoir,GVE,202609102000,2.2,1.0,7.9,8
202609050800,reposoir,GVE,202609102100,1.9,0.9,8.2,26
202609050800,reposoir,GVE,202609102200,1.7,0.7,7.5,359
202609050800,reposoir,GVE,202609102300,1.9,0.8,7.6,16
202609050800,reposoir,GVE,202609110000,1.7,0.7,7.3,16
202609050800,reposoir,GVE,202609110100,1.8,0.6,7.1,358
202609050800,reposoir,GVE,202609110200,1.6,0.6,7.1,15
202609050800,reposoir,GVE,202609110300,1.6,0.7,7.0,16
202609050800,reposoir,GVE,202609110400,1.7,0.6,6.8,14
202609050800,reposoir,GVE,202609110500,1.7,0.8,6.9,30
202609050800,reposoir,GVE,202609110600,2.1,0.9,7.9,31
202609050800,reposoir,GVE,202609110700,2.5,1.1,7.7,58
202609050800,reposoir,GVE,202609110800,2.2,0.9,8.2,52
202609050800,reposoir,GVE,202609110900,2.3,1.0,8.6,157
202609050800,reposoir,GVE,202609111000,2.9,1.3,8.9,124
202609050800,reposoir,GVE,202609111100,3.1,1.6,10.0,162
202609050800,reposoir,GVE,202609111200,3.6,1.8,10.8,163
202609050800,reposoir,GVE,202609111300,3.5,1.8,10.9,169
202609050800,reposoir,GVE,202609111400,3.7,1.8,10.9,227
202609050800,reposoir,GVE,202609111500,3.1,1.6,9.8,182
202609050800,reposoir,GVE,202609111600,3.0,1.5,10.1,229
202609050800,reposoir,GVE,202609111700,2.6,1.2,9.9,220
202609050800,reposoir,GVE,202609111800,2.3,1.1,10.4,267
202609050800,reposoir,GVE,202609111900,2.2,1.0,9.1,273
202609050800,reposoir,GVE,202609112000,2.1,0.9,8.1,275
202609050800,reposoir,GVE,202609112100,1.8,0.8,7.6,270
202609050800,reposoir,GVE,202609112200,1.8,0.7,6.7,279
202609050800,reposoir,GVE,202609112300,1.6,0.6,6.7,263
202609050800,reposoir,GVE,202609120000,1.3,0.5,6.3,293
202609050800,reposoir,GVE,202609120100,1.5,0.6,6.4,243
202609050800,reposoir,GVE,202609120200,1.4,0.6,6.7,275
202609050800,reposoir,GVE,202609120300,1.6,0.6,5.6,284
202609050800,reposoir,GVE,202609120400,1.5,0.6,6.3,240
202609050800,reposoir,GVE,202609120500,1.6,0.6,6.6,262
202609050800,reposoir,GVE,202609120600,1.7,0.8,7.1,245
202609050800,reposoir,GVE,202609120700,1.9,0.9,7.3,237
202609050800,reposoir,GVE,202609120800,1.9,0.9,7.8,208
202609050800,reposoir,GVE,202609120900,2.2,0.9,8.1,177
202609050800,reposoir,GVE,202609121000,2.6,1.2,8.7,213
202609050800,reposoir,GVE,202609121100,3.2,1.6,9.3,171
202609050800,reposoir,GVE,202609121200,3.7,1.7,10.0,173
202609050800,reposoir,GVE,202609121300,3.5,1.7,10.1,169
202609050800,reposoir,GVE,202609121400,3.6,1.7,11.4,209
202609050800,reposoir,GVE,202609121500,3.3,1.7,10.9,257
202609050800,reposoir,GVE,202609121600,3.0,1.5,11.0,256
202609050800,reposoir,GVE,202609121700,2.7,1.2,10.4,300
202609050800,reposoir,GVE,202609121800,2.5,1.1,9.3,328
202609050800,reposoir,GVE,202609121900,2.2,1.0,8.3,11
202609050800,reposoir,GVE,202609122000,1.9,0.9,8.3,344
202609050800,reposoir,GVE,202609122100,1.8,0.8,7.7,16
202609050800,reposoir,GVE,202609122200,1.9,0.9,7.8,20
202609050800,reposoir,GVE,202609122300,1.8,0.7,7.1,3
202609050800,reposoir,GVE,202609130000,1.7,0.7,7.5,24
202609050800,reposoir,GVE,202609130100,1.9,0.7,7.7,35
202609050800,reposoir,GVE,202609130200,1.7,0.6,7.0,29
202609050800,reposoir,GVE,202609130300,1.5,0.6,7.6,24
202609050800,reposoir,GVE,202609130400,1.6,0.6,7.1,33
202609050800,reposoir,GVE,202609130500,1.8,0.8,7.5,34
202609050800,reposoir,GVE,202609130600,1.7,0.7,6.7,24
202609050800,reposoir,GVE,202609130700,1.8,0.8,7.6,44
202609050800,reposoir,GVE,202609130800,2.0,0.9,7.6,79
202609050800,reposoir,GVE,202609130900,2.2,1.1,8.3,64
202609050800,reposoir,GVE,202609131000,2.8,1.3,8.3,86
202609050800,reposoir,GVE,202609131100,3.2,1.5,9.0,90
202609050800,reposoir,GVE,202609131200,3.6,1.8,10.5,83
202609050800,reposoir,GVE,202609131300,3.4,1.5,10.6,95
202609050800,reposoir,GVE,202609131400,3.3,1.7,11.0,79
202609050800,reposoir,GVE,202609131500,3.2,1.6,11.4,57
202609050800,reposoir,GVE,202609131600,3.0,1.5,11.1,24
202609050800,reposoir,GVE,202609131700,2.8,1.3,9.7,9
202609050800,reposoir,GVE,202609131800,2.7,1.2,9.8,4
202609050800,reposoir,GVE,202609131900,2.2,1.0,8.9,15
202609050800,reposoir,GVE,202609132000,1.9,0.9,8.6,15
202609050800,reposoir,GVE,202609132100,1.9,0.8,7.7,23
202609050800,reposoir,GVE,202609132200,1.7,0.8,7.7,31
202609050800,reposoir,GVE,202609132300,1.7,0.7,7.7,21
202609050800,reposoir,GVE,202609140000,1.5,0.6,6.7,16
202609050800,vengeron,GVE,202609042200,1.2,1.2,5.1,17
202609050800,vengeron,GVE,202609042300,2.2,2.2,6.5,230
202609050800,vengeron,GVE,202609050000,2.4,2.4,6.5,233
202609050800,vengeron,GVE,202609050100,1.7,1.7,5.3,304
202609050800,vengeron,GVE,202609050200,2.0,2.0,6.4,71
202609050800,vengeron,GVE,202609050300,1.9,1.9,5.8,285
202609050800,vengeron,GVE,202609050400,2.0,2.0,4.9,217
202609050800,vengeron,GVE,202609050500,2.5,2.5,6.5,291
202609050800,vengeron,GVE,202609050600,2.3,2.3,6.5,293
202609050800,vengeron,GVE,202609050700,1.5,1.5,4.8,269
202609050800,vengeron,GVE,202609050800,1.9,1.9,4.2,275
202609050800,vengeron,GVE,202609050900,2.8,1.8,5.9,246
202609050800,vengeron,GVE,202609051000,3.1,2.1,6.5,181
202609050800,vengeron,GVE,202609051100,4.1,2.9,8.2,136
202609050800,vengeron,GVE,202609051200,6.5,5.1,11.9,333
202609050800,vengeron,GVE,202609051300,8.8,7.5,15.7,323
202609050800,vengeron,GVE,202609051400,5.0,3.3,11.9,325
202609050800,vengeron,GVE,202609051500,5.8,3.6,13.1,334
202609050800,vengeron,GVE,202609051600,5.9,3.8,13.1,342
202609050800,vengeron,GVE,202609051700,5.5,3.6,13.6,6
202609050800,vengeron,GVE,202609051800,4.9,2.8,11.9,25
202609050800,vengeron,GVE,202609051900,4.9,2.8,11.2,41
202609050800,vengeron,GVE,202609052000,4.6,2.7,11.8,37
202609050800,vengeron,GVE,202609052100,3.8,2.2,10.4,18
202609050800,vengeron,GVE,202609052200,2.3,1.3,8.5,351
202609050800,vengeron,GVE,202609052300,2.3,1.2,3.8,335
202609050800,vengeron,GVE,202609060000,1.8,1.0,2.8,327
202609050800,vengeron,GVE,202609060100,1.9,1.0,2.8,320
202609050800,vengeron,GVE,202609060200,1.9,1.0,3.0,316
202609050800,vengeron,GVE,202609060300,1.8,1.0,2.8,314
202609050800,vengeron,GVE,202609060400,1.7,1.0,2.8,311
202609050800,vengeron,GVE,202609060500,1.9,1.1,2.8,309
202609050800,vengeron,GVE,202609060600,1.8,1.0,2.4,324
202609050800,vengeron,GVE,202609060700,2.6,1.2,6.8,35
202609050800,vengeron,GVE,202609060800,3.5,1.8,9.6,50
202609050800,vengeron,GVE,202609060900,4.5,2.5,9.6,55
202609050800,vengeron,GVE,202609061000,4.7,2.9,9.2,53
202609050800,vengeron,GVE,202609061100,4.5,2.8,9.0,52
202609050800,vengeron,GVE,202609061200,4.6,2.9,9.1,55
202609050800,vengeron,GVE,202609061300,4.4,2.9,9.1,52
202609050800,vengeron,GVE,202609061400,4.8,3.0,9.3,44
202609050800,vengeron,GVE,202609061500,4.6,2.9,9.1,40
202609050800,vengeron,GVE,202609061600,4.7,2.9,9.0,32
202609050800,vengeron,GVE,202609061700,3.9,2.4,9.0,23
202609050800,vengeron,GVE,202609061800,3.3,1.9,7.5,359
202609050800,vengeron,GVE,202609061900,2.5,1.5,4.0,344
202609050800,vengeron,GVE,202609062000,2.0,1.1,3.5,336
202609050800,vengeron,GVE,202609062100,1.9,1.1,2.7,314
202609050800,vengeron,GVE,202609062200,1.8,0.9,3.0,303
202609050800,vengeron,GVE,202609062300,1.9,1.0,2.8,295
202609050800,vengeron,GVE,202609070000,1.8,0.9,2.9,274
202609050800,vengeron,GVE,202609070100,1.5,0.8,3.1,245
202609050800,vengeron,GVE,202609070200,1.6,0.8,6.0,236
202609050800,vengeron,GVE,202609070300,1.8,0.9,6.7,251
202609050800,vengeron,GVE,202609070400,2.0,1.0,4.5,241
202609050800,vengeron,GVE,202609070500,1.8,1.0,3.7,249
202609050800,vengeron,GVE,202609070600,2.1,1.0,3.7,284
202609050800,vengeron,GVE,202609070700,2.4,1.2,6.7,235
202609050800,vengeron,GVE,202609070800,2.3,1.1,5.2,216
202609050800,vengeron,GVE,202609070900,2.5,1.4,6.8,186
202609050800,vengeron,GVE,202609071000,2.8,1.6,7.1,193
202609050800,vengeron,GVE,202609071100,3.5,2.0,8.7,195
202609050800,vengeron,GVE,202609071200,4.6,2.7,10.3,207
202609050800,vengeron,GVE,202609071300,5.2,3.1,12.1,219
202609050800,vengeron,GVE,202609071400,5.2,3.4,12.8,234
202609050800,vengeron,GVE,202609071500,6.1,3.8,13.9,242
202609050800,vengeron,GVE,202609071600,5.3,3.0,13.0,259
202609050800,vengeron,GVE,202609071700,3.8,2.2,9.6,284
202609050800,vengeron,GVE,202609071800,2.9,1.5,9.0,273
202609050800,vengeron,GVE,202609071900,2.1,1.1,7.8,270
202609050800,vengeron,GVE,202609072000,2.4,1.1,8.4,247
202609050800,vengeron,GVE,202609072100,1.8,0.9,5.9,276
202609050800,vengeron,GVE,202609072200,1.6,0.9,3.5,279
202609050800,vengeron,GVE,202609072300,1.5,0.8,2.8,265
202609050800,vengeron,GVE,202609080000,1.8,1.0,3.0,250
202609050800,vengeron,GVE,202609080100,1.7,0.9,2.6,243
202609050800,vengeron,GVE,202609080200,1.6,0.9,2.6,247
202609050800,vengeron,GVE,202609080300,1.6,0.9,3.0,245
202609050800,vengeron,GVE,202609080400,1.9,1.0,2.8,244
202609050800,vengeron,GVE,202609080500,1.7,0.9,2.6,237
202609050800,vengeron,GVE,202609080600,1.8,0.9,3.0,239
202609050800,vengeron,GVE,202609080700,2.1,1.1,3.3,219
202609050800,vengeron,GVE,202609080800,2.6,1.3,4.3,211
202609050800,vengeron,GVE,202609080900,3.6,1.9,8.4,213
202609050800,vengeron,GVE,202609081000,5.7,3.1,12.0,214
202609050800,vengeron,GVE,202609081100,7.3,4.4,14.4,220
202609050800,vengeron,GVE,202609081200,8.2,5.2,17.3,229
202609050800,vengeron,GVE,202609081300,7.9,5.3,18.1,245
202609050800,vengeron,GVE,202609081400,7.3,4.8,17.4,250
202609050800,vengeron,GVE,202609081500,8.1,5.2,17.4,253
202609050800,vengeron,GVE,202609081600,6.8,3.6,19.1,255
202609050800,vengeron,GVE,202609081700,4.9,2.8,15.9,278
202609050800,vengeron,GVE,202609081800,3.8,2.0,13.8,259
202609050800,vengeron,GVE,202609081900,3.3,1.7,12.0,276
202609050800,vengeron,GVE,202609082000,2.9,1.5,10.7,258
202609050800,vengeron,GVE,202609082100,2.8,1.5,9.6,270
202609050800,vengeron,GVE,202609082200,2.7,1.3,10.4,253
202609050800,vengeron,GVE,202609082300,3.2,1.5,10.0,234
202609050800,vengeron,GVE,202609090000,3.4,1.6,11.4,231
202609050800,vengeron,GVE,202609090100,4.0,1.9,11.0,223
202609050800,vengeron,GVE,202609090200,3.6,1.7,10.8,227
202609050800,vengeron,GVE,202609090300,3.5,1.8,10.4,226
202609050800,vengeron,GVE,202609090400,3.7,1.9,10.0,220
202609050800,vengeron,GVE,202609090500,4.0,1.9,10.4,219
202609050800,vengeron,GVE,202609090600,4.0,2.0,9.6,225
202609050800,vengeron,GVE,202609090700,4.1,2.0,10.5,219
202609050800,vengeron,GVE,202609090800,3.9,1.9,10.3,207
202609050800,vengeron,GVE,202609090900,4.7,2.4,12.1,202
202609050800,vengeron,GVE,202609091000,4.5,2.5,12.9,205
202609050800,vengeron,GVE,202609091100,5.2,3.3,12.3,216
202609050800,vengeron,GVE,202609091200,5.2,2.8,13.2,245
202609050800,vengeron,GVE,202609091300,4.8,2.9,12.3,269
202609050800,vengeron,GVE,202609091400,5.2,3.0,12.9,287
202609050800,vengeron,GVE,202609091500,6.3,4.0,14.2,300
202609050800,vengeron,GVE,202609091600,5.8,3.7,14.6,297
202609050800,vengeron,GVE,202609091700,5.6,3.3,14.0,304
202609050800,vengeron,GVE,202609091800,4.1,2.3,13.4,311
202609050800,vengeron,GVE,202609091900,3.0,1.6,11.0,313
202609050800,vengeron,GVE,202609092000,2.6,1.4,9.5,308
202609050800,vengeron,GVE,202609092100,2.1,1.0,8.1,337
202609050800,vengeron,GVE,202609092200,2.1,1.0,7.2,333
202609050800,vengeron,GVE,202609092300,2.1,1.1,6.3,319
202609050800,vengeron,GVE,202609100000,1.9,0.9,3.9,293
202609050800,vengeron,GVE,202609100100,1.5,0.6,6.6,2
202609050800,vengeron,GVE,202609100200,1.5,0.6,5.7,20
202609050800,vengeron,GVE,202609100300,1.5,0.6,6.4,11
202609050800,vengeron,GVE,202609100400,1.7,0.8,6.3,24
202609050800,vengeron,GVE,202609100500,1.6,0.7,6.7,20
202609050800,vengeron,GVE,202609100600,1.8,0.9,7.1,36
202609050800,vengeron,GVE,202609100700,1.9,0.8,7.5,43
202609050800,vengeron,GVE,202609100800,2.2,1.0,8.1,42
202609050800,vengeron,GVE,202609100900,3.0,1.4,9.1,56
202609050800,vengeron,GVE,202609101000,3.2,1.6,9.2,57
202609050800,vengeron,GVE,202609101100,3.3,1.6,9.9,59
202609050800,vengeron,GVE,202609101200,3.6,1.8,10.6,66
202609050800,vengeron,GVE,202609101300,3.7,1.8,10.6,57
202609050800,vengeron,GVE,202609101400,3.2,1.6,10.9,54
202609050800,vengeron,GVE,202609101500,3.2,1.7,11.9,47
202609050800,vengeron,GVE,202609101600,3.2,1.6,10.4,28
202609050800,vengeron,GVE,202609101700,2.9,1.3,10.8,20
202609050800,vengeron,GVE,202609101800,2.5,1.2,9.7,13
202609050800,vengeron,GVE,202609101900,2.2,1.1,9.0,7
202609050800,vengeron,GVE,202609102000,2.2,1.0,7.9,8
202609050800,vengeron,GVE,202609102100,1.9,0.9,8.2,26
202609050800,vengeron,GVE,202609102200,1.7,0.7,7.5,359
202609050800,vengeron,GVE,202609102300,1.9,0.8,7.6,16
202609050800,vengeron,GVE,202609110000,1.7,0.7,7.3,16
202609050800,vengeron,GVE,202609110100,1.8,0.6,7.1,358
202609050800,vengeron,GVE,202609110200,1.6,0.6,7.1,15
202609050800,vengeron,GVE,202609110300,1.6,0.7,7.0,16
202609050800,vengeron,GVE,202609110400,1.7,0.6,6.8,14
202609050800,vengeron,GVE,202609110500,1.7,0.8,6.9,30
202609050800,vengeron,GVE,202609110600,2.1,0.9,7.9,31
202609050800,vengeron,GVE,202609110700,2.5,1.1,7.7,58
202609050800,vengeron,GVE,202609110800,2.2,0.9,8.2,52
202609050800,vengeron,GVE,202609110900,2.3,1.0,8.6,157
202609050800,vengeron,GVE,202609111000,2.9,1.3,8.9,124
202609050800,vengeron,GVE,202609111100,3.1,1.6,10.0,162
202609050800,vengeron,GVE,202609111200,3.6,1.8,10.8,163
202609050800,vengeron,GVE,202609111300,3.5,1.8,10.9,169
202609050800,vengeron,GVE,202609111400,3.7,1.8,10.9,227
202609050800,vengeron,GVE,202609111500,3.1,1.6,9.8,182
202609050800,vengeron,GVE,202609111600,3.0,1.5,10.1,229
202609050800,vengeron,GVE,202609111700,2.6,1.2,9.9,220
202609050800,vengeron,GVE,202609111800,2.3,1.1,10.4,267
202609050800,vengeron,GVE,202609111900,2.2,1.0,9.1,273
202609050800,vengeron,GVE,202609112000,2.1,0.9,8.1,275
202609050800,vengeron,GVE,202609112100,1.8,0.8,7.6,270
202609050800,vengeron,GVE,202609112200,1.8,0.7,6.7,279
202609050800,vengeron,GVE,202609112300,1.6,0.6,6.7,263
202609050800,vengeron,GVE,202609120000,1.3,0.5,6.3,293
202609050800,vengeron,GVE,202609120100,1.5,0.6,6.4,243
202609050800,vengeron,GVE,202609120200,1.4,0.6,6.7,275
202609050800,vengeron,GVE,202609120300,1.6,0.6,5.6,284
202609050800,vengeron,GVE,202609120400,1.5,0.6,6.3,240
202609050800,vengeron,GVE,202609120500,1.6,0.6,6.6,262
202609050800,vengeron,GVE,202609120600,1.7,0.8,7.1,245
202609050800,vengeron,GVE,202609120700,1.9,0.9,7.3,237
202609050800,vengeron,GVE,202609120800,1.9,0.9,7.8,208
202609050800,vengeron,GVE,202609120900,2.2,0.9,8.1,177
202609050800,vengeron,GVE,202609121000,2.6,1.2,8.7,213
202609050800,vengeron,GVE,202609121100,3.2,1.6,9.3,171
202609050800,vengeron,GVE,202609121200,3.7,1.7,10.0,173
202609050800,vengeron,GVE,202609121300,3.5,1.7,10.1,169
202609050800,vengeron,GVE,202609121400,3.6,1.7,11.4,209
202609050800,vengeron,GVE,202609121500,3.3,1.7,10.9,257
202609050800,vengeron,GVE,202609121600,3.0,1.5,11.0,256
202609050800,vengeron,GVE,202609121700,2.7,1.2,10.4,300
202609050800,vengeron,GVE,202609121800,2.5,1.1,9.3,328
202609050800,vengeron,GVE,202609121900,2.2,1.0,8.3,11
202609050800,vengeron,GVE,202609122000,1.9,0.9,8.3,344
202609050800,vengeron,GVE,202609122100,1.8,0.8,7.7,16
202609050800,vengeron,GVE,202609122200,1.9,0.9,7.8,20
202609050800,vengeron,GVE,202609122300,1.8,0.7,7.1,3
202609050800,vengeron,GVE,202609130000,1.7,0.7,7.5,24
202609050800,vengeron,GVE,202609130100,1.9,0.7,7.7,35
202609050800,vengeron,GVE,202609130200,1.7,0.6,7.0,29
202609050800,vengeron,GVE,202609130300,1.5,0.6,7.6,24
202609050800,vengeron,GVE,202609130400,1.6,0.6,7.1,33
202609050800,vengeron,GVE,202609130500,1.8,0.8,7.5,34
202609050800,vengeron,GVE,202609130600,1.7,0.7,6.7,24
202609050800,vengeron,GVE,202609130700,1.8,0.8,7.6,44
202609050800,vengeron,GVE,202609130800,2.0,0.9,7.6,79
202609050800,vengeron,GVE,202609130900,2.2,1.1,8.3,64
202609050800,vengeron,GVE,202609131000,2.8,1.3,8.3,86
202609050800,vengeron,GVE,202609131100,3.2,1.5,9.0,90
202609050800,vengeron,GVE,202609131200,3.6,1.8,10.5,83
202609050800,vengeron,GVE,202609131300,3.4,1.5,10.6,95
202609050800,vengeron,GVE,202609131400,3.3,1.7,11.0,79
202609050800,vengeron,GVE,202609131500,3.2,1.6,11.4,57
202609050800,vengeron,GVE,202609131600,3.0,1.5,11.1,24
202609050800,vengeron,GVE,202609131700,2.8,1.3,9.7,9
202609050800,vengeron,GVE,202609131800,2.7,1.2,9.8,4
202609050800,vengeron,GVE,202609131900,2.2,1.0,8.9,15
202609050800,vengeron,GVE,202609132000,1.9,0.9,8.6,15
202609050800,vengeron,GVE,202609132100,1.9,0.8,7.7,23
202609050800,vengeron,GVE,202609132200,1.7,0.8,7.7,31
202609050800,vengeron,GVE,202609132300,1.7,0.7,7.7,21
202609050800,vengeron,GVE,202609140000,1.5,0.6,6.7,16
202609050800,coppet,CGI,202609042200,4.4,4.4,8.3,295
202609050800,coppet,CGI,202609042300,4.6,4.6,11.0,274
202609050800,coppet,CGI,202609050000,5.4,5.4,10.7,250
202609050800,coppet,CGI,202609050100,5.3,5.3,11.7,249
202609050800,coppet,CGI,202609050200,6.1,6.1,10.9,243
202609050800,coppet,CGI,202609050300,4.4,4.4,9.7,253
202609050800,coppet,CGI,202609050400,3.5,3.5,6.3,239
202609050800,coppet,CGI,202609050500,3.1,3.1,5.8,281
202609050800,coppet,CGI,202609050600,3.4,3.4,7.1,280
202609050800,coppet,CGI,202609050700,3.4,3.4,6.5,260
202609050800,coppet,CGI,202609050800,3.5,3.5,5.9,217
202609050800,coppet,CGI,202609050900,3.1,2.2,6.0,207
202609050800,coppet,CGI,202609051000,3.1,2.1,6.2,175
202609050800,coppet,CGI,202609051100,3.6,2.3,7.0,144
202609050800,coppet,CGI,202609051200,5.0,3.6,8.9,96
202609050800,coppet,CGI,202609051300,6.3,4.9,10.7,66
202609050800,coppet,CGI,202609051400,4.6,3.1,11.8,213
202609050800,coppet,CGI,202609051500,4.9,3.1,13.0,312
202609050800,coppet,CGI,202609051600,5.1,3.1,12.1,353
202609050800,coppet,CGI,202609051700,4.6,2.7,11.8,11
202609050800,coppet,CGI,202609051800,3.3,1.8,9.8,27
202609050800,coppet,CGI,202609051900,3.6,2.0,9.4,35
202609050800,coppet,CGI,202609052000,3.9,2.4,9.6,29
202609050800,coppet,CGI,202609052100,3.0,1.8,9.3,2
202609050800,coppet,CGI,202609052200,2.5,1.5,7.3,334
202609050800,coppet,CGI,202609052300,2.6,1.5,4.8,329
202609050800,coppet,CGI,202609060000,2.1,1.1,3.6,330
202609050800,coppet,CGI,202609060100,2.3,1.2,3.5,316
202609050800,coppet,CGI,202609060200,2.2,1.2,3.1,309
202609050800,coppet,CGI,202609060300,2.1,1.1,2.7,308
202609050800,coppet,CGI,202609060400,2.2,1.2,2.9,298
202609050800,coppet,CGI,202609060500,2.1,1.2,2.8,302
202609050800,coppet,CGI,202609060600,2.0,1.1,2.6,296
202609050800,coppet,CGI,202609060700,2.3,1.1,4.3,66
202609050800,coppet,CGI,202609060800,3.3,1.9,9.0,55
202609050800,coppet,CGI,202609060900,4.8,2.7,11.2,59
202609050800,coppet,CGI,202609061000,4.6,3.0,10.9,61
202609050800,coppet,CGI,202609061100,4.6,2.9,9.6,64
202609050800,coppet,CGI,202609061200,4.3,2.8,9.2,64
202609050800,coppet,CGI,202609061300,4.2,2.6,9.3,57
202609050800,coppet,CGI,202609061400,4.4,2.7,9.7,56
202609050800,coppet,CGI,202609061500,4.3,2.8,9.1,54
202609050800,coppet,CGI,202609061600,4.0,2.5,8.8,39
202609050800,coppet,CGI,202609061700,3.5,2.1,8.4,24
202609050800,coppet,CGI,202609061800,2.4,1.5,4.3,2
202609050800,coppet,CGI,202609061900,2.9,1.7,4.2,335
202609050800,coppet,CGI,202609062000,2.4,1.3,3.2,323
202609050800,coppet,CGI,202609062100,1.9,1.0,2.9,315
202609050800,coppet,CGI,202609062200,1.8,1.0,2.8,304
202609050800,coppet,CGI,202609062300,1.8,1.0,2.8,284
202609050800,coppet,CGI,202609070000,1.7,0.9,3.3,282
202609050800,coppet,CGI,202609070100,1.8,0.9,3.1,277
202609050800,coppet,CGI,202609070200,1.7,0.9,4.0,267
202609050800,coppet,CGI,202609070300,1.8,0.9,4.4,256
202609050800,coppet,CGI,202609070400,1.8,0.9,4.5,250
202609050800,coppet,CGI,202609070500,2.0,1.1,3.7,249
202609050800,coppet,CGI,202609070600,2.0,1.0,5.0,252
202609050800,coppet,CGI,202609070700,2.3,1.1,5.4,231
202609050800,coppet,CGI,202609070800,2.8,1.5,6.5,199
202609050800,coppet,CGI,202609070900,2.8,1.5,8.1,200
202609050800,coppet,CGI,202609071000,3.7,2.0,9.0,178
202609050800,coppet,CGI,202609071100,3.8,2.2,9.3,180
202609050800,coppet,CGI,202609071200,5.0,3.0,11.3,183
202609050800,coppet,CGI,202609071300,5.5,3.6,12.9,202
202609050800,coppet,CGI,202609071400,5.4,3.5,13.2,222
202609050800,coppet,CGI,202609071500,5.7,3.6,13.6,239
202609050800,coppet,CGI,202609071600,5.3,3.3,13.3,253
202609050800,coppet,CGI,202609071700,2.9,1.7,9.9,269
202609050800,coppet,CGI,202609071800,2.5,1.5,7.7,290
202609050800,coppet,CGI,202609071900,2.2,1.1,8.2,260
202609050800,coppet,CGI,202609072000,1.9,1.1,7.1,249
202609050800,coppet,CGI,202609072100,2.0,1.1,4.5,279
202609050800,coppet,CGI,202609072200,1.9,1.0,3.8,267
202609050800,coppet,CGI,202609072300,1.7,0.9,2.6,263
202609050800,coppet,CGI,202609080000,1.7,0.9,2.6,258
202609050800,coppet,CGI,202609080100,1.7,0.9,3.2,252
202609050800,coppet,CGI,202609080200,1.8,1.0,2.7,264
202609050800,coppet,CGI,202609080300,1.6,0.9,2.9,258
202609050800,coppet,CGI,202609080400,1.8,1.0,2.6,248
202609050800,coppet,CGI,202609080500,1.8,1.1,2.5,245
202609050800,coppet,CGI,202609080600,1.8,1.0,2.8,240
202609050800,coppet,CGI,202609080700,2.3,1.1,3.2,215
202609050800,coppet,CGI,202609080800,3.0,1.6,7.1,210
202609050800,coppet,CGI,202609080900,4.1,2.3,9.2,209
202609050800,coppet,CGI,202609081000,5.4,3.4,12.7,207
202609050800,coppet,CGI,202609081100,6.4,4.3,14.5,206
202609050800,coppet,CGI,202609081200,7.7,5.3,17.2,227
202609050800,coppet,CGI,202609081300,8.0,5.4,17.9,235
202609050800,coppet,CGI,202609081400,8.5,5.6,17.2,246
202609050800,coppet,CGI,202609081500,7.3,4.6,18.4,246
202609050800,coppet,CGI,202609081600,7.1,4.0,18.0,261
202609050800,coppet,CGI,202609081700,5.1,3.1,16.3,265
202609050800,coppet,CGI,202609081800,3.8,1.9,12.9,263
202609050800,coppet,CGI,202609081900,3.2,1.7,11.3,243
202609050800,coppet,CGI,202609082000,3.0,1.4,10.2,257
202609050800,coppet,CGI,202609082100,2.5,1.4,8.8,259
202609050800,coppet,CGI,202609082200,2.7,1.4,9.0,248
202609050800,coppet,CGI,202609082300,2.5,1.2,8.5,245
202609050800,coppet,CGI,202609090000,3.0,1.5,9.1,239
202609050800,coppet,CGI,202609090100,2.8,1.4,8.5,233
202609050800,coppet,CGI,202609090200,2.5,1.2,8.4,238
202609050800,coppet,CGI,202609090300,3.2,1.7,8.9,238
202609050800,coppet,CGI,202609090400,3.1,1.6,8.7,229
202609050800,coppet,CGI,202609090500,3.1,1.6,9.1,231
202609050800,coppet,CGI,202609090600,2.6,1.3,9.2,224
202609050800,coppet,CGI,202609090700,3.2,1.5,8.6,222
202609050800,coppet,CGI,202609090800,3.7,1.9,9.9,211
202609050800,coppet,CGI,202609090900,4.5,2.5,10.7,197
202609050800,coppet,CGI,202609091000,4.6,2.8,11.8,196
202609050800,coppet,CGI,202609091100,5.0,3.1,13.4,217
202609050800,coppet,CGI,202609091200,5.8,3.6,13.9,237
202609050800,coppet,CGI,202609091300,5.5,3.3,14.0,240
202609050800,coppet,CGI,202609091400,5.7,3.7,14.3,274
202609050800,coppet,CGI,202609091500,6.0,3.7,14.0,280
202609050800,coppet,CGI,202609091600,5.2,3.4,14.0,295
202609050800,coppet,CGI,202609091700,4.4,2.6,13.4,301
202609050800,coppet,CGI,202609091800,3.1,1.8,11.7,306
202609050800,coppet,CGI,202609091900,2.9,1.5,9.7,302
202609050800,coppet,CGI,202609092000,2.4,1.2,8.3,317
202609050800,coppet,CGI,202609092100,2.5,1.3,6.6,319
202609050800,coppet,CGI,202609092200,2.2,1.1,7.1,315
202609050800,coppet,CGI,202609092300,2.4,1.2,6.2,309
202609050800,coppet,CGI,202609100000,2.2,1.1,6.2,313
202609050800,coppet,CGI,202609100100,1.7,0.6,6.4,28
202609050800,coppet,CGI,202609100200,1.9,0.7,6.1,17
202609050800,coppet,CGI,202609100300,1.8,0.6,7.1,29
202609050800,coppet,CGI,202609100400,1.9,0.8,7.0,37
202609050800,coppet,CGI,202609100500,1.9,0.8,7.2,49
202609050800,coppet,CGI,202609100600,2.2,0.9,7.3,41
202609050800,coppet,CGI,202609100700,2.5,1.1,7.9,46
202609050800,coppet,CGI,202609100800,2.8,1.2,8.1,47
202609050800,coppet,CGI,202609100900,3.2,1.6,9.5,56
202609050800,coppet,CGI,202609101000,3.7,1.7,10.5,62
202609050800,coppet,CGI,202609101100,3.7,1.8,10.9,63
202609050800,coppet,CGI,202609101200,4.0,1.8,11.6,63
202609050800,coppet,CGI,202609101300,3.9,2.1,11.8,59
202609050800,coppet,CGI,202609101400,3.9,1.9,11.2,56
202609050800,coppet,CGI,202609101500,3.7,1.9,10.9,51
202609050800,coppet,CGI,202609101600,3.9,1.7,11.0,46
202609050800,coppet,CGI,202609101700,3.7,1.8,11.1,35
202609050800,coppet,CGI,202609101800,3.0,1.5,9.7,20
202609050800,coppet,CGI,202609101900,2.9,1.2,9.3,30
202609050800,coppet,CGI,202609102000,2.4,1.0,8.6,32
202609050800,coppet,CGI,202609102100,2.5,1.0,7.9,27
202609050800,coppet,CGI,202609102200,1.9,0.8,8.4,30
202609050800,coppet,CGI,202609102300,2.1,0.9,8.0,21
202609050800,coppet,CGI,202609110000,2.0,0.9,8.0,32
202609050800,coppet,CGI,202609110100,1.7,0.7,8.1,32
202609050800,coppet,CGI,202609110200,2.5,1.0,8.2,44
202609050800,coppet,CGI,202609110300,1.9,0.8,7.5,35
202609050800,coppet,CGI,202609110400,2.0,0.8,8.0,28
202609050800,coppet,CGI,202609110500,2.1,0.9,7.5,0
202609050800,coppet,CGI,202609110600,2.3,1.0,7.7,9
202609050800,coppet,CGI,202609110700,2.1,0.9,7.7,68
202609050800,coppet,CGI,202609110800,2.4,1.1,7.6,101
202609050800,coppet,CGI,202609110900,2.8,1.2,8.8,134
202609050800,coppet,CGI,202609111000,3.1,1.5,9.2,135
202609050800,coppet,CGI,202609111100,3.6,1.7,9.7,131
202609050800,coppet,CGI,202609111200,3.7,1.8,11.0,144
202609050800,coppet,CGI,202609111300,3.9,1.9,11.3,144
202609050800,coppet,CGI,202609111400,3.8,1.9,11.1,158
202609050800,coppet,CGI,202609111500,3.7,1.8,10.6,224
202609050800,coppet,CGI,202609111600,3.2,1.6,9.7,212
202609050800,coppet,CGI,202609111700,2.7,1.3,10.0,208
202609050800,coppet,CGI,202609111800,2.6,1.2,10.3,247
202609050800,coppet,CGI,202609111900,2.3,0.9,8.5,224
202609050800,coppet,CGI,202609112000,2.0,0.9,8.4,240
202609050800,coppet,CGI,202609112100,1.8,0.9,8.1,228
202609050800,coppet,CGI,202609112200,1.7,0.8,7.5,232
202609050800,coppet,CGI,202609112300,1.7,0.7,6.5,224
202609050800,coppet,CGI,202609120000,1.8,0.7,7.5,213
202609050800,coppet,CGI,202609120100,1.6,0.6,6.9,222
202609050800,coppet,CGI,202609120200,1.7,0.8,7.3,224
202609050800,coppet,CGI,202609120300,1.8,0.8,6.9,224
202609050800,coppet,CGI,202609120400,1.8,0.8,5.5,218
202609050800,coppet,CGI,202609120500,1.7,0.8,7.3,227
202609050800,coppet,CGI,202609120600,2.1,0.9,7.8,216
202609050800,coppet,CGI,202609120700,2.0,1.0,7.5,209
202609050800,coppet,CGI,202609120800,2.3,1.0,7.6,183
202609050800,coppet,CGI,202609120900,2.5,1.1,7.9,166
202609050800,coppet,CGI,202609121000,2.9,1.5,8.7,173
202609050800,coppet,CGI,202609121100,3.6,1.6,9.6,184
202609050800,coppet,CGI,202609121200,4.1,1.8,10.9,157
202609050800,coppet,CGI,202609121300,3.4,1.8,10.5,162
202609050800,coppet,CGI,202609121400,3.5,1.6,10.7,162
202609050800,coppet,CGI,202609121500,3.8,1.8,10.8,161
202609050800,coppet,CGI,202609121600,3.6,1.6,10.7,143
202609050800,coppet,CGI,202609121700,2.9,1.4,9.4,88
202609050800,coppet,CGI,202609121800,2.9,1.5,9.3,8
202609050800,coppet,CGI,202609121900,2.4,1.0,8.9,27
202609050800,coppet,CGI,202609122000,2.4,1.1,8.4,3
202609050800,coppet,CGI,202609122100,2.2,1.0,8.0,349
202609050800,coppet,CGI,202609122200,2.1,0.9,7.6,20
202609050800,coppet,CGI,202609122300,1.9,0.8,7.3,29
202609050800,coppet,CGI,202609130000,2.0,0.8,7.9,30
202609050800,coppet,CGI,202609130100,2.2,0.9,7.5,19
202609050800,coppet,CGI,202609130200,1.7,0.8,7.9,45
202609050800,coppet,CGI,202609130300,1.8,0.7,7.3,60
202609050800,coppet,CGI,202609130400,1.9,0.8,7.2,32
202609050800,coppet,CGI,202609130500,1.9,0.8,7.6,35
202609050800,coppet,CGI,202609130600,2.0,0.9,8.0,44
202609050800,coppet,CGI,202609130700,2.1,0.9,8.3,65
202609050800,coppet,CGI,202609130800,2.3,1.0,8.3,70
202609050800,coppet,CGI,202609130900,2.8,1.3,8.4,70
202609050800,coppet,CGI,202609131000,3.0,1.3,8.0,61
202609050800,coppet,CGI,202609131100,3.3,1.6,9.8,80
202609050800,coppet,CGI,202609131200,3.7,1.7,10.7,79
202609050800,coppet,CGI,202609131300,3.8,1.8,10.7,70
202609050800,coppet,CGI,202609131400,3.6,1.8,11.1,74
202609050800,coppet,CGI,202609131500,3.8,1.8,11.0,44
202609050800,coppet,CGI,202609131600,3.3,1.7,10.9,45
202609050800,coppet,CGI,202609131700,3.2,1.5,10.9,32
202609050800,coppet,CGI,202609131800,3.0,1.3,9.2,25
202609050800,coppet,CGI,202609131900,2.6,1.2,8.7,31
202609050800,coppet,CGI,202609132000,2.5,1.0,8.2,15
202609050800,coppet,CGI,202609132100,2.4,1.0,8.0,23
202609050800,coppet,CGI,202609132200,1.9,0.8,7.6,30
202609050800,coppet,CGI,202609132300,1.7,0.7,7.5,33
202609050800,coppet,CGI,202609140000,1.9,0.8,7.7,38
202609050800,nyon,CGI,202609042200,3.8,3.8,10.7,304
202609050800,nyon,CGI,202609042300,2.4,2.4,7.8,169
202609050800,nyon,CGI,202609050000,3.6,3.6,19.4,134
202609050800,nyon,CGI,202609050100,3.7,3.7,19.4,110
202609050800,nyon,CGI,202609050200,3.5,3.5,9.0,180
202609050800,nyon,CGI,202609050300,2.3,2.3,7.4,322
202609050800,nyon,CGI,202609050400,2.2,2.2,6.4,263
202609050800,nyon,CGI,202609050500,2.1,2.1,4.9,251
202609050800,nyon,CGI,202609050600,2.3,2.3,5.6,212
202609050800,nyon,CGI,202609050700,2.6,2.6,5.6,249
202609050800,nyon,CGI,202609050800,2.6,2.6,5.9,230
202609050800,nyon,CGI,202609050900,2.5,1.3,6.2,196
202609050800,nyon,CGI,202609051000,3.2,1.8,6.9,171
202609050800,nyon,CGI,202609051100,4.2,2.6,8.1,156
202609050800,nyon,CGI,202609051200,5.8,4.3,10.5,175
202609050800,nyon,CGI,202609051300,7.6,6.0,13.0,319
202609050800,nyon,CGI,202609051400,5.3,3.5,12.1,282
202609050800,nyon,CGI,202609051500,5.5,3.5,12.3,318
202609050800,nyon,CGI,202609051600,5.6,3.5,12.9,326
202609050800,nyon,CGI,202609051700,4.4,2.8,11.8,337
202609050800,nyon,CGI,202609051800,4.2,2.4,11.4,336
202609050800,nyon,CGI,202609051900,2.9,1.7,11.1,0
202609050800,nyon,CGI,202609052000,2.9,1.7,8.6,359
202609050800,nyon,CGI,202609052100,3.0,1.7,8.3,332
202609050800,nyon,CGI,202609052200,3.1,1.7,6.9,333
202609050800,nyon,CGI,202609052300,3.3,1.8,5.7,336
202609050800,nyon,CGI,202609060000,2.7,1.5,6.2,333
202609050800,nyon,CGI,202609060100,2.6,1.5,5.0,328
202609050800,nyon,CGI,202609060200,2.3,1.3,3.9,320
202609050800,nyon,CGI,202609060300,2.5,1.4,3.5,330
202609050800,nyon,CGI,202609060400,2.3,1.2,3.0,330
202609050800,nyon,CGI,202609060500,2.3,1.3,3.1,323
202609050800,nyon,CGI,202609060600,2.4,1.3,3.1,325
202609050800,nyon,CGI,202609060700,2.1,1.2,2.9,165
202609050800,nyon,CGI,202609060800,2.4,1.5,6.3,84
202609050800,nyon,CGI,202609060900,4.2,2.5,9.9,87
202609050800,nyon,CGI,202609061000,4.7,2.8,10.4,87
202609050800,nyon,CGI,202609061100,4.3,2.8,9.8,94
202609050800,nyon,CGI,202609061200,4.4,2.9,9.0,91
202609050800,nyon,CGI,202609061300,4.3,2.6,9.3,95
202609050800,nyon,CGI,202609061400,4.2,2.6,8.9,94
202609050800,nyon,CGI,202609061500,4.0,2.6,9.2,87
202609050800,nyon,CGI,202609061600,3.4,2.0,8.7,79
202609050800,nyon,CGI,202609061700,2.5,1.5,5.2,50
202609050800,nyon,CGI,202609061800,2.3,1.4,3.8,333
202609050800,nyon,CGI,202609061900,2.8,1.7,4.5,315
202609050800,nyon,CGI,202609062000,2.5,1.5,3.3,314
202609050800,nyon,CGI,202609062100,2.3,1.3,3.3,316
202609050800,nyon,CGI,202609062200,2.1,1.1,3.2,304
202609050800,nyon,CGI,202609062300,2.1,1.2,2.9,311
202609050800,nyon,CGI,202609070000,1.8,1.0,3.0,300
202609050800,nyon,CGI,202609070100,1.9,1.0,2.9,297
202609050800,nyon,CGI,202609070200,2.1,1.1,4.3,289
202609050800,nyon,CGI,202609070300,1.9,1.0,5.1,285
202609050800,nyon,CGI,202609070400,2.0,0.9,3.6,258
202609050800,nyon,CGI,202609070500,2.2,1.0,4.0,273
202609050800,nyon,CGI,202609070600,2.4,1.2,5.2,273
202609050800,nyon,CGI,202609070700,2.1,1.0,6.0,243
202609050800,nyon,CGI,202609070800,2.6,1.3,8.2,203
202609050800,nyon,CGI,202609070900,3.1,1.7,9.2,197
202609050800,nyon,CGI,202609071000,3.7,1.9,9.3,171
202609050800,nyon,CGI,202609071100,4.6,2.8,11.0,167
202609050800,nyon,CGI,202609071200,5.0,3.0,12.0,171
202609050800,nyon,CGI,202609071300,5.5,3.4,12.9,198
202609050800,nyon,CGI,202609071400,5.9,3.9,14.3,204
202609050800,nyon,CGI,202609071500,5.6,3.5,13.6,225
202609050800,nyon,CGI,202609071600,5.3,3.3,14.0,248
202609050800,nyon,CGI,202609071700,3.1,1.6,10.5,262
202609050800,nyon,CGI,202609071800,3.1,1.7,8.6,296
202609050800,nyon,CGI,202609071900,2.5,1.3,8.6,287
202609050800,nyon,CGI,202609072000,1.9,1.0,8.4,298
202609050800,nyon,CGI,202609072100,2.3,1.2,5.0,288
202609050800,nyon,CGI,202609072200,2.2,1.1,3.1,296
202609050800,nyon,CGI,202609072300,1.9,1.0,2.9,283
202609050800,nyon,CGI,202609080000,1.7,0.9,2.9,283
202609050800,nyon,CGI,202609080100,1.7,1.0,3.0,275
202609050800,nyon,CGI,202609080200,1.7,1.0,2.6,290
202609050800,nyon,CGI,202609080300,1.8,0.9,2.5,278
202609050800,nyon,CGI,202609080400,1.8,0.9,2.5,293
202609050800,nyon,CGI,202609080500,1.4,0.8,2.6,291
202609050800,nyon,CGI,202609080600,1.7,0.9,2.6,281
202609050800,nyon,CGI,202609080700,1.5,0.8,2.5,211
202609050800,nyon,CGI,202609080800,2.4,1.3,4.9,184
202609050800,nyon,CGI,202609080900,3.8,2.1,9.4,185
202609050800,nyon,CGI,202609081000,5.3,3.2,13.4,195
202609050800,nyon,CGI,202609081100,6.7,4.0,15.9,211
202609050800,nyon,CGI,202609081200,7.7,5.1,18.5,228
202609050800,nyon,CGI,202609081300,8.3,5.7,19.0,240
202609050800,nyon,CGI,202609081400,8.7,6.0,19.9,248
202609050800,nyon,CGI,202609081500,8.6,5.3,19.9,257
202609050800,nyon,CGI,202609081600,7.6,4.6,19.1,267
202609050800,nyon,CGI,202609081700,5.4,3.0,18.0,276
202609050800,nyon,CGI,202609081800,4.5,2.3,16.4,281
202609050800,nyon,CGI,202609081900,3.2,1.7,13.9,256
202609050800,nyon,CGI,202609082000,3.0,1.4,11.0,267
202609050800,nyon,CGI,202609082100,3.2,1.5,10.4,267
202609050800,nyon,CGI,202609082200,2.5,1.3,9.0,255
202609050800,nyon,CGI,202609082300,2.2,1.1,8.3,235
202609050800,nyon,CGI,202609090000,2.3,0.9,8.2,244
202609050800,nyon,CGI,202609090100,2.2,1.1,8.9,248
202609050800,nyon,CGI,202609090200,2.5,1.2,8.5,244
202609050800,nyon,CGI,202609090300,3.1,1.4,8.3,245
202609050800,nyon,CGI,202609090400,2.9,1.4,9.2,242
202609050800,nyon,CGI,202609090500,2.8,1.4,8.2,248
202609050800,nyon,CGI,202609090600,2.8,1.3,8.4,237
202609050800,nyon,CGI,202609090700,2.6,1.2,8.4,227
202609050800,nyon,CGI,202609090800,3.2,1.7,10.0,206
202609050800,nyon,CGI,202609090900,4.4,2.6,11.3,200
202609050800,nyon,CGI,202609091000,4.6,2.7,12.4,205
202609050800,nyon,CGI,202609091100,5.2,3.0,13.4,226
202609050800,nyon,CGI,202609091200,5.5,3.1,14.1,239
202609050800,nyon,CGI,202609091300,6.1,3.8,14.1,262
202609050800,nyon,CGI,202609091400,6.2,3.7,15.0,274
202609050800,nyon,CGI,202609091500,6.9,4.0,16.4,286
202609050800,nyon,CGI,202609091600,6.4,3.9,15.7,292
202609050800,nyon,CGI,202609091700,5.6,3.3,14.6,296
202609050800,nyon,CGI,202609091800,5.2,2.7,14.0,306
202609050800,nyon,CGI,202609091900,4.2,2.2,12.9,314
202609050800,nyon,CGI,202609092000,2.9,1.6,10.7,313
202609050800,nyon,CGI,202609092100,2.4,1.1,8.9,325
202609050800,nyon,CGI,202609092200,2.2,1.1,7.6,341
202609050800,nyon,CGI,202609092300,2.3,1.1,6.9,346
202609050800,nyon,CGI,202609100000,2.3,1.2,6.2,336
202609050800,nyon,CGI,202609100100,1.9,0.8,6.9,16
202609050800,nyon,CGI,202609100200,1.7,0.7,6.4,8
202609050800,nyon,CGI,202609100300,1.8,0.8,6.9,28
202609050800,nyon,CGI,202609100400,1.9,0.9,7.3,31
202609050800,nyon,CGI,202609100500,2.2,0.9,7.5,26
202609050800,nyon,CGI,202609100600,2.5,1.0,7.7,34
202609050800,nyon,CGI,202609100700,2.3,1.0,7.5,42
202609050800,nyon,CGI,202609100800,3.1,1.2,8.4,54
202609050800,nyon,CGI,202609100900,3.5,1.5,9.1,61
202609050800,nyon,CGI,202609101000,3.5,1.7,9.2,75
202609050800,nyon,CGI,202609101100,3.7,1.7,11.0,72
202609050800,nyon,CGI,202609101200,4.3,2.1,11.9,79
202609050800,nyon,CGI,202609101300,4.3,2.1,11.9,79
202609050800,nyon,CGI,202609101400,3.9,2.1,11.0,71
202609050800,nyon,CGI,202609101500,3.9,1.9,11.7,55
202609050800,nyon,CGI,202609101600,3.5,1.7,11.2,63
202609050800,nyon,CGI,202609101700,3.1,1.6,10.9,29
202609050800,nyon,CGI,202609101800,3.2,1.5,10.4,23
202609050800,nyon,CGI,202609101900,3.0,1.3,10.0,9
202609050800,nyon,CGI,202609102000,2.5,1.2,9.1,4
202609050800,nyon,CGI,202609102100,2.3,1.1,8.4,19
202609050800,nyon,CGI,202609102200,2.3,1.0,7.9,13
202609050800,nyon,CGI,202609102300,2.2,1.0,7.9,26
202609050800,nyon,CGI,202609110000,2.1,0.9,7.7,12
202609050800,nyon,CGI,202609110100,2.2,0.9,8.3,18
202609050800,nyon,CGI,202609110200,2.4,0.9,7.4,7
202609050800,nyon,CGI,202609110300,2.4,1.0,7.3,15
202609050800,nyon,CGI,202609110400,2.5,0.9,7.7,27
202609050800,nyon,CGI,202609110500,2.2,0.9,8.2,39
202609050800,nyon,CGI,202609110600,2.4,1.1,8.2,33
202609050800,nyon,CGI,202609110700,2.5,1.2,8.0,55
202609050800,nyon,CGI,202609110800,2.6,1.1,8.4,68
202609050800,nyon,CGI,202609110900,2.9,1.3,9.6,127
202609050800,nyon,CGI,202609111000,3.3,1.4,8.6,152
202609050800,nyon,CGI,202609111100,3.7,1.8,10.7,156
202609050800,nyon,CGI,202609111200,4.0,1.9,12.0,165
202609050800,nyon,CGI,202609111300,3.9,1.8,12.5,154
202609050800,nyon,CGI,202609111400,3.8,1.9,11.7,182
202609050800,nyon,CGI,202609111500,3.6,1.9,12.6,215
202609050800,nyon,CGI,202609111600,3.3,1.7,11.7,207
202609050800,nyon,CGI,202609111700,2.9,1.3,10.7,237
202609050800,nyon,CGI,202609111800,2.8,1.3,11.1,240
202609050800,nyon,CGI,202609111900,2.5,1.2,9.1,244
202609050800,nyon,CGI,202609112000,2.1,0.9,8.9,256
202609050800,nyon,CGI,202609112100,1.8,0.9,8.2,261
202609050800,nyon,CGI,202609112200,2.0,0.9,7.3,251
202609050800,nyon,CGI,202609112300,1.9,0.7,7.3,249
202609050800,nyon,CGI,202609120000,1.8,0.8,7.2,239
202609050800,nyon,CGI,202609120100,1.8,0.8,6.7,255
202609050800,nyon,CGI,202609120200,1.7,0.6,6.6,249
202609050800,nyon,CGI,202609120300,1.6,0.7,7.1,240
202609050800,nyon,CGI,202609120400,1.9,0.8,7.5,248
202609050800,nyon,CGI,202609120500,1.9,0.8,7.2,252
202609050800,nyon,CGI,202609120600,2.2,0.9,7.3,215
202609050800,nyon,CGI,202609120700,2.2,1.0,7.5,216
202609050800,nyon,CGI,202609120800,2.3,1.0,8.3,200
202609050800,nyon,CGI,202609120900,2.8,1.3,8.5,182
202609050800,nyon,CGI,202609121000,3.2,1.5,9.0,187
202609050800,nyon,CGI,202609121100,3.7,1.9,10.2,167
202609050800,nyon,CGI,202609121200,4.4,2.1,11.4,149
202609050800,nyon,CGI,202609121300,4.0,2.1,12.4,163
202609050800,nyon,CGI,202609121400,4.0,2.2,11.1,168
202609050800,nyon,CGI,202609121500,3.7,1.8,11.0,146
202609050800,nyon,CGI,202609121600,3.3,1.7,11.3,158
202609050800,nyon,CGI,202609121700,3.0,1.5,10.7,13
202609050800,nyon,CGI,202609121800,3.0,1.3,10.3,27
202609050800,nyon,CGI,202609121900,2.6,1.1,9.8,346
202609050800,nyon,CGI,202609122000,2.4,1.0,8.3,12
202609050800,nyon,CGI,202609122100,2.2,0.9,7.8,5
202609050800,nyon,CGI,202609122200,2.4,1.0,7.9,9
202609050800,nyon,CGI,202609122300,2.2,0.8,8.2,14
202609050800,nyon,CGI,202609130000,2.3,0.9,7.9,33
202609050800,nyon,CGI,202609130100,2.2,0.9,8.4,17
202609050800,nyon,CGI,202609130200,1.9,0.8,7.6,26
202609050800,nyon,CGI,202609130300,2.4,1.0,8.4,35
202609050800,nyon,CGI,202609130400,2.1,0.9,7.6,24
202609050800,nyon,CGI,202609130500,2.3,1.0,7.9,35
202609050800,nyon,CGI,202609130600,2.4,1.0,8.3,44
202609050800,nyon,CGI,202609130700,2.3,1.0,9.0,44
202609050800,nyon,CGI,202609130800,2.5,1.1,8.6,66
202609050800,nyon,CGI,202609130900,2.8,1.3,8.7,71
202609050800,nyon,CGI,202609131000,3.2,1.5,9.9,85
202609050800,nyon,CGI,202609131100,3.7,1.9,10.3,96
202609050800,nyon,CGI,202609131200,4.2,1.9,11.0,104
202609050800,nyon,CGI,202609131300,3.9,1.8,11.7,93
202609050800,nyon,CGI,202609131400,3.9,1.9,12.1,77
202609050800,nyon,CGI,202609131500,3.8,1.9,11.4,67
202609050800,nyon,CGI,202609131600,3.4,1.7,10.9,41
202609050800,nyon,CGI,202609131700,3.3,1.6,10.4,39
202609050800,nyon,CGI,202609131800,3.0,1.3,10.2,23
202609050800,nyon,CGI,202609131900,2.7,1.1,8.9,16
202609050800,nyon,CGI,202609132000,2.8,1.2,8.7,22
202609050800,nyon,CGI,202609132100,2.5,1.1,8.7,24
202609050800,nyon,CGI,202609132200,2.4,1.0,8.0,18
202609050800,nyon,CGI,202609132300,2.1,1.0,8.4,35
202609050800,nyon,CGI,202609140000,2.1,1.0,7.4,21
202609050800,preverenges,PRE,202609042200,2.4,2.4,7.0,313
202609050800,preverenges,PRE,202609042300,3.4,3.4,7.0,294
202609050800,preverenges,PRE,202609050000,2.0,2.0,5.6,174
202609050800,preverenges,PRE,202609050100,2.7,2.7,8.4,273
202609050800,preverenges,PRE,202609050200,2.2,2.2,7.8,350
202609050800,preverenges,PRE,202609050300,2.2,2.2,5.5,317
202609050800,preverenges,PRE,202609050400,2.5,2.5,5.5,283
202609050800,preverenges,PRE,202609050500,1.9,1.9,5.5,338
202609050800,preverenges,PRE,202609050600,2.3,2.3,5.5,338
202609050800,preverenges,PRE,202609050700,2.1,2.1,7.2,256
202609050800,preverenges,PRE,202609050800,4.3,4.3,7.7,251
202609050800,preverenges,PRE,202609050900,4.1,3.2,7.5,222
202609050800,preverenges,PRE,202609051000,3.3,2.3,5.8,198
202609050800,preverenges,PRE,202609051100,2.9,1.6,5.0,159
202609050800,preverenges,PRE,202609051200,2.9,1.6,6.0,152
202609050800,preverenges,PRE,202609051300,3.0,1.6,7.0,145
202609050800,preverenges,PRE,202609051400,3.8,2.3,9.4,128
202609050800,preverenges,PRE,202609051500,3.6,2.1,9.2,110
202609050800,preverenges,PRE,202609051600,4.9,2.8,11.6,50
202609050800,preverenges,PRE,202609051700,5.5,3.1,12.8,31
202609050800,preverenges,PRE,202609051800,6.7,4.3,12.8,20
202609050800,preverenges,PRE,202609051900,6.2,3.8,12.5,10
202609050800,preverenges,PRE,202609052000,6.2,3.7,10.9,5
202609050800,preverenges,PRE,202609052100,6.9,4.1,12.0,1
202609050800,preverenges,PRE,202609052200,7.6,5.0,13.1,2
202609050800,preverenges,PRE,202609052300,8.2,4.8,14.3,5
202609050800,preverenges,PRE,202609060000,7.8,4.8,14.4,3
202609050800,preverenges,PRE,202609060100,8.1,4.9,14.3,1
202609050800,preverenges,PRE,202609060200,8.4,5.1,13.8,3
202609050800,preverenges,PRE,202609060300,9.0,5.4,14.3,6
202609050800,preverenges,PRE,202609060400,8.4,5.3,14.1,6
202609050800,preverenges,PRE,202609060500,8.4,5.5,13.5,9
202609050800,preverenges,PRE,202609060600,8.6,5.4,14.7,11
202609050800,preverenges,PRE,202609060700,8.7,5.3,15.3,15
202609050800,preverenges,PRE,202609060800,8.7,5.4,15.8,25
202609050800,preverenges,PRE,202609060900,6.6,4.1,15.2,32
202609050800,preverenges,PRE,202609061000,5.0,3.1,12.6,49
202609050800,preverenges,PRE,202609061100,3.9,2.4,10.9,80
202609050800,preverenges,PRE,202609061200,3.5,2.2,9.2,114
202609050800,preverenges,PRE,202609061300,3.4,2.2,8.4,128
202609050800,preverenges,PRE,202609061400,3.3,1.9,8.1,144
202609050800,preverenges,PRE,202609061500,3.0,1.8,6.5,134
202609050800,preverenges,PRE,202609061600,2.2,1.3,5.5,112
202609050800,preverenges,PRE,202609061700,2.1,1.2,3.9,45
202609050800,preverenges,PRE,202609061800,2.7,1.5,5.1,351
202609050800,preverenges,PRE,202609061900,3.7,2.2,7.9,340
202609050800,preverenges,PRE,202609062000,4.0,2.3,7.9,346
202609050800,preverenges,PRE,202609062100,4.3,2.4,9.0,349
202609050800,preverenges,PRE,202609062200,3.6,2.0,9.1,344
202609050800,preverenges,PRE,202609062300,2.9,1.6,7.3,328
202609050800,preverenges,PRE,202609070000,2.6,1.5,8.0,321
202609050800,preverenges,PRE,202609070100,2.3,1.2,3.3,314
202609050800,preverenges,PRE,202609070200,2.5,1.3,4.2,321
202609050800,preverenges,PRE,202609070300,2.5,1.2,7.6,337
202609050800,preverenges,PRE,202609070400,2.8,1.4,7.2,295
202609050800,preverenges,PRE,202609070500,2.9,1.6,7.1,284
202609050800,preverenges,PRE,202609070600,3.0,1.5,5.5,278
202609050800,preverenges,PRE,202609070700,2.4,1.2,7.9,250
202609050800,preverenges,PRE,202609070800,2.8,1.5,7.5,222
202609050800,preverenges,PRE,202609070900,3.0,1.5,8.0,208
202609050800,preverenges,PRE,202609071000,3.1,1.6,8.2,187
202609050800,preverenges,PRE,202609071100,3.3,1.7,8.5,171
202609050800,preverenges,PRE,202609071200,4.0,2.1,9.3,151
202609050800,preverenges,PRE,202609071300,4.1,2.2,9.8,154
202609050800,preverenges,PRE,202609071400,3.9,2.3,9.6,155
202609050800,preverenges,PRE,202609071500,3.9,2.2,10.0,168
202609050800,preverenges,PRE,202609071600,3.7,2.2,10.0,200
202609050800,preverenges,PRE,202609071700,3.1,1.5,8.6,234
202609050800,preverenges,PRE,202609071800,3.0,1.5,8.5,319
202609050800,preverenges,PRE,202609071900,3.3,1.7,8.7,317
202609050800,preverenges,PRE,202609072000,2.7,1.5,9.3,308
202609050800,preverenges,PRE,202609072100,2.8,1.6,8.6,315
202609050800,preverenges,PRE,202609072200,3.0,1.4,8.0,312
202609050800,preverenges,PRE,202609072300,2.8,1.3,6.1,317
202609050800,preverenges,PRE,202609080000,2.4,1.2,3.8,303
202609050800,preverenges,PRE,202609080100,2.3,1.2,3.5,320
202609050800,preverenges,PRE,202609080200,2.6,1.4,3.6,307
202609050800,preverenges,PRE,202609080300,2.4,1.2,3.3,327
202609050800,preverenges,PRE,202609080400,2.1,1.1,2.9,319
202609050800,preverenges,PRE,202609080500,2.2,1.2,2.9,323
202609050800,preverenges,PRE,202609080600,2.2,1.2,3.0,316
202609050800,preverenges,PRE,202609080700,1.9,0.9,2.9,233
202609050800,preverenges,PRE,202609080800,3.0,1.5,6.2,214
202609050800,preverenges,PRE,202609080900,3.9,2.0,8.9,216
202609050800,preverenges,PRE,202609081000,4.3,2.4,9.6,206
202609050800,preverenges,PRE,202609081100,4.6,2.5,11.0,207
202609050800,preverenges,PRE,202609081200,5.7,3.2,13.0,216
202609050800,preverenges,PRE,202609081300,7.4,4.3,16.5,225
202609050800,preverenges,PRE,202609081400,8.4,5.3,18.4,240
202609050800,preverenges,PRE,202609081500,8.4,5.6,18.4,250
202609050800,preverenges,PRE,202609081600,7.4,4.4,17.4,262
202609050800,preverenges,PRE,202609081700,5.2,3.0,16.3,272
202609050800,preverenges,PRE,202609081800,3.7,1.9,13.4,247
202609050800,preverenges,PRE,202609081900,3.3,1.7,11.6,266
202609050800,preverenges,PRE,202609082000,3.2,1.6,10.9,271
202609050800,preverenges,PRE,202609082100,3.4,1.7,9.9,280
202609050800,preverenges,PRE,202609082200,3.6,1.8,11.1,255
202609050800,preverenges,PRE,202609082300,3.8,1.9,9.9,256
202609050800,preverenges,PRE,202609090000,4.3,2.0,10.3,252
202609050800,preverenges,PRE,202609090100,4.8,2.3,11.1,251
202609050800,preverenges,PRE,202609090200,4.7,2.3,11.2,259
202609050800,preverenges,PRE,202609090300,5.1,2.8,10.5,258
202609050800,preverenges,PRE,202609090400,5.6,2.8,11.6,246
202609050800,preverenges,PRE,202609090500,5.5,2.8,11.8,247
202609050800,preverenges,PRE,202609090600,4.9,2.5,11.6,247
202609050800,preverenges,PRE,202609090700,4.9,2.6,11.0,238
202609050800,preverenges,PRE,202609090800,5.4,3.0,11.8,230
202609050800,preverenges,PRE,202609090900,5.6,3.2,13.7,219
202609050800,preverenges,PRE,202609091000,6.1,3.5,14.4,214
202609050800,preverenges,PRE,202609091100,6.5,3.8,14.1,215
202609050800,preverenges,PRE,202609091200,6.3,3.7,14.0,213
202609050800,preverenges,PRE,202609091300,5.8,3.6,15.7,216
202609050800,preverenges,PRE,202609091400,5.8,3.6,14.1,228
202609050800,preverenges,PRE,202609091500,5.9,3.4,14.3,268
202609050800,preverenges,PRE,202609091600,5.2,3.1,13.7,289
202609050800,preverenges,PRE,202609091700,4.8,2.7,13.3,303
202609050800,preverenges,PRE,202609091800,4.4,2.4,11.7,333
202609050800,preverenges,PRE,202609091900,4.3,2.3,10.7,347
202609050800,preverenges,PRE,202609092000,3.8,2.1,10.4,1
202609050800,preverenges,PRE,202609092100,3.7,2.1,8.7,351
202609050800,preverenges,PRE,202609092200,3.4,1.8,8.6,334
202609050800,preverenges,PRE,202609092300,3.7,1.9,8.5,349
202609050800,preverenges,PRE,202609100000,3.9,2.1,8.2,354
202609050800,preverenges,PRE,202609100100,2.6,1.1,7.1,15
202609050800,preverenges,PRE,202609100200,2.8,1.2,7.5,15
202609050800,preverenges,PRE,202609100300,2.9,1.1,7.2,13
202609050800,preverenges,PRE,202609100400,2.9,1.2,7.6,6
202609050800,preverenges,PRE,202609100500,3.1,1.3,7.4,18
202609050800,preverenges,PRE,202609100600,3.1,1.3,7.2,10
202609050800,preverenges,PRE,202609100700,3.0,1.4,8.2,28
202609050800,preverenges,PRE,202609100800,3.2,1.5,9.0,36
202609050800,preverenges,PRE,202609100900,3.9,1.8,10.3,55
202609050800,preverenges,PRE,202609101000,4.0,1.8,10.7,54
202609050800,preverenges,PRE,202609101100,4.9,2.4,11.0,63
202609050800,preverenges,PRE,202609101200,5.2,2.6,12.5,69
202609050800,preverenges,PRE,202609101300,4.9,2.4,12.9,68
202609050800,preverenges,PRE,202609101400,4.4,2.3,13.6,58
202609050800,preverenges,PRE,202609101500,4.5,2.2,13.3,49
202609050800,preverenges,PRE,202609101600,4.0,1.9,12.3,37
202609050800,preverenges,PRE,202609101700,4.1,2.0,12.1,27
202609050800,preverenges,PRE,202609101800,3.5,1.7,11.3,9
202609050800,preverenges,PRE,202609101900,3.7,1.7,10.0,13
202609050800,preverenges,PRE,202609102000,3.3,1.6,9.6,7
202609050800,preverenges,PRE,202609102100,3.2,1.5,8.7,16
202609050800,preverenges,PRE,202609102200,3.3,1.4,8.5,15
202609050800,preverenges,PRE,202609102300,3.1,1.2,8.0,15
202609050800,preverenges,PRE,202609110000,3.5,1.4,8.2,11
202609050800,preverenges,PRE,202609110100,3.0,1.2,7.9,14
202609050800,preverenges,PRE,202609110200,3.1,1.2,8.5,0
202609050800,preverenges,PRE,202609110300,3.5,1.5,8.3,1
202609050800,preverenges,PRE,202609110400,3.6,1.5,8.7,15
202609050800,preverenges,PRE,202609110500,3.0,1.3,7.7,12
202609050800,preverenges,PRE,202609110600,3.5,1.5,8.1,15
202609050800,preverenges,PRE,202609110700,2.9,1.1,8.2,21
202609050800,preverenges,PRE,202609110800,2.8,1.2,9.1,44
202609050800,preverenges,PRE,202609110900,3.0,1.4,9.2,107
202609050800,preverenges,PRE,202609111000,3.7,1.7,10.8,150
202609050800,preverenges,PRE,202609111100,4.4,1.9,11.3,172
202609050800,preverenges,PRE,202609111200,4.8,2.4,12.7,168
202609050800,preverenges,PRE,202609111300,4.4,2.1,12.7,183
202609050800,preverenges,PRE,202609111400,4.4,2.2,12.6,204
202609050800,preverenges,PRE,202609111500,4.0,2.0,11.9,198
202609050800,preverenges,PRE,202609111600,3.7,1.8,12.7,217
202609050800,preverenges,PRE,202609111700,3.3,1.6,11.7,240
202609050800,preverenges,PRE,202609111800,3.1,1.5,11.4,258
202609050800,preverenges,PRE,202609111900,2.9,1.3,10.2,253
202609050800,preverenges,PRE,202609112000,2.4,1.1,9.1,259
202609050800,preverenges,PRE,202609112100,2.6,1.0,8.6,261
202609050800,preverenges,PRE,202609112200,2.3,1.0,8.0,254
202609050800,preverenges,PRE,202609112300,2.2,1.0,8.0,265
202609050800,preverenges,PRE,202609120000,2.4,1.0,7.7,252
202609050800,preverenges,PRE,202609120100,2.6,1.0,7.4,247
202609050800,preverenges,PRE,202609120200,2.4,1.0,7.5,262
202609050800,preverenges,PRE,202609120300,2.5,1.1,7.7,255
202609050800,preverenges,PRE,202609120400,2.5,1.0,7.9,261
202609050800,preverenges,PRE,202609120500,2.8,1.1,7.5,271
202609050800,preverenges,PRE,202609120600,2.6,1.1,8.1,260
202609050800,preverenges,PRE,202609120700,2.6,1.1,8.6,229
202609050800,preverenges,PRE,202609120800,2.5,1.2,8.0,225
202609050800,preverenges,PRE,202609120900,3.2,1.5,9.0,209
202609050800,preverenges,PRE,202609121000,3.8,1.6,10.0,189
202609050800,preverenges,PRE,202609121100,4.3,1.9,11.0,189
202609050800,preverenges,PRE,202609121200,4.7,2.4,11.1,184
202609050800,preverenges,PRE,202609121300,4.6,2.3,12.6,190
202609050800,preverenges,PRE,202609121400,4.2,2.1,12.6,205
202609050800,preverenges,PRE,202609121500,4.1,2.0,12.5,184
202609050800,preverenges,PRE,202609121600,3.8,1.9,12.2,273
202609050800,preverenges,PRE,202609121700,3.3,1.6,11.3,7
202609050800,preverenges,PRE,202609121800,3.3,1.6,10.9,5
202609050800,preverenges,PRE,202609121900,3.3,1.5,10.2,355
202609050800,preverenges,PRE,202609122000,3.1,1.4,9.0,356
202609050800,preverenges,PRE,202609122100,3.0,1.2,8.8,17
202609050800,preverenges,PRE,202609122200,3.1,1.3,8.7,9
202609050800,preverenges,PRE,202609122300,3.1,1.2,7.6,6
202609050800,preverenges,PRE,202609130000,2.9,1.3,8.6,8
202609050800,preverenges,PRE,202609130100,3.0,1.2,8.0,16
202609050800,preverenges,PRE,202609130200,3.0,1.2,8.1,11
202609050800,preverenges,PRE,202609130300,2.9,1.2,7.8,16
202609050800,preverenges,PRE,202609130400,3.0,1.2,8.3,20
202609050800,preverenges,PRE,202609130500,3.0,1.2,8.5,20
202609050800,preverenges,PRE,202609130600,3.1,1.3,8.4,21
202609050800,preverenges,PRE,202609130700,3.1,1.2,8.2,26
202609050800,preverenges,PRE,202609130800,2.9,1.3,9.2,37
202609050800,preverenges,PRE,202609130900,3.0,1.4,9.8,54
202609050800,preverenges,PRE,202609131000,3.5,1.7,9.9,72
202609050800,preverenges,PRE,202609131100,3.9,1.8,11.3,78
202609050800,preverenges,PRE,202609131200,4.3,2.1,12.0,106
202609050800,preverenges,PRE,202609131300,4.3,2.3,12.0,75
202609050800,preverenges,PRE,202609131400,4.0,1.9,11.9,51
202609050800,preverenges,PRE,202609131500,4.3,1.9,12.4,46
202609050800,preverenges,PRE,202609131600,3.9,1.8,11.8,30
202609050800,preverenges,PRE,202609131700,3.8,1.7,11.2,23
202609050800,preverenges,PRE,202609131800,3.6,1.6,11.1,18
202609050800,preverenges,PRE,202609131900,3.5,1.7,10.2,15
202609050800,preverenges,PRE,202609132000,3.3,1.3,9.4,11
202609050800,preverenges,PRE,202609132100,3.0,1.4,9.4,17
202609050800,preverenges,PRE,202609132200,3.0,1.2,8.9,10
202609050800,preverenges,PRE,202609132300,3.0,1.2,8.3,8
202609050800,preverenges,PRE,202609140000,3.0,1.2,7.8,14
202609050800,bouveret,BOU,202609042200,1.8,1.8,5.7,127
202609050800,bouveret,BOU,202609042300,2.3,2.3,6.5,143
202609050800,bouveret,BOU,202609050000,2.2,2.2,8.5,258
202609050800,bouveret,BOU,202609050100,5.5,5.5,12.3,333
202609050800,bouveret,BOU,202609050200,1.8,1.8,10.3,107
202609050800,bouveret,BOU,202609050300,2.6,2.6,11.1,142
202609050800,bouveret,BOU,202609050400,3.6,3.6,10.7,145
202609050800,bouveret,BOU,202609050500,2.1,2.1,4.5,162
202609050800,bouveret,BOU,202609050600,1.2,1.2,4.1,225
202609050800,bouveret,BOU,202609050700,1.0,1.0,2.7,156
202609050800,bouveret,BOU,202609050800,3.7,3.7,7.7,139
202609050800,bouveret,BOU,202609050900,3.1,1.5,6.7,161
202609050800,bouveret,BOU,202609051000,2.2,0.9,5.6,178
202609050800,bouveret,BOU,202609051100,1.7,0.4,5.2,219
202609050800,bouveret,BOU,202609051200,2.4,1.2,6.1,262
202609050800,bouveret,BOU,202609051300,3.0,2.0,7.1,288
202609050800,bouveret,BOU,202609051400,3.1,1.8,8.2,300
202609050800,bouveret,BOU,202609051500,3.5,2.0,8.1,300
202609050800,bouveret,BOU,202609051600,4.2,2.5,9.4,292
202609050800,bouveret,BOU,202609051700,5.4,3.1,11.1,305
202609050800,bouveret,BOU,202609051800,5.7,3.5,12.1,315
202609050800,bouveret,BOU,202609051900,4.0,2.4,10.7,285
202609050800,bouveret,BOU,202609052000,3.4,1.9,8.7,278
202609050800,bouveret,BOU,202609052100,2.5,1.4,8.3,312
202609050800,bouveret,BOU,202609052200,2.1,1.1,6.0,82
202609050800,bouveret,BOU,202609052300,1.9,1.0,3.8,119
202609050800,bouveret,BOU,202609060000,1.8,1.0,2.6,121
202609050800,bouveret,BOU,202609060100,1.9,1.1,2.9,136
202609050800,bouveret,BOU,202609060200,1.7,1.0,3.2,142
202609050800,bouveret,BOU,202609060300,1.9,0.9,2.9,140
202609050800,bouveret,BOU,202609060400,1.8,1.0,2.6,137
202609050800,bouveret,BOU,202609060500,1.9,1.0,2.8,143
202609050800,bouveret,BOU,202609060600,1.9,1.0,3.2,139
202609050800,bouveret,BOU,202609060700,2.1,1.1,3.0,165
202609050800,bouveret,BOU,202609060800,2.3,1.3,3.8,300
202609050800,bouveret,BOU,202609060900,3.3,2.1,6.4,299
202609050800,bouveret,BOU,202609061000,3.9,2.3,8.3,295
202609050800,bouveret,BOU,202609061100,3.7,2.2,7.5,297
202609050800,bouveret,BOU,202609061200,3.3,2.1,6.2,302
202609050800,bouveret,BOU,202609061300,3.3,2.0,6.6,301
202609050800,bouveret,BOU,202609061400,2.8,1.7,5.2,308
202609050800,bouveret,BOU,202609061500,2.4,1.5,4.0,306
202609050800,bouveret,BOU,202609061600,2.5,1.5,4.4,297
202609050800,bouveret,BOU,202609061700,2.1,1.1,4.3,127
202609050800,bouveret,BOU,202609061800,2.3,1.1,4.6,139
202609050800,bouveret,BOU,202609061900,2.2,1.2,3.9,120
202609050800,bouveret,BOU,202609062000,1.9,1.0,3.4,118
202609050800,bouveret,BOU,202609062100,2.1,1.0,3.8,122
202609050800,bouveret,BOU,202609062200,2.4,1.2,6.0,125
202609050800,bouveret,BOU,202609062300,3.1,1.5,9.0,131
202609050800,bouveret,BOU,202609070000,2.8,1.3,7.8,148
202609050800,bouveret,BOU,202609070100,2.5,1.1,9.4,130
202609050800,bouveret,BOU,202609070200,2.8,1.3,9.1,150
202609050800,bouveret,BOU,202609070300,2.9,1.5,10.6,131
202609050800,bouveret,BOU,202609070400,3.5,1.6,10.9,120
202609050800,bouveret,BOU,202609070500,3.6,1.6,12.4,130
202609050800,bouveret,BOU,202609070600,4.2,2.0,12.5,126
202609050800,bouveret,BOU,202609070700,4.2,2.0,12.2,127
202609050800,bouveret,BOU,202609070800,4.4,2.2,12.8,145
202609050800,bouveret,BOU,202609070900,4.1,2.1,11.4,256
202609050800,bouveret,BOU,202609071000,3.3,1.8,10.4,286
202609050800,bouveret,BOU,202609071100,2.8,1.5,9.2,292
202609050800,bouveret,BOU,202609071200,2.8,1.6,8.6,298
202609050800,bouveret,BOU,202609071300,3.0,1.7,8.9,301
202609050800,bouveret,BOU,202609071400,2.9,1.7,7.8,286
202609050800,bouveret,BOU,202609071500,2.9,1.6,9.0,142
202609050800,bouveret,BOU,202609071600,2.9,1.3,9.4,128
202609050800,bouveret,BOU,202609071700,4.5,2.1,11.5,129
202609050800,bouveret,BOU,202609071800,3.8,1.9,11.2,129
202609050800,bouveret,BOU,202609071900,3.1,1.7,9.8,120
202609050800,bouveret,BOU,202609072000,3.1,1.5,10.0,122
202609050800,bouveret,BOU,202609072100,3.8,1.7,11.1,126
202609050800,bouveret,BOU,202609072200,3.2,1.6,10.2,124
202609050800,bouveret,BOU,202609072300,2.7,1.2,9.4,127
202609050800,bouveret,BOU,202609080000,2.2,1.1,7.5,123
202609050800,bouveret,BOU,202609080100,2.3,1.1,7.7,121
202609050800,bouveret,BOU,202609080200,2.0,1.0,4.6,117
202609050800,bouveret,BOU,202609080300,2.0,1.0,5.5,118
202609050800,bouveret,BOU,202609080400,2.2,1.0,4.4,121
202609050800,bouveret,BOU,202609080500,1.9,1.0,4.3,122
202609050800,bouveret,BOU,202609080600,2.0,1.1,3.9,125
202609050800,bouveret,BOU,202609080700,2.1,1.1,4.8,267
202609050800,bouveret,BOU,202609080800,2.5,1.3,6.3,306
202609050800,bouveret,BOU,202609080900,3.0,1.8,7.9,301
202609050800,bouveret,BOU,202609081000,3.8,2.3,8.9,306
202609050800,bouveret,BOU,202609081100,3.6,2.2,9.3,311
202609050800,bouveret,BOU,202609081200,3.7,2.2,9.4,310
202609050800,bouveret,BOU,202609081300,3.9,2.4,9.6,315
202609050800,bouveret,BOU,202609081400,3.9,2.1,10.7,317
202609050800,bouveret,BOU,202609081500,3.9,2.2,10.3,318
202609050800,bouveret,BOU,202609081600,4.0,2.3,11.7,333
202609050800,bouveret,BOU,202609081700,4.7,2.2,12.7,309
202609050800,bouveret,BOU,202609081800,4.4,2.2,16.1,303
202609050800,bouveret,BOU,202609081900,4.4,2.3,15.5,287
202609050800,bouveret,BOU,202609082000,4.1,2.1,15.6,299
202609050800,bouveret,BOU,202609082100,4.5,2.2,15.9,300
202609050800,bouveret,BOU,202609082200,4.1,2.1,15.9,326
202609050800,bouveret,BOU,202609082300,4.2,2.2,15.8,325
202609050800,bouveret,BOU,202609090000,3.9,1.9,14.4,321
202609050800,bouveret,BOU,202609090100,3.3,1.7,14.3,347
202609050800,bouveret,BOU,202609090200,3.3,1.5,13.1,343
202609050800,bouveret,BOU,202609090300,3.3,1.8,11.6,353
202609050800,bouveret,BOU,202609090400,4.6,2.4,14.5,307
202609050800,bouveret,BOU,202609090500,4.2,2.3,14.4,316
202609050800,bouveret,BOU,202609090600,3.9,2.1,13.2,337
202609050800,bouveret,BOU,202609090700,4.4,2.2,12.5,314
202609050800,bouveret,BOU,202609090800,4.6,2.5,13.0,312
202609050800,bouveret,BOU,202609090900,5.1,3.1,13.2,312
202609050800,bouveret,BOU,202609091000,5.5,3.2,14.7,306
202609050800,bouveret,BOU,202609091100,5.5,3.0,14.7,302
202609050800,bouveret,BOU,202609091200,5.5,3.0,15.4,303
202609050800,bouveret,BOU,202609091300,5.9,3.6,14.3,299
202609050800,bouveret,BOU,202609091400,5.3,3.2,14.3,305
202609050800,bouveret,BOU,202609091500,5.2,3.1,14.0,303
202609050800,bouveret,BOU,202609091600,5.0,2.8,13.5,302
202609050800,bouveret,BOU,202609091700,6.0,3.5,13.9,309
202609050800,bouveret,BOU,202609091800,4.7,2.6,13.9,302
202609050800,bouveret,BOU,202609091900,3.7,2.1,12.2,314
202609050800,bouveret,BOU,202609092000,3.3,2.0,10.7,310
202609050800,bouveret,BOU,202609092100,3.1,1.7,10.2,300
202609050800,bouveret,BOU,202609092200,3.1,1.6,10.4,224
202609050800,bouveret,BOU,202609092300,2.5,1.4,9.7,146
202609050800,bouveret,BOU,202609100000,2.5,1.2,9.1,133
202609050800,bouveret,BOU,202609100100,1.5,0.6,5.8,76
202609050800,bouveret,BOU,202609100200,1.3,0.6,5.9,95
202609050800,bouveret,BOU,202609100300,1.5,0.5,4.5,94
202609050800,bouveret,BOU,202609100400,1.5,0.6,5.8,95
202609050800,bouveret,BOU,202609100500,1.6,0.8,5.1,95
202609050800,bouveret,BOU,202609100600,1.6,0.8,5.7,137
202609050800,bouveret,BOU,202609100700,1.8,0.9,6.7,348
202609050800,bouveret,BOU,202609100800,1.9,0.8,7.4,309
202609050800,bouveret,BOU,202609100900,2.1,1.0,8.1,305
202609050800,bouveret,BOU,202609101000,2.4,1.1,8.7,303
202609050800,bouveret,BOU,202609101100,3.0,1.5,9.5,312
202609050800,bouveret,BOU,202609101200,3.6,1.8,10.2,310
202609050800,bouveret,BOU,202609101300,3.5,1.8,11.4,306
202609050800,bouveret,BOU,202609101400,3.6,1.8,11.1,308
202609050800,bouveret,BOU,202609101500,3.5,1.7,10.9,306
202609050800,bouveret,BOU,202609101600,3.3,1.6,9.7,314
202609050800,bouveret,BOU,202609101700,2.8,1.4,10.5,319
202609050800,bouveret,BOU,202609101800,2.5,1.1,9.9,316
202609050800,bouveret,BOU,202609101900,2.2,1.1,9.3,307
202609050800,bouveret,BOU,202609102000,2.1,0.9,8.7,329
202609050800,bouveret,BOU,202609102100,1.7,0.8,7.6,27
202609050800,bouveret,BOU,202609102200,1.6,0.6,7.1,78
202609050800,bouveret,BOU,202609102300,1.4,0.6,6.6,99
202609050800,bouveret,BOU,202609110000,1.7,0.7,6.6,91
202609050800,bouveret,BOU,202609110100,1.5,0.6,7.0,107
202609050800,bouveret,BOU,202609110200,1.6,0.6,6.2,113
202609050800,bouveret,BOU,202609110300,1.4,0.6,6.3,118
202609050800,bouveret,BOU,202609110400,1.5,0.7,5.9,121
202609050800,bouveret,BOU,202609110500,1.7,0.8,6.7,117
202609050800,bouveret,BOU,202609110600,1.8,0.9,5.9,129
202609050800,bouveret,BOU,202609110700,1.9,0.8,7.0,113
202609050800,bouveret,BOU,202609110800,1.8,0.9,7.7,82
202609050800,bouveret,BOU,202609110900,2.1,1.0,8.0,302
202609050800,bouveret,BOU,202609111000,2.4,1.2,9.0,288
202609050800,bouveret,BOU,202609111100,3.1,1.4,9.3,293
202609050800,bouveret,BOU,202609111200,3.6,1.7,11.1,304
202609050800,bouveret,BOU,202609111300,3.3,1.7,10.2,298
202609050800,bouveret,BOU,202609111400,3.5,1.7,11.1,302
202609050800,bouveret,BOU,202609111500,3.3,1.7,10.3,302
202609050800,bouveret,BOU,202609111600,2.8,1.6,11.1,301
202609050800,bouveret,BOU,202609111700,2.8,1.3,10.1,329
202609050800,bouveret,BOU,202609111800,2.6,1.3,9.0,336
202609050800,bouveret,BOU,202609111900,2.3,1.1,8.9,120
202609050800,bouveret,BOU,202609112000,2.2,1.0,8.0,111
202609050800,bouveret,BOU,202609112100,1.9,1.0,7.9,106
202609050800,bouveret,BOU,202609112200,1.9,0.9,7.8,107
202609050800,bouveret,BOU,202609112300,1.6,0.6,7.1,105
202609050800,bouveret,BOU,202609120000,1.8,0.8,6.8,110
202609050800,bouveret,BOU,202609120100,1.6,0.7,7.0,105
202609050800,bouveret,BOU,202609120200,1.8,0.8,6.9,115
202609050800,bouveret,BOU,202609120300,1.8,0.7,7.1,119
202609050800,bouveret,BOU,202609120400,1.8,0.7,7.1,119
202609050800,bouveret,BOU,202609120500,1.9,0.8,6.9,110
202609050800,bouveret,BOU,202609120600,1.7,0.8,6.6,122
202609050800,bouveret,BOU,202609120700,1.9,0.9,7.3,146
202609050800,bouveret,BOU,202609120800,1.8,0.8,7.2,96
202609050800,bouveret,BOU,202609120900,2.1,1.0,8.5,251
202609050800,bouveret,BOU,202609121000,2.6,1.2,9.1,289
202609050800,bouveret,BOU,202609121100,3.1,1.6,9.2,307
202609050800,bouveret,BOU,202609121200,3.8,1.8,9.9,303
202609050800,bouveret,BOU,202609121300,3.8,1.9,10.8,309
202609050800,bouveret,BOU,202609121400,3.8,2.0,11.1,302
202609050800,bouveret,BOU,202609121500,3.6,1.8,10.7,302
202609050800,bouveret,BOU,202609121600,3.2,1.7,10.4,308
202609050800,bouveret,BOU,202609121700,2.8,1.3,9.9,315
202609050800,bouveret,BOU,202609121800,2.4,1.2,9.9,336
202609050800,bouveret,BOU,202609121900,2.6,1.2,9.3,109
202609050800,bouveret,BOU,202609122000,2.2,0.9,8.5,73
202609050800,bouveret,BOU,202609122100,1.9,0.9,7.8,99
202609050800,bouveret,BOU,202609122200,1.7,0.8,7.5,93
202609050800,bouveret,BOU,202609122300,1.8,0.8,6.9,112
202609050800,bouveret,BOU,202609130000,1.9,0.8,6.9,107
202609050800,bouveret,BOU,202609130100,1.7,0.7,7.9,110
202609050800,bouveret,BOU,202609130200,1.6,0.6,6.9,111
202609050800,bouveret,BOU,202609130300,1.7,0.8,6.9,105
202609050800,bouveret,BOU,202609130400,1.7,0.7,7.2,114
202609050800,bouveret,BOU,202609130500,2.0,0.8,6.8,105
202609050800,bouveret,BOU,202609130600,1.9,0.9,6.7,109
202609050800,bouveret,BOU,202609130700,1.8,0.9,6.9,115
202609050800,bouveret,BOU,202609130800,1.9,0.9,7.7,85
202609050800,bouveret,BOU,202609130900,2.1,1.0,8.3,283
202609050800,bouveret,BOU,202609131000,2.6,1.3,8.3,300
202609050800,bouveret,BOU,202609131100,2.9,1.5,9.6,298
202609050800,bouveret,BOU,202609131200,3.5,1.8,10.5,305
202609050800,bouveret,BOU,202609131300,3.5,1.7,11.3,297
202609050800,bouveret,BOU,202609131400,3.5,1.9,10.6,304
202609050800,bouveret,BOU,202609131500,3.1,1.7,11.3,312
202609050800,bouveret,BOU,202609131600,3.2,1.4,10.5,320
202609050800,bouveret,BOU,202609131700,2.9,1.6,10.7,313
202609050800,bouveret,BOU,202609131800,2.5,1.2,9.8,356
202609050800,bouveret,BOU,202609131900,2.3,1.0,9.2,99
202609050800,bouveret,BOU,202609132000,2.0,0.9,8.3,88
202609050800,bouveret,BOU,202609132100,1.9,0.8,7.6,112
202609050800,bouveret,BOU,202609132200,1.8,0.8,6.9,99
202609050800,bouveret,BOU,202609132300,1.8,0.8,7.5,114
202609050800,bouveret,BOU,202609140000,1.8,0.7,6.6,101
202609050800,joux,CHB,202609042200,1.7,1.7,3.9,10
202609050800,joux,CHB,202609042300,2.3,2.3,4.5,16
202609050800,joux,CHB,202609050000,2.2,2.2,4.5,330
202609050800,joux,CHB,202609050100,1.7,1.7,4.3,301
202609050800,joux,CHB,202609050200,1.6,1.6,4.3,287
202609050800,joux,CHB,202609050300,2.0,2.0,5.2,354
202609050800,joux,CHB,202609050400,2.1,2.1,5.2,313
202609050800,joux,CHB,202609050500,1.6,1.6,4.3,311
202609050800,joux,CHB,202609050600,1.5,1.5,3.9,357
202609050800,joux,CHB,202609050700,1.7,1.7,3.9,10
202609050800,joux,CHB,202609050800,1.5,1.5,4.2,356
202609050800,joux,CHB,202609050900,2.7,1.3,6.9,46
202609050800,joux,CHB,202609051000,4.2,2.7,9.2,279
202609050800,joux,CHB,202609051100,5.7,4.1,11.6,259
202609050800,joux,CHB,202609051200,7.5,5.9,14.3,284
202609050800,joux,CHB,202609051300,9.2,7.6,17.0,300
202609050800,joux,CHB,202609051400,5.5,3.5,14.1,293
202609050800,joux,CHB,202609051500,5.5,3.4,15.3,295
202609050800,joux,CHB,202609051600,4.8,3.0,14.4,305
202609050800,joux,CHB,202609051700,4.7,3.1,13.6,323
202609050800,joux,CHB,202609051800,2.9,1.7,10.7,332
202609050800,joux,CHB,202609051900,2.4,1.3,8.4,316
202609050800,joux,CHB,202609052000,1.9,1.1,6.5,292
202609050800,joux,CHB,202609052100,1.7,1.0,4.0,292
202609050800,joux,CHB,202609052200,1.5,0.8,2.7,269
202609050800,joux,CHB,202609052300,1.4,0.8,2.1,302
202609050800,joux,CHB,202609060000,1.4,0.7,2.2,1
202609050800,joux,CHB,202609060100,1.4,0.8,2.1,34
202609050800,joux,CHB,202609060200,1.6,0.9,2.4,34
202609050800,joux,CHB,202609060300,1.5,0.8,2.2,45
202609050800,joux,CHB,202609060400,1.5,0.8,2.2,48
202609050800,joux,CHB,202609060500,1.3,0.7,2.0,103
202609050800,joux,CHB,202609060600,1.2,0.6,1.9,150
202609050800,joux,CHB,202609060700,1.8,0.9,2.9,93
202609050800,joux,CHB,202609060800,2.8,1.6,8.0,89
202609050800,joux,CHB,202609060900,3.0,1.8,8.9,89
202609050800,joux,CHB,202609061000,3.0,1.8,9.0,93
202609050800,joux,CHB,202609061100,3.3,2.1,9.3,98
202609050800,joux,CHB,202609061200,3.8,2.5,9.9,96
202609050800,joux,CHB,202609061300,4.2,2.6,10.6,108
202609050800,joux,CHB,202609061400,4.2,2.6,10.9,106
202609050800,joux,CHB,202609061500,3.9,2.4,10.9,110
202609050800,joux,CHB,202609061600,3.6,2.2,9.8,104
202609050800,joux,CHB,202609061700,3.0,1.8,8.6,87
202609050800,joux,CHB,202609061800,1.9,1.1,4.8,55
202609050800,joux,CHB,202609061900,1.6,0.9,3.3,219
202609050800,joux,CHB,202609062000,1.5,0.8,2.6,229
202609050800,joux,CHB,202609062100,1.7,0.9,2.4,230
202609050800,joux,CHB,202609062200,1.7,0.9,2.8,242
202609050800,joux,CHB,202609062300,1.9,1.0,3.6,241
202609050800,joux,CHB,202609070000,1.8,1.0,7.6,238
202609050800,joux,CHB,202609070100,2.9,1.5,9.5,233
202609050800,joux,CHB,202609070200,3.0,1.4,9.9,232
202609050800,joux,CHB,202609070300,2.9,1.3,10.3,234
202609050800,joux,CHB,202609070400,3.1,1.7,12.8,227
202609050800,joux,CHB,202609070500,3.7,1.8,13.9,229
202609050800,joux,CHB,202609070600,3.3,1.7,14.0,226
202609050800,joux,CHB,202609070700,3.6,1.9,13.4,221
202609050800,joux,CHB,202609070800,4.0,2.1,13.9,224
202609050800,joux,CHB,202609070900,4.6,2.6,15.6,222
202609050800,joux,CHB,202609071000,5.4,3.3,16.2,223
202609050800,joux,CHB,202609071100,5.8,3.7,17.4,228
202609050800,joux,CHB,202609071200,5.9,3.7,17.0,233
202609050800,joux,CHB,202609071300,6.6,4.2,18.1,237
202609050800,joux,CHB,202609071400,6.8,4.6,18.7,245
202609050800,joux,CHB,202609071500,6.9,4.3,18.7,247
202609050800,joux,CHB,202609071600,6.1,3.9,16.6,257
202609050800,joux,CHB,202609071700,4.3,2.8,15.0,259
202609050800,joux,CHB,202609071800,2.6,1.5,10.4,258
202609050800,joux,CHB,202609071900,2.9,1.6,9.7,240
202609050800,joux,CHB,202609072000,3.1,1.8,9.8,240
202609050800,joux,CHB,202609072100,2.9,1.6,9.7,239
202609050800,joux,CHB,202609072200,3.2,1.7,9.2,242
202609050800,joux,CHB,202609072300,2.9,1.5,8.9,237
202609050800,joux,CHB,202609080000,3.0,1.5,8.9,239
202609050800,joux,CHB,202609080100,3.1,1.7,9.0,236
202609050800,joux,CHB,202609080200,3.0,1.7,8.8,236
202609050800,joux,CHB,202609080300,2.9,1.5,9.2,235
202609050800,joux,CHB,202609080400,2.8,1.4,8.6,235
202609050800,joux,CHB,202609080500,3.0,1.7,8.9,235
202609050800,joux,CHB,202609080600,2.9,1.6,10.3,234
202609050800,joux,CHB,202609080700,3.5,1.8,11.0,230
202609050800,joux,CHB,202609080800,4.0,2.2,13.5,232
202609050800,joux,CHB,202609080900,4.9,3.0,13.7,227
202609050800,joux,CHB,202609081000,6.5,4.1,16.4,237
202609050800,joux,CHB,202609081100,7.1,4.7,18.8,235
202609050800,joux,CHB,202609081200,7.6,4.9,19.4,237
202609050800,joux,CHB,202609081300,7.8,4.9,20.1,238
202609050800,joux,CHB,202609081400,7.7,5.1,19.5,245
202609050800,joux,CHB,202609081500,7.9,4.8,19.5,252
202609050800,joux,CHB,202609081600,6.7,4.2,18.4,257
202609050800,joux,CHB,202609081700,5.6,3.1,18.3,263
202609050800,joux,CHB,202609081800,4.9,3.0,16.1,275
202609050800,joux,CHB,202609081900,4.6,2.5,17.0,274
202609050800,joux,CHB,202609082000,4.2,2.2,16.1,261
202609050800,joux,CHB,202609082100,3.9,2.3,14.1,249
202609050800,joux,CHB,202609082200,4.3,2.3,16.1,253
202609050800,joux,CHB,202609082300,4.4,2.2,15.9,247
202609050800,joux,CHB,202609090000,4.5,2.4,15.8,242
202609050800,joux,CHB,202609090100,4.5,2.4,15.4,244
202609050800,joux,CHB,202609090200,4.3,2.1,14.8,244
202609050800,joux,CHB,202609090300,4.2,2.1,14.1,245
202609050800,joux,CHB,202609090400,4.4,2.1,13.5,249
202609050800,joux,CHB,202609090500,4.5,2.1,14.4,251
202609050800,joux,CHB,202609090600,4.5,2.4,13.0,252
202609050800,joux,CHB,202609090700,4.2,2.1,13.7,252
202609050800,joux,CHB,202609090800,5.3,2.9,14.7,258
202609050800,joux,CHB,202609090900,5.1,3.0,15.0,266
202609050800,joux,CHB,202609091000,5.6,3.2,16.3,263
202609050800,joux,CHB,202609091100,5.7,3.5,16.8,263
202609050800,joux,CHB,202609091200,6.3,4.1,17.9,275
202609050800,joux,CHB,202609091300,6.5,3.7,18.3,277
202609050800,joux,CHB,202609091400,6.6,3.8,18.0,279
202609050800,joux,CHB,202609091500,7.0,4.4,18.3,278
202609050800,joux,CHB,202609091600,6.3,3.9,17.9,279
202609050800,joux,CHB,202609091700,5.1,3.1,16.6,284
202609050800,joux,CHB,202609091800,4.0,2.2,14.6,295
202609050800,joux,CHB,202609091900,3.6,2.0,13.8,290
202609050800,joux,CHB,202609092000,3.2,1.6,12.4,289
202609050800,joux,CHB,202609092100,2.9,1.5,10.4,292
202609050800,joux,CHB,202609092200,2.5,1.3,10.2,270
202609050800,joux,CHB,202609092300,2.6,1.3,9.2,276
202609050800,joux,CHB,202609100000,2.5,1.3,8.9,265
202609050800,joux,CHB,202609100100,1.9,0.8,7.3,297
202609050800,joux,CHB,202609100200,2.2,0.8,6.7,293
202609050800,joux,CHB,202609100300,1.8,0.8,6.7,274
202609050800,joux,CHB,202609100400,2.0,1.0,6.9,324
202609050800,joux,CHB,202609100500,1.8,0.9,7.3,285
202609050800,joux,CHB,202609100600,2.0,0.9,7.6,194
202609050800,joux,CHB,202609100700,2.4,1.1,7.7,44
202609050800,joux,CHB,202609100800,2.9,1.3,8.0,47
202609050800,joux,CHB,202609100900,3.3,1.6,9.3,44
202609050800,joux,CHB,202609101000,3.6,1.7,9.7,36
202609050800,joux,CHB,202609101100,4.1,1.8,11.1,41
202609050800,joux,CHB,202609101200,4.1,1.9,11.7,37
202609050800,joux,CHB,202609101300,4.3,2.1,11.5,21
202609050800,joux,CHB,202609101400,3.9,1.9,11.8,20
202609050800,joux,CHB,202609101500,3.9,1.9,11.9,356
202609050800,joux,CHB,202609101600,3.8,1.8,12.4,349
202609050800,joux,CHB,202609101700,3.6,1.8,10.6,349
202609050800,joux,CHB,202609101800,3.3,1.5,11.8,313
202609050800,joux,CHB,202609101900,3.0,1.3,10.4,351
202609050800,joux,CHB,202609102000,2.5,1.0,8.5,314
202609050800,joux,CHB,202609102100,2.4,1.0,8.4,297
202609050800,joux,CHB,202609102200,2.1,0.9,7.1,318
202609050800,joux,CHB,202609102300,2.3,1.0,8.0,285
202609050800,joux,CHB,202609110000,2.0,0.8,7.5,257
202609050800,joux,CHB,202609110100,2.2,0.9,7.1,247
202609050800,joux,CHB,202609110200,1.8,0.8,7.2,247
202609050800,joux,CHB,202609110300,1.8,0.8,7.7,239
202609050800,joux,CHB,202609110400,2.1,0.9,7.8,229
202609050800,joux,CHB,202609110500,2.1,0.9,7.0,220
202609050800,joux,CHB,202609110600,2.3,1.0,7.5,237
202609050800,joux,CHB,202609110700,2.3,0.9,7.7,224
202609050800,joux,CHB,202609110800,2.4,1.1,8.2,230
202609050800,joux,CHB,202609110900,3.1,1.3,8.6,214
202609050800,joux,CHB,202609111000,3.1,1.6,9.2,230
202609050800,joux,CHB,202609111100,3.8,1.8,10.3,229
202609050800,joux,CHB,202609111200,3.9,1.8,11.4,236
202609050800,joux,CHB,202609111300,3.9,1.9,11.6,236
202609050800,joux,CHB,202609111400,3.7,1.8,11.8,245
202609050800,joux,CHB,202609111500,3.5,1.7,11.6,240
202609050800,joux,CHB,202609111600,3.8,1.7,11.3,241
202609050800,joux,CHB,202609111700,3.2,1.6,11.0,249
202609050800,joux,CHB,202609111800,3.2,1.5,10.3,257
202609050800,joux,CHB,202609111900,2.8,1.3,10.1,244
202609050800,joux,CHB,202609112000,2.6,1.1,9.4,247
202609050800,joux,CHB,202609112100,2.5,1.1,9.0,249
202609050800,joux,CHB,202609112200,2.5,1.0,8.4,247
202609050800,joux,CHB,202609112300,2.6,1.2,8.6,237
202609050800,joux,CHB,202609120000,2.6,1.1,8.4,248
202609050800,joux,CHB,202609120100,2.6,1.0,7.8,242
202609050800,joux,CHB,202609120200,2.5,0.9,7.9,243
202609050800,joux,CHB,202609120300,2.4,1.0,7.7,242
202609050800,joux,CHB,202609120400,2.6,1.1,7.8,238
202609050800,joux,CHB,202609120500,2.5,1.0,7.8,237
202609050800,joux,CHB,202609120600,2.9,1.0,7.9,237
202609050800,joux,CHB,202609120700,2.8,1.2,8.9,236
202609050800,joux,CHB,202609120800,2.9,1.2,8.8,232
202609050800,joux,CHB,202609120900,3.3,1.5,10.3,234
202609050800,joux,CHB,202609121000,3.3,1.6,10.2,224
202609050800,joux,CHB,202609121100,4.0,1.8,10.7,246
202609050800,joux,CHB,202609121200,4.1,2.1,11.8,249
202609050800,joux,CHB,202609121300,4.8,2.2,11.6,247
202609050800,joux,CHB,202609121400,4.2,2.1,11.6,243
202609050800,joux,CHB,202609121500,4.2,2.2,13.0,251
202609050800,joux,CHB,202609121600,3.8,1.8,11.6,262
202609050800,joux,CHB,202609121700,3.5,1.6,12.0,267
202609050800,joux,CHB,202609121800,2.9,1.3,11.0,253
202609050800,joux,CHB,202609121900,2.8,1.3,10.8,264
202609050800,joux,CHB,202609122000,2.5,1.2,8.7,265
202609050800,joux,CHB,202609122100,2.3,1.0,8.4,247
202609050800,joux,CHB,202609122200,1.9,0.8,8.6,259
202609050800,joux,CHB,202609122300,2.4,0.9,8.0,256
202609050800,joux,CHB,202609130000,2.3,0.9,7.3,241
202609050800,joux,CHB,202609130100,2.2,0.9,7.5,240
202609050800,joux,CHB,202609130200,2.1,0.9,7.7,238
202609050800,joux,CHB,202609130300,1.9,0.9,7.8,239
202609050800,joux,CHB,202609130400,2.3,0.9,7.9,230
202609050800,joux,CHB,202609130500,2.1,0.9,7.3,225
202609050800,joux,CHB,202609130600,2.4,1.0,7.9,213
202609050800,joux,CHB,202609130700,2.4,1.0,8.2,194
202609050800,joux,CHB,202609130800,2.5,1.1,8.1,220
202609050800,joux,CHB,202609130900,2.7,1.3,8.6,209
202609050800,joux,CHB,202609131000,3.3,1.6,9.3,80
202609050800,joux,CHB,202609131100,3.7,1.8,10.9,37
202609050800,joux,CHB,202609131200,3.6,1.7,11.6,7
202609050800,joux,CHB,202609131300,4.1,2.0,11.2,7
202609050800,joux,CHB,202609131400,3.9,1.9,11.0,359
202609050800,joux,CHB,202609131500,3.7,1.8,12.3,356
202609050800,joux,CHB,202609131600,3.8,1.8,10.6,299
202609050800,joux,CHB,202609131700,3.1,1.5,10.5,316
202609050800,joux,CHB,202609131800,3.0,1.2,10.6,275
202609050800,joux,CHB,202609131900,2.5,1.1,9.3,308
202609050800,joux,CHB,202609132000,2.5,1.0,8.5,289
202609050800,joux,CHB,202609132100,2.4,1.0,8.3,244
202609050800,joux,CHB,202609132200,2.4,1.1,7.9,235
202609050800,joux,CHB,202609132300,2.2,0.9,7.5,232
202609050800,joux,CHB,202609140000,2.1,0.8,6.5,246
202609060900,cologny,GVE,202609052200,5.0,5.0,11.2,39
202609060900,cologny,GVE,202609052300,3.9,3.9,8.5,344
202609060900,cologny,GVE,202609060000,3.8,3.8,7.6,353
202609060900,cologny,GVE,202609060100,3.5,3.5,8.3,45
202609060900,cologny,GVE,202609060200,3.1,3.1,8.0,70
202609060900,cologny,GVE,202609060300,3.1,3.1,8.4,50
202609060900,cologny,GVE,202609060400,2.2,2.2,7.5,333
202609060900,cologny,GVE,202609060500,1.8,1.8,5.0,279
202609060900,cologny,GVE,202609060600,1.7,1.7,3.8,321
202609060900,cologny,GVE,202609060700,0.6,0.6,4.1,348
202609060900,cologny,GVE,202609060800,0.9,0.9,7.5,360
202609060900,cologny,GVE,202609060900,3.7,3.7,7.5,353
202609060900,cologny,GVE,202609061000,3.8,2.1,7.5,358
202609060900,cologny,GVE,202609061100,4.0,2.6,7.4,351
202609060900,cologny,GVE,202609061200,4.1,2.7,7.4,344
202609060900,cologny,GVE,202609061300,3.8,2.6,7.5,340
202609060900,cologny,GVE,202609061400,3.4,2.2,7.6,336
202609060900,cologny,GVE,202609061500,3.2,1.9,7.7,336
202609060900,cologny,GVE,202609061600,3.5,2.2,8.5,1
202609060900,cologny,GVE,202609061700,4.1,2.5,7.4,15
202609060900,cologny,GVE,202609061800,3.1,1.9,7.0,12
202609060900,cologny,GVE,202609061900,2.6,1.5,4.3,25
202609060900,cologny,GVE,202609062000,2.2,1.2,3.3,42
202609060900,cologny,GVE,202609062100,1.7,0.9,2.6,49
202609060900,cologny,GVE,202609062200,1.5,0.8,2.5,167
202609060900,cologny,GVE,202609062300,2.0,1.0,2.8,205
202609060900,cologny,GVE,202609070000,2.3,1.1,4.4,145
202609060900,cologny,GVE,202609070100,2.1,1.1,9.7,170
202609060900,cologny,GVE,202609070200,2.6,1.3,8.5,158
202609060900,cologny,GVE,202609070300,4.6,2.4,14.6,118
202609060900,cologny,GVE,202609070400,3.0,1.6,13.6,157
202609060900,cologny,GVE,202609070500,2.3,1.1,8.7,206
202609060900,cologny,GVE,202609070600,2.3,1.2,8.5,132
202609060900,cologny,GVE,202609070700,2.1,1.1,5.7,215
202609060900,cologny,GVE,202609070800,2.1,1.1,3.0,215
202609060900,cologny,GVE,202609070900,2.1,1.2,3.2,218
202609060900,cologny,GVE,202609071000,3.8,2.1,9.2,219
202609060900,cologny,GVE,202609071100,5.1,3.0,11.8,234
202609060900,cologny,GVE,202609071200,5.2,3.1,12.6,228
202609060900,cologny,GVE,202609071300,5.4,3.5,14.2,233
202609060900,cologny,GVE,202609071400,5.5,3.6,15.4,239
202609060900,cologny,GVE,202609071500,5.5,3.7,15.3,260
202609060900,cologny,GVE,202609071600,5.3,3.4,12.4,267
202609060900,cologny,GVE,202609071700,3.3,1.8,9.9,269
202609060900,cologny,GVE,202609071800,2.5,1.3,6.5,143
202609060900,cologny,GVE,202609071900,2.1,1.2,4.3,87
202609060900,cologny,GVE,202609072000,2.4,1.4,3.5,102
202609060900,cologny,GVE,202609072100,2.2,1.2,4.0,105
202609060900,cologny,GVE,202609072200,1.9,1.1,3.8,105
202609060900,cologny,GVE,202609072300,1.8,1.0,3.0,114
202609060900,cologny,GVE,202609080000,1.7,0.9,3.1,133
202609060900,cologny,GVE,202609080100,1.7,0.9,3.1,134
202609060900,cologny,GVE,202609080200,1.9,1.0,3.0,147
202609060900,cologny,GVE,202609080300,2.1,1.1,3.2,143
202609060900,cologny,GVE,202609080400,1.9,1.0,3.1,145
202609060900,cologny,GVE,202609080500,2.1,1.1,3.3,151
202609060900,cologny,GVE,202609080600,2.2,1.3,3.6,154
202609060900,cologny,GVE,202609080700,2.5,1.2,4.2,192
202609060900,cologny,GVE,202609080800,3.6,1.9,9.0,226
202609060900,cologny,GVE,202609080900,6.6,3.8,14.2,231
202609060900,cologny,GVE,202609081000,8.8,5.6,18.0,231
202609060900,cologny,GVE,202609081100,8.6,5.9,19.1,229
202609060900,cologny,GVE,202609081200,9.2,6.0,19.8,233
202609060900,cologny,GVE,202609081300,9.2,6.4,20.2,230
202609060900,cologny,GVE,202609081400,8.5,5.7,20.4,230
202609060900,cologny,GVE,202609081500,8.2,5.4,19.4,243
202609060900,cologny,GVE,202609081600,7.8,5.1,20.5,256
202609060900,cologny,GVE,202609081700,5.7,3.3,17.7,245
202609060900,cologny,GVE,202609081800,4.2,2.2,12.9,255
202609060900,cologny,GVE,202609081900,3.2,1.7,10.4,170
202609060900,cologny,GVE,202609082000,2.9,1.4,10.9,203
202609060900,cologny,GVE,202609082100,3.0,1.4,8.4,209
202609060900,cologny,GVE,202609082200,2.8,1.3,8.6,222
202609060900,cologny,GVE,202609082300,2.8,1.2,8.6,213
202609060900,cologny,GVE,202609090000,2.8,1.2,8.1,211
202609060900,cologny,GVE,202609090100,2.8,1.3,8.6,219
202609060900,cologny,GVE,202609090200,2.8,1.3,8.7,212
202609060900,cologny,GVE,202609090300,2.6,1.2,8.6,216
202609060900,cologny,GVE,202609090400,3.0,1.5,8.5,218
202609060900,cologny,GVE,202609090500,2.5,1.3,8.2,215
202609060900,cologny,GVE,202609090600,3.2,1.5,8.4,212
202609060900,cologny,GVE,202609090700,3.7,1.8,9.7,225
202609060900,cologny,GVE,202609090800,3.8,2.1,10.0,229
202609060900,cologny,GVE,202609090900,4.0,2.1,11.2,233
202609060900,cologny,GVE,202609091000,4.6,2.6,11.5,235
202609060900,cologny,GVE,202609091100,5.0,3.0,11.6,233
202609060900,cologny,GVE,202609091200,5.2,3.1,11.9,240
202609060900,cologny,GVE,202609091300,5.6,3.2,12.4,257
202609060900,cologny,GVE,202609091400,5.3,3.0,12.9,261
202609060900,cologny,GVE,202609091500,4.9,2.9,12.2,283
202609060900,cologny,GVE,202609091600,5.5,3.0,12.0,300
202609060900,cologny,GVE,202609091700,5.1,3.0,11.6,327
202609060900,cologny,GVE,202609091800,3.7,1.9,10.0,352
202609060900,cologny,GVE,202609091900,3.2,1.8,9.1,14
202609060900,cologny,GVE,202609092000,3.5,1.7,9.1,31
202609060900,cologny,GVE,202609092100,3.2,1.6,8.9,41
202609060900,cologny,GVE,202609092200,3.1,1.4,9.5,42
202609060900,cologny,GVE,202609092300,3.2,1.6,9.4,50
202609060900,cologny,GVE,202609100000,3.1,1.5,8.8,45
202609060900,cologny,GVE,202609100100,3.1,1.4,8.5,47
202609060900,cologny,GVE,202609100200,3.2,1.6,9.6,46
202609060900,cologny,GVE,202609100300,3.1,1.5,9.3,45
202609060900,cologny,GVE,202609100400,2.9,1.3,8.5,50
202609060900,cologny,GVE,202609100500,3.1,1.5,8.7,49
202609060900,cologny,GVE,202609100600,3.5,1.8,8.6,50
202609060900,cologny,GVE,202609100700,4.0,1.9,9.2,47
202609060900,cologny,GVE,202609100800,4.8,2.6,11.1,41
202609060900,cologny,GVE,202609100900,6.3,3.4,14.6,39
202609060900,cologny,GVE,202609101000,6.7,3.8,15.2,37
202609060900,cologny,GVE,202609101100,6.5,3.6,16.4,35
202609060900,cologny,GVE,202609101200,6.5,3.6,16.6,32
202609060900,cologny,GVE,202609101300,6.6,4.0,16.5,29
202609060900,cologny,GVE,202609101400,6.6,4.2,16.8,34
202609060900,cologny,GVE,202609101500,6.6,3.7,17.4,37
202609060900,cologny,GVE,202609101600,6.4,3.6,15.8,36
202609060900,cologny,GVE,202609101700,5.7,3.0,15.2,33
202609060900,cologny,GVE,202609101800,5.4,3.1,14.3,26
202609060900,cologny,GVE,202609101900,4.4,2.2,11.8,33
202609060900,cologny,GVE,202609102000,4.2,2.1,10.0,30
202609060900,cologny,GVE,202609102100,3.6,1.7,9.3,42
202609060900,cologny,GVE,202609102200,2.9,1.5,9.3,51
202609060900,cologny,GVE,202609102300,2.6,1.2,8.7,56
202609060900,cologny,GVE,202609110000,2.4,1.1,8.0,67
202609060900,cologny,GVE,202609110100,1.6,0.6,6.3,114
202609060900,cologny,GVE,202609110200,1.5,0.6,6.2,102
202609060900,cologny,GVE,202609110300,1.5,0.7,4.2,106
202609060900,cologny,GVE,202609110400,1.5,0.6,5.2,123
202609060900,cologny,GVE,202609110500,1.7,0.7,4.8,148
202609060900,cologny,GVE,202609110600,1.8,0.8,4.8,151
202609060900,cologny,GVE,202609110700,1.8,0.8,6.5,168
202609060900,cologny,GVE,202609110800,2.1,0.9,7.5,122
202609060900,cologny,GVE,202609110900,2.5,1.2,7.7,170
202609060900,cologny,GVE,202609111000,2.7,1.3,8.4,152
202609060900,cologny,GVE,202609111100,3.2,1.5,8.7,207
202609060900,cologny,GVE,202609111200,3.1,1.6,9.7,221
202609060900,cologny,GVE,202609111300,3.6,1.8,10.2,220
202609060900,cologny,GVE,202609111400,3.6,1.9,11.6,234
202609060900,cologny,GVE,202609111500,3.6,1.8,11.4,219
202609060900,cologny,GVE,202609111600,3.6,1.8,10.4,219
202609060900,cologny,GVE,202609111700,3.5,1.6,9.9,227
202609060900,cologny,GVE,202609111800,2.9,1.4,8.8,221
202609060900,cologny,GVE,202609111900,2.5,1.3,7.7,212
202609060900,cologny,GVE,202609112000,2.2,1.0,7.2,261
202609060900,cologny,GVE,202609112100,2.1,0.9,7.2,172
202609060900,cologny,GVE,202609112200,1.8,0.7,7.1,176
202609060900,cologny,GVE,202609112300,1.9,0.8,6.4,148
202609060900,cologny,GVE,202609120000,1.8,0.8,5.9,128
202609060900,cologny,GVE,202609120100,1.4,0.6,6.3,126
202609060900,cologny,GVE,202609120200,1.7,0.8,6.3,135
202609060900,cologny,GVE,202609120300,1.6,0.8,6.8,102
202609060900,cologny,GVE,202609120400,1.8,0.8,6.8,133
202609060900,cologny,GVE,202609120500,1.9,0.8,6.0,89
202609060900,cologny,GVE,202609120600,1.8,0.9,6.0,110
202609060900,cologny,GVE,202609120700,2.2,0.9,6.7,79
202609060900,cologny,GVE,202609120800,2.1,1.0,8.0,57
202609060900,cologny,GVE,202609120900,2.5,1.1,8.4,48
202609060900,cologny,GVE,202609121000,2.8,1.2,8.2,49
202609060900,cologny,GVE,202609121100,3.3,1.6,9.9,29
202609060900,cologny,GVE,202609121200,4.2,2.1,11.7,32
202609060900,cologny,GVE,202609121300,4.3,1.9,11.4,20
202609060900,cologny,GVE,202609121400,4.2,2.0,11.8,20
202609060900,cologny,GVE,202609121500,4.1,2.2,11.3,28
202609060900,cologny,GVE,202609121600,3.5,1.7,10.9,25
202609060900,cologny,GVE,202609121700,3.5,1.6,11.0,23
202609060900,cologny,GVE,202609121800,3.2,1.4,10.7,24
202609060900,cologny,GVE,202609121900,2.8,1.2,9.0,34
202609060900,cologny,GVE,202609122000,2.6,1.2,9.1,32
202609060900,cologny,GVE,202609122100,2.2,1.0,8.2,29
202609060900,cologny,GVE,202609122200,1.8,0.8,8.5,46
202609060900,cologny,GVE,202609122300,1.9,0.8,7.6,57
202609060900,cologny,GVE,202609130000,1.6,0.7,7.9,53
202609060900,cologny,GVE,202609130100,1.6,0.7,7.9,76
202609060900,cologny,GVE,202609130200,1.5,0.6,7.7,58
202609060900,cologny,GVE,202609130300,1.6,0.6,6.9,82
202609060900,cologny,GVE,202609130400,1.7,0.8,7.0,93
202609060900,cologny,GVE,202609130500,1.6,0.7,5.7,93
202609060900,cologny,GVE,202609130600,1.7,0.8,6.0,95
202609060900,cologny,GVE,202609130700,1.8,0.9,7.2,62
202609060900,cologny,GVE,202609130800,2.1,1.0,6.9,67
202609060900,cologny,GVE,202609130900,2.3,1.0,8.4,64
202609060900,cologny,GVE,202609131000,2.6,1.2,8.7,53
202609060900,cologny,GVE,202609131100,2.9,1.4,9.0,48
202609060900,cologny,GVE,202609131200,3.4,1.7,9.8,39
202609060900,cologny,GVE,202609131300,3.3,1.6,10.3,46
202609060900,cologny,GVE,202609131400,3.3,1.7,10.5,40
202609060900,cologny,GVE,202609131500,3.4,1.8,9.7,35
202609060900,cologny,GVE,202609131600,2.9,1.5,10.3,32
202609060900,cologny,GVE,202609131700,2.9,1.5,10.0,29
202609060900,cologny,GVE,202609131800,2.7,1.2,9.2,37
202609060900,cologny,GVE,202609131900,2.4,1.1,7.8,14
202609060900,cologny,GVE,202609132000,1.9,0.8,8.2,62
202609060900,cologny,GVE,202609132100,2.1,1.0,7.5,53
202609060900,cologny,GVE,202609132200,1.6,0.6,7.5,65
202609060900,cologny,GVE,202609132300,1.6,0.6,7.6,84
202609060900,cologny,GVE,202609140000,1.6,0.7,7.2,107
202609060900,cologny,GVE,202609140100,1.5,0.6,7.0,78
202609060900,cologny,GVE,202609140200,1.5,0.6,6.3,90
202609060900,cologny,GVE,202609140300,1.4,0.6,5.2,97
202609060900,cologny,GVE,202609140400,1.4,0.6,6.0,120
202609060900,cologny,GVE,202609140500,1.5,0.6,5.2,109
202609060900,cologny,GVE,202609140600,1.5,0.8,4.9,122
202609060900,cologny,GVE,202609140700,1.6,0.8,5.7,111
202609060900,cologny,GVE,202609140800,1.7,0.8,7.1,95
202609060900,cologny,GVE,202609140900,2.1,1.0,7.0,76
202609060900,cologny,GVE,202609141000,2.4,1.1,8.4,53
202609060900,cologny,GVE,202609141100,2.8,1.3,9.0,57
202609060900,cologny,GVE,202609141200,3.1,1.5,9.9,31
202609060900,cologny,GVE,202609141300,3.2,1.6,9.9,45
202609060900,cologny,GVE,202609141400,3.2,1.7,10.2,35
202609060900,cologny,GVE,202609141500,3.2,1.5,10.3,24
202609060900,cologny,GVE,202609141600,2.9,1.3,10.5,14
202609060900,cologny,GVE,202609141700,2.8,1.3,9.7,14
202609060900,cologny,GVE,202609141800,2.5,1.1,9.1,25
202609060900,cologny,GVE,202609141900,2.3,1.0,8.6,32
202609060900,cologny,GVE,202609142000,2.1,1.0,8.4,36
202609060900,cologny,GVE,202609142100,1.8,0.8,7.6,32
202609060900,cologny,GVE,202609142200,1.7,0.6,7.3,48
202609060900,cologny,GVE,202609142300,1.6,0.7,7.2,60
202609060900,cologny,GVE,202609150000,1.6,0.6,5.5,99
202609060900,reposoir,GVE,202609052200,3.9,3.9,9.4,333
202609060900,reposoir,GVE,202609052300,1.8,1.8,5.9,305
202609060900,reposoir,GVE,202609060000,2.2,2.2,4.3,266
202609060900,reposoir,GVE,202609060100,2.0,2.0,4.8,301
202609060900,reposoir,GVE,202609060200,1.4,1.4,4.6,271
202609060900,reposoir,GVE,202609060300,1.1,1.1,2.9,303
202609060900,reposoir,GVE,202609060400,1.3,1.3,3.2,279
202609060900,reposoir,GVE,202609060500,1.0,1.0,3.3,326
202609060900,reposoir,GVE,202609060600,1.0,1.0,3.0,306
202609060900,reposoir,GVE,202609060700,1.0,1.0,3.5,248
202609060900,reposoir,GVE,202609060800,1.0,1.0,7.3,43
202609060900,reposoir,GVE,202609060900,5.0,5.0,10.7,49
202609060900,reposoir,GVE,202609061000,5.5,3.6,10.5,53
202609060900,reposoir,GVE,202609061100,5.2,3.5,9.8,59
202609060900,reposoir,GVE,202609061200,5.1,3.7,9.3,66
202609060900,reposoir,GVE,202609061300,5.1,3.7,9.3,64
202609060900,reposoir,GVE,202609061400,5.1,3.5,9.4,62
202609060900,reposoir,GVE,202609061500,4.2,2.5,8.7,46
202609060900,reposoir,GVE,202609061600,4.9,3.1,9.2,36
202609060900,reposoir,GVE,202609061700,5.0,3.1,9.4,24
202609060900,reposoir,GVE,202609061800,4.5,2.8,9.2,13
202609060900,reposoir,GVE,202609061900,3.3,2.1,6.4,1
202609060900,reposoir,GVE,202609062000,2.4,1.4,4.1,0
202609060900,reposoir,GVE,202609062100,1.7,0.9,3.0,350
202609060900,reposoir,GVE,202609062200,1.5,0.8,2.4,308
202609060900,reposoir,GVE,202609062300,2.1,1.0,3.2,289
202609060900,reposoir,GVE,202609070000,2.5,1.1,4.5,272
202609060900,reposoir,GVE,202609070100,1.9,0.9,8.5,271
202609060900,reposoir,GVE,202609070200,2.4,1.2,8.7,228
202609060900,reposoir,GVE,202609070300,2.9,1.5,11.3,239
202609060900,reposoir,GVE,202609070400,2.5,1.3,10.6,298
202609060900,reposoir,GVE,202609070500,2.5,1.2,7.9,270
202609060900,reposoir,GVE,202609070600,2.0,1.0,6.8,273
202609060900,reposoir,GVE,202609070700,1.9,1.0,4.9,216
202609060900,reposoir,GVE,202609070800,1.9,1.0,3.1,193
202609060900,reposoir,GVE,202609070900,2.3,1.2,4.2,174
202609060900,reposoir,GVE,202609071000,3.2,1.8,8.8,176
202609060900,reposoir,GVE,202609071100,4.6,2.8,10.2,189
202609060900,reposoir,GVE,202609071200,5.3,3.4,12.4,210
202609060900,reposoir,GVE,202609071300,5.6,3.7,13.8,215
202609060900,reposoir,GVE,202609071400,5.3,3.7,13.8,234
202609060900,reposoir,GVE,202609071500,5.6,3.8,14.6,251
202609060900,reposoir,GVE,202609071600,5.0,3.1,11.8,271
202609060900,reposoir,GVE,202609071700,2.8,1.6,9.2,282
202609060900,reposoir,GVE,202609071800,1.9,1.0,4.1,316
202609060900,reposoir,GVE,202609071900,1.6,0.8,3.0,320
202609060900,reposoir,GVE,202609072000,1.4,0.7,2.9,335
202609060900,reposoir,GVE,202609072100,1.3,0.7,2.5,313
202609060900,reposoir,GVE,202609072200,1.6,0.8,2.8,315
202609060900,reposoir,GVE,202609072300,1.3,0.7,2.5,252
202609060900,reposoir,GVE,202609080000,1.6,0.8,2.9,241
202609060900,reposoir,GVE,202609080100,1.5,0.8,2.8,247
202609060900,reposoir,GVE,202609080200,1.7,1.0,2.8,237
202609060900,reposoir,GVE,202609080300,1.8,0.9,3.3,247
202609060900,reposoir,GVE,202609080400,1.8,0.9,3.5,229
202609060900,reposoir,GVE,202609080500,2.1,0.9,4.8,235
202609060900,reposoir,GVE,202609080600,2.1,0.9,3.8,228
202609060900,reposoir,GVE,202609080700,2.6,1.2,5.1,223
202609060900,reposoir,GVE,202609080800,3.7,1.9,8.7,208
202609060900,reposoir,GVE,202609080900,6.5,3.9,12.9,215
202609060900,reposoir,GVE,202609081000,8.2,5.0,15.4,221
202609060900,reposoir,GVE,202609081100,8.7,5.5,16.9,221
202609060900,reposoir,GVE,202609081200,8.6,5.9,17.8,222
202609060900,reposoir,GVE,202609081300,8.1,5.6,18.1,226
202609060900,reposoir,GVE,202609081400,8.3,5.6,18.1,241
202609060900,reposoir,GVE,202609081500,7.5,5.0,18.4,244
202609060900,reposoir,GVE,202609081600,7.9,4.6,20.1,262
202609060900,reposoir,GVE,202609081700,5.4,3.0,15.9,266
202609060900,reposoir,GVE,202609081800,4.4,2.3,14.0,270
202609060900,reposoir,GVE,202609081900,3.2,1.6,10.6,232
202609060900,reposoir,GVE,202609082000,3.5,1.7,11.8,239
202609060900,reposoir,GVE,202609082100,2.8,1.4,10.2,256
202609060900,reposoir,GVE,202609082200,2.7,1.3,8.9,248
202609060900,reposoir,GVE,202609082300,2.9,1.3,8.8,241
202609060900,reposoir,GVE,202609090000,2.5,1.2,9.1,237
202609060900,reposoir,GVE,202609090100,3.1,1.6,9.1,231
202609060900,reposoir,GVE,202609090200,2.8,1.3,8.7,233
202609060900,reposoir,GVE,202609090300,2.9,1.3,9.2,239
202609060900,reposoir,GVE,202609090400,3.3,1.6,10.3,231
202609060900,reposoir,GVE,202609090500,2.9,1.5,9.9,232
202609060900,reposoir,GVE,202609090600,3.2,1.8,9.6,238
202609060900,reposoir,GVE,202609090700,3.6,2.1,10.4,228
202609060900,reposoir,GVE,202609090800,4.5,2.3,10.2,225
202609060900,reposoir,GVE,202609090900,4.7,2.6,11.6,229
202609060900,reposoir,GVE,202609091000,5.1,3.1,11.8,225
202609060900,reposoir,GVE,202609091100,5.1,2.9,12.5,230
202609060900,reposoir,GVE,202609091200,5.5,3.3,12.4,260
202609060900,reposoir,GVE,202609091300,6.0,3.4,12.9,262
202609060900,reposoir,GVE,202609091400,5.7,3.5,13.5,286
202609060900,reposoir,GVE,202609091500,5.6,3.4,13.3,298
202609060900,reposoir,GVE,202609091600,6.0,3.2,14.4,319
202609060900,reposoir,GVE,202609091700,5.1,3.0,12.3,338
202609060900,reposoir,GVE,202609091800,4.6,2.6,12.7,342
202609060900,reposoir,GVE,202609091900,4.2,2.2,11.3,356
202609060900,reposoir,GVE,202609092000,4.3,2.3,11.3,15
202609060900,reposoir,GVE,202609092100,3.6,1.7,11.0,22
202609060900,reposoir,GVE,202609092200,3.6,1.6,9.6,18
202609060900,reposoir,GVE,202609092300,3.3,1.6,9.3,23
202609060900,reposoir,GVE,202609100000,3.2,1.5,9.2,20
202609060900,reposoir,GVE,202609100100,3.6,1.7,10.4,23
202609060900,reposoir,GVE,202609100200,3.5,1.7,9.4,28
202609060900,reposoir,GVE,202609100300,3.8,1.8,10.4,26
202609060900,reposoir,GVE,202609100400,3.5,1.6,9.4,22
202609060900,reposoir,GVE,202609100500,4.4,2.2,10.0,28
202609060900,reposoir,GVE,202609100600,4.8,2.3,11.0,35
202609060900,reposoir,GVE,202609100700,5.6,2.8,12.0,43
202609060900,reposoir,GVE,202609100800,5.6,2.6,12.8,49
202609060900,reposoir,GVE,202609100900,7.1,3.9,14.6,50
202609060900,reposoir,GVE,202609101000,7.7,4.0,15.3,52
202609060900,reposoir,GVE,202609101100,7.5,4.0,15.7,57
202609060900,reposoir,GVE,202609101200,7.3,4.0,14.6,60
202609060900,reposoir,GVE,202609101300,7.2,4.2,14.6,54
202609060900,reposoir,GVE,202609101400,7.8,4.5,15.8,53
202609060900,reposoir,GVE,202609101500,7.1,4.2,16.2,56
202609060900,reposoir,GVE,202609101600,7.1,4.1,15.4,50
202609060900,reposoir,GVE,202609101700,7.3,4.0,14.8,37
202609060900,reposoir,GVE,202609101800,6.5,3.8,14.8,28
202609060900,reposoir,GVE,202609101900,5.3,2.9,14.1,22
202609060900,reposoir,GVE,202609102000,4.9,2.5,12.7,18
202609060900,reposoir,GVE,202609102100,4.5,2.4,10.9,22
202609060900,reposoir,GVE,202609102200,3.5,1.6,10.0,23
202609060900,reposoir,GVE,202609102300,2.9,1.3,9.1,26
202609060900,reposoir,GVE,202609110000,2.6,1.1,9.1,25
202609060900,reposoir,GVE,202609110100,1.5,0.6,6.2,7
202609060900,reposoir,GVE,202609110200,1.6,0.6,6.3,20
202609060900,reposoir,GVE,202609110300,1.3,0.6,4.4,44
202609060900,reposoir,GVE,202609110400,1.3,0.5,5.5,44
202609060900,reposoir,GVE,202609110500,1.5,0.7,4.6,330
202609060900,reposoir,GVE,202609110600,1.7,0.8,5.9,3
202609060900,reposoir,GVE,202609110700,1.8,0.8,6.4,83
202609060900,reposoir,GVE,202609110800,2.2,0.9,7.2,98
202609060900,reposoir,GVE,202609110900,2.8,1.2,8.2,112
202609060900,reposoir,GVE,202609111000,2.5,1.2,9.4,162
202609060900,reposoir,GVE,202609111100,3.0,1.4,9.0,157
202609060900,reposoir,GVE,202609111200,3.1,1.6,10.3,173
202609060900,reposoir,GVE,202609111300,3.2,1.6,10.2,182
202609060900,reposoir,GVE,202609111400,3.5,1.8,11.2,195
202609060900,reposoir,GVE,202609111500,3.4,1.7,10.6,241
202609060900,reposoir,GVE,202609111600,3.3,1.6,10.3,246
202609060900,reposoir,GVE,202609111700,2.8,1.3,9.6,291
202609060900,reposoir,GVE,202609111800,2.8,1.3,8.8,294
202609060900,reposoir,GVE,202609111900,2.3,1.0,8.7,313
202609060900,reposoir,GVE,202609112000,2.0,0.9,8.1,332
202609060900,reposoir,GVE,202609112100,1.9,0.9,7.0,336
202609060900,reposoir,GVE,202609112200,1.7,0.8,6.5,341
202609060900,reposoir,GVE,202609112300,1.6,0.6,5.7,357
202609060900,reposoir,GVE,202609120000,1.5,0.6,5.9,13
202609060900,reposoir,GVE,202609120100,1.5,0.6,6.3,25
202609060900,reposoir,GVE,202609120200,1.5,0.6,5.2,13
202609060900,reposoir,GVE,202609120300,1.6,0.7,5.4,25
202609060900,reposoir,GVE,202609120400,1.5,0.6,6.8,25
202609060900,reposoir,GVE,202609120500,1.7,0.7,6.6,35
202609060900,reposoir,GVE,202609120600,1.8,0.8,7.0,24
202609060900,reposoir,GVE,202609120700,1.8,0.9,6.8,36
202609060900,reposoir,GVE,202609120800,2.0,0.9,7.8,45
202609060900,reposoir,GVE,202609120900,2.6,1.2,8.0,56
202609060900,reposoir,GVE,202609121000,2.9,1.3,9.6,61
202609060900,reposoir,GVE,202609121100,3.3,1.5,10.6,70
202609060900,reposoir,GVE,202609121200,4.1,1.9,10.9,67
202609060900,reposoir,GVE,202609121300,4.1,2.1,10.3,59
202609060900,reposoir,GVE,202609121400,3.7,1.8,11.3,44
202609060900,reposoir,GVE,202609121500,3.3,1.6,11.2,37
202609060900,reposoir,GVE,202609121600,3.2,1.5,10.9,25
202609060900,reposoir,GVE,202609121700,3.2,1.5,10.2,36
202609060900,reposoir,GVE,202609121800,2.8,1.3,9.7,13
202609060900,reposoir,GVE,202609121900,2.4,1.1,9.4,19
202609060900,reposoir,GVE,202609122000,2.2,0.9,7.7,19
202609060900,reposoir,GVE,202609122100,1.9,0.8,7.7,24
202609060900,reposoir,GVE,202609122200,1.8,0.8,7.6,25
202609060900,reposoir,GVE,202609122300,1.8,0.7,7.5,28
202609060900,reposoir,GVE,202609130000,1.9,0.7,7.5,34
202609060900,reposoir,GVE,202609130100,1.8,0.7,6.9,22
202609060900,reposoir,GVE,202609130200,1.5,0.5,6.9,19
202609060900,reposoir,GVE,202609130300,1.7,0.6,6.8,33
202609060900,reposoir,GVE,202609130400,1.7,0.6,7.0,28
202609060900,reposoir,GVE,202609130500,1.7,0.7,7.0,35
202609060900,reposoir,GVE,202609130600,1.8,0.7,6.7,26
202609060900,reposoir,GVE,202609130700,1.8,0.8,7.1,55
202609060900,reposoir,GVE,202609130800,2.1,0.9,7.5,50
202609060900,reposoir,GVE,202609130900,2.2,1.0,7.7,63
202609060900,reposoir,GVE,202609131000,2.6,1.4,8.4,73
202609060900,reposoir,GVE,202609131100,2.9,1.4,9.1,76
202609060900,reposoir,GVE,202609131200,3.4,1.7,9.4,77
202609060900,reposoir,GVE,202609131300,3.0,1.5,9.8,77
202609060900,reposoir,GVE,202609131400,3.6,1.9,9.9,77
202609060900,reposoir,GVE,202609131500,3.1,1.6,10.9,56
202609060900,reposoir,GVE,202609131600,2.7,1.2,9.6,49
202609060900,reposoir,GVE,202609131700,3.0,1.3,9.7,17
202609060900,reposoir,GVE,202609131800,2.3,1.1,8.6,13
202609060900,reposoir,GVE,202609131900,2.1,1.0,9.0,12
202609060900,reposoir,GVE,202609132000,1.9,0.8,7.3,17
202609060900,reposoir,GVE,202609132100,1.8,0.8,8.0,20
202609060900,reposoir,GVE,202609132200,1.7,0.8,6.9,6
202609060900,reposoir,GVE,202609132300,1.5,0.6,7.0,17
202609060900,reposoir,GVE,202609140000,1.7,0.6,5.1,13
202609060900,reposoir,GVE,202609140100,1.3,0.5,6.7,9
202609060900,reposoir,GVE,202609140200,1.3,0.6,5.7,15
202609060900,reposoir,GVE,202609140300,1.4,0.6,5.6,51
202609060900,reposoir,GVE,202609140400,1.4,0.5,5.5,23
202609060900,reposoir,GVE,202609140500,1.6,0.6,4.8,20
202609060900,reposoir,GVE,202609140600,1.4,0.6,5.8,6
202609060900,reposoir,GVE,202609140700,1.6,0.6,7.0,34
202609060900,reposoir,GVE,202609140800,1.8,0.8,7.2,73
202609060900,reposoir,GVE,202609140900,2.0,1.0,7.2,97
202609060900,reposoir,GVE,202609141000,2.3,1.1,8.3,91
202609060900,reposoir,GVE,202609141100,2.8,1.2,8.7,87
202609060900,reposoir,GVE,202609141200,3.5,1.7,9.7,113
202609060900,reposoir,GVE,202609141300,3.3,1.6,9.9,81
202609060900,reposoir,GVE,202609141400,2.9,1.4,10.0,81
202609060900,reposoir,GVE,202609141500,2.9,1.5,10.9,52
202609060900,reposoir,GVE,202609141600,2.8,1.4,10.6,58
202609060900,reposoir,GVE,202609141700,2.5,1.2,9.8,18
202609060900,reposoir,GVE,202609141800,2.4,1.1,9.0,353
202609060900,reposoir,GVE,202609141900,2.1,1.0,8.7,12
202609060900,reposoir,GVE,202609142000,1.8,0.8,7.7,11
202609060900,reposoir,GVE,202609142100,1.5,0.8,7.5,4
202609060900,reposoir,GVE,202609142200,1.5,0.6,6.1,9
202609060900,reposoir,GVE,202609142300,1.4,0.5,6.6,14
202609060900,reposoir,GVE,202609150000,1.5,0.6,6.0,15
202609060900,vengeron,GVE,202609052200,3.9,3.9,9.4,333
202609060900,vengeron,GVE,202609052300,1.8,1.8,5.9,305
202609060900,vengeron,GVE,202609060000,2.2,2.2,4.3,266
202609060900,vengeron,GVE,202609060100,2.0,2.0,4.8,301
202609060900,vengeron,GVE,202609060200,1.4,1.4,4.6,271
202609060900,vengeron,GVE,202609060300,1.1,1.1,2.9,303
202609060900,vengeron,GVE,202609060400,1.3,1.3,3.2,279
202609060900,vengeron,GVE,202609060500,1.0,1.0,3.3,326
202609060900,vengeron,GVE,202609060600,1.0,1.0,3.0,306
202609060900,vengeron,GVE,202609060700,1.0,1.0,3.5,248
202609060900,vengeron,GVE,202609060800,1.0,1.0,7.3,43
202609060900,vengeron,GVE,202609060900,5.0,5.0,10.7,49
202609060900,vengeron,GVE,202609061000,5.5,3.6,10.5,53
202609060900,vengeron,GVE,202609061100,5.2,3.5,9.8,59
202609060900,vengeron,GVE,202609061200,5.1,3.7,9.3,66
202609060900,vengeron,GVE,202609061300,5.1,3.7,9.3,64
202609060900,vengeron,GVE,202609061400,5.1,3.5,9.4,62
202609060900,vengeron,GVE,202609061500,4.2,2.5,8.7,46
202609060900,vengeron,GVE,202609061600,4.9,3.1,9.2,36
202609060900,vengeron,GVE,202609061700,5.0,3.1,9.4,24
202609060900,vengeron,GVE,202609061800,4.5,2.8,9.2,13
202609060900,vengeron,GVE,202609061900,3.3,2.1,6.4,1
202609060900,vengeron,GVE,202609062000,2.4,1.4,4.1,0
202609060900,vengeron,GVE,202609062100,1.7,0.9,3.0,350
202609060900,vengeron,GVE,202609062200,1.5,0.8,2.4,308
202609060900,vengeron,GVE,202609062300,2.1,1.0,3.2,289
202609060900,vengeron,GVE,202609070000,2.5,1.1,4.5,272
202609060900,vengeron,GVE,202609070100,1.9,0.9,8.5,271
202609060900,vengeron,GVE,202609070200,2.4,1.2,8.7,228
202609060900,vengeron,GVE,202609070300,2.9,1.5,11.3,239
202609060900,vengeron,GVE,202609070400,2.5,1.3,10.6,298
202609060900,vengeron,GVE,202609070500,2.5,1.2,7.9,270
202609060900,vengeron,GVE,202609070600,2.0,1.0,6.8,273
202609060900,vengeron,GVE,202609070700,1.9,1.0,4.9,216
202609060900,vengeron,GVE,202609070800,1.9,1.0,3.1,193
202609060900,vengeron,GVE,202609070900,2.3,1.2,4.2,174
202609060900,vengeron,GVE,202609071000,3.2,1.8,8.8,176
202609060900,vengeron,GVE,202609071100,4.6,2.8,10.2,189
202609060900,vengeron,GVE,202609071200,5.3,3.4,12.4,210
202609060900,vengeron,GVE,202609071300,5.6,3.7,13.8,215
202609060900,vengeron,GVE,202609071400,5.3,3.7,13.8,234
202609060900,vengeron,GVE,202609071500,5.6,3.8,14.6,251
202609060900,vengeron,GVE,202609071600,5.0,3.1,11.8,271
202609060900,vengeron,GVE,202609071700,2.8,1.6,9.2,282
202609060900,vengeron,GVE,202609071800,1.9,1.0,4.1,316
202609060900,vengeron,GVE,202609071900,1.6,0.8,3.0,320
202609060900,vengeron,GVE,202609072000,1.4,0.7,2.9,335
202609060900,vengeron,GVE,202609072100,1.3,0.7,2.5,313
202609060900,vengeron,GVE,202609072200,1.6,0.8,2.8,315
202609060900,vengeron,GVE,202609072300,1.3,0.7,2.5,252
202609060900,vengeron,GVE,202609080000,1.6,0.8,2.9,241
202609060900,vengeron,GVE,202609080100,1.5,0.8,2.8,247
202609060900,vengeron,GVE,202609080200,1.7,1.0,2.8,237
202609060900,vengeron,GVE,202609080300,1.8,0.9,3.3,247
202609060900,vengeron,GVE,202609080400,1.8,0.9,3.5,229
202609060900,vengeron,GVE,202609080500,2.1,0.9,4.8,235
202609060900,vengeron,GVE,202609080600,2.1,0.9,3.8,228
202609060900,vengeron,GVE,202609080700,2.6,1.2,5.1,223
202609060900,vengeron,GVE,202609080800,3.7,1.9,8.7,208
202609060900,vengeron,GVE,202609080900,6.5,3.9,12.9,215
202609060900,vengeron,GVE,202609081000,8.2,5.0,15.4,221
202609060900,vengeron,GVE,202609081100,8.7,5.5,16.9,221
202609060900,vengeron,GVE,202609081200,8.6,5.9,17.8,222
202609060900,vengeron,GVE,202609081300,8.1,5.6,18.1,226
202609060900,vengeron,GVE,202609081400,8.3,5.6,18.1,241
202609060900,vengeron,GVE,202609081500,7.5,5.0,18.4,244
202609060900,vengeron,GVE,202609081600,7.9,4.6,20.1,262
202609060900,vengeron,GVE,202609081700,5.4,3.0,15.9,266
202609060900,vengeron,GVE,202609081800,4.4,2.3,14.0,270
202609060900,vengeron,GVE,202609081900,3.2,1.6,10.6,232
202609060900,vengeron,GVE,202609082000,3.5,1.7,11.8,239
202609060900,vengeron,GVE,202609082100,2.8,1.4,10.2,256
202609060900,vengeron,GVE,202609082200,2.7,1.3,8.9,248
202609060900,vengeron,GVE,202609082300,2.9,1.3,8.8,241
202609060900,vengeron,GVE,202609090000,2.5,1.2,9.1,237
202609060900,vengeron,GVE,202609090100,3.1,1.6,9.1,231
202609060900,vengeron,GVE,202609090200,2.8,1.3,8.7,233
202609060900,vengeron,GVE,202609090300,2.9,1.3,9.2,239
202609060900,vengeron,GVE,202609090400,3.3,1.6,10.3,231
202609060900,vengeron,GVE,202609090500,2.9,1.5,9.9,232
202609060900,vengeron,GVE,202609090600,3.2,1.8,9.6,238
202609060900,vengeron,GVE,202609090700,3.6,2.1,10.4,228
202609060900,vengeron,GVE,202609090800,4.5,2.3,10.2,225
202609060900,vengeron,GVE,202609090900,4.7,2.6,11.6,229
202609060900,vengeron,GVE,202609091000,5.1,3.1,11.8,225
202609060900,vengeron,GVE,202609091100,5.1,2.9,12.5,230
202609060900,vengeron,GVE,202609091200,5.5,3.3,12.4,260
202609060900,vengeron,GVE,202609091300,6.0,3.4,12.9,262
202609060900,vengeron,GVE,202609091400,5.7,3.5,13.5,286
202609060900,vengeron,GVE,202609091500,5.6,3.4,13.3,298
202609060900,vengeron,GVE,202609091600,6.0,3.2,14.4,319
202609060900,vengeron,GVE,202609091700,5.1,3.0,12.3,338
202609060900,vengeron,GVE,202609091800,4.6,2.6,12.7,342
202609060900,vengeron,GVE,202609091900,4.2,2.2,11.3,356
202609060900,vengeron,GVE,202609092000,4.3,2.3,11.3,15
202609060900,vengeron,GVE,202609092100,3.6,1.7,11.0,22
202609060900,vengeron,GVE,202609092200,3.6,1.6,9.6,18
202609060900,vengeron,GVE,202609092300,3.3,1.6,9.3,23
202609060900,vengeron,GVE,202609100000,3.2,1.5,9.2,20
202609060900,vengeron,GVE,202609100100,3.6,1.7,10.4,23
202609060900,vengeron,GVE,202609100200,3.5,1.7,9.4,28
202609060900,vengeron,GVE,202609100300,3.8,1.8,10.4,26
202609060900,vengeron,GVE,202609100400,3.5,1.6,9.4,22
202609060900,vengeron,GVE,202609100500,4.4,2.2,10.0,28
202609060900,vengeron,GVE,202609100600,4.8,2.3,11.0,35
202609060900,vengeron,GVE,202609100700,5.6,2.8,12.0,43
202609060900,vengeron,GVE,202609100800,5.6,2.6,12.8,49
202609060900,vengeron,GVE,202609100900,7.1,3.9,14.6,50
202609060900,vengeron,GVE,202609101000,7.7,4.0,15.3,52
202609060900,vengeron,GVE,202609101100,7.5,4.0,15.7,57
202609060900,vengeron,GVE,202609101200,7.3,4.0,14.6,60
202609060900,vengeron,GVE,202609101300,7.2,4.2,14.6,54
202609060900,vengeron,GVE,202609101400,7.8,4.5,15.8,53
202609060900,vengeron,GVE,202609101500,7.1,4.2,16.2,56
202609060900,vengeron,GVE,202609101600,7.1,4.1,15.4,50
202609060900,vengeron,GVE,202609101700,7.3,4.0,14.8,37
202609060900,vengeron,GVE,202609101800,6.5,3.8,14.8,28
202609060900,vengeron,GVE,202609101900,5.3,2.9,14.1,22
202609060900,vengeron,GVE,202609102000,4.9,2.5,12.7,18
202609060900,vengeron,GVE,202609102100,4.5,2.4,10.9,22
202609060900,vengeron,GVE,202609102200,3.5,1.6,10.0,23
202609060900,vengeron,GVE,202609102300,2.9,1.3,9.1,26
202609060900,vengeron,GVE,202609110000,2.6,1.1,9.1,25
202609060900,vengeron,GVE,202609110100,1.5,0.6,6.2,7
202609060900,vengeron,GVE,202609110200,1.6,0.6,6.3,20
202609060900,vengeron,GVE,202609110300,1.3,0.6,4.4,44
202609060900,vengeron,GVE,202609110400,1.3,0.5,5.5,44
202609060900,vengeron,GVE,202609110500,1.5,0.7,4.6,330
202609060900,vengeron,GVE,202609110600,1.7,0.8,5.9,3
202609060900,vengeron,GVE,202609110700,1.8,0.8,6.4,83
202609060900,vengeron,GVE,202609110800,2.2,0.9,7.2,98
202609060900,vengeron,GVE,202609110900,2.8,1.2,8.2,112
202609060900,vengeron,GVE,202609111000,2.5,1.2,9.4,162
202609060900,vengeron,GVE,202609111100,3.0,1.4,9.0,157
202609060900,vengeron,GVE,202609111200,3.1,1.6,10.3,173
202609060900,vengeron,GVE,202609111300,3.2,1.6,10.2,182
202609060900,vengeron,GVE,202609111400,3.5,1.8,11.2,195
202609060900,vengeron,GVE,202609111500,3.4,1.7,10.6,241
202609060900,vengeron,GVE,202609111600,3.3,1.6,10.3,246
202609060900,vengeron,GVE,202609111700,2.8,1.3,9.6,291
202609060900,vengeron,GVE,202609111800,2.8,1.3,8.8,294
202609060900,vengeron,GVE,202609111900,2.3,1.0,8.7,313
202609060900,vengeron,GVE,202609112000,2.0,0.9,8.1,332
202609060900,vengeron,GVE,202609112100,1.9,0.9,7.0,336
202609060900,vengeron,GVE,202609112200,1.7,0.8,6.5,341
202609060900,vengeron,GVE,202609112300,1.6,0.6,5.7,357
202609060900,vengeron,GVE,202609120000,1.5,0.6,5.9,13
202609060900,vengeron,GVE,202609120100,1.5,0.6,6.3,25
202609060900,vengeron,GVE,202609120200,1.5,0.6,5.2,13
202609060900,vengeron,GVE,202609120300,1.6,0.7,5.4,25
202609060900,vengeron,GVE,202609120400,1.5,0.6,6.8,25
202609060900,vengeron,GVE,202609120500,1.7,0.7,6.6,35
202609060900,vengeron,GVE,202609120600,1.8,0.8,7.0,24
202609060900,vengeron,GVE,202609120700,1.8,0.9,6.8,36
202609060900,vengeron,GVE,202609120800,2.0,0.9,7.8,45
202609060900,vengeron,GVE,202609120900,2.6,1.2,8.0,56
202609060900,vengeron,GVE,202609121000,2.9,1.3,9.6,61
202609060900,vengeron,GVE,202609121100,3.3,1.5,10.6,70
202609060900,vengeron,GVE,202609121200,4.1,1.9,10.9,67
202609060900,vengeron,GVE,202609121300,4.1,2.1,10.3,59
202609060900,vengeron,GVE,202609121400,3.7,1.8,11.3,44
202609060900,vengeron,GVE,202609121500,3.3,1.6,11.2,37
202609060900,vengeron,GVE,202609121600,3.2,1.5,10.9,25
202609060900,vengeron,GVE,202609121700,3.2,1.5,10.2,36
202609060900,vengeron,GVE,202609121800,2.8,1.3,9.7,13
202609060900,vengeron,GVE,202609121900,2.4,1.1,9.4,19
202609060900,vengeron,GVE,202609122000,2.2,0.9,7.7,19
202609060900,vengeron,GVE,202609122100,1.9,0.8,7.7,24
202609060900,vengeron,GVE,202609122200,1.8,0.8,7.6,25
202609060900,vengeron,GVE,202609122300,1.8,0.7,7.5,28
202609060900,vengeron,GVE,202609130000,1.9,0.7,7.5,34
202609060900,vengeron,GVE,202609130100,1.8,0.7,6.9,22
202609060900,vengeron,GVE,202609130200,1.5,0.5,6.9,19
202609060900,vengeron,GVE,202609130300,1.7,0.6,6.8,33
202609060900,vengeron,GVE,202609130400,1.7,0.6,7.0,28
202609060900,vengeron,GVE,202609130500,1.7,0.7,7.0,35
202609060900,vengeron,GVE,202609130600,1.8,0.7,6.7,26
202609060900,vengeron,GVE,202609130700,1.8,0.8,7.1,55
202609060900,vengeron,GVE,202609130800,2.1,0.9,7.5,50
202609060900,vengeron,GVE,202609130900,2.2,1.0,7.7,63
202609060900,vengeron,GVE,202609131000,2.6,1.4,8.4,73
202609060900,vengeron,GVE,202609131100,2.9,1.4,9.1,76
202609060900,vengeron,GVE,202609131200,3.4,1.7,9.4,77
202609060900,vengeron,GVE,202609131300,3.0,1.5,9.8,77
202609060900,vengeron,GVE,202609131400,3.6,1.9,9.9,77
202609060900,vengeron,GVE,202609131500,3.1,1.6,10.9,56
202609060900,vengeron,GVE,202609131600,2.7,1.2,9.6,49
202609060900,vengeron,GVE,202609131700,3.0,1.3,9.7,17
202609060900,vengeron,GVE,202609131800,2.3,1.1,8.6,13
202609060900,vengeron,GVE,202609131900,2.1,1.0,9.0,12
202609060900,vengeron,GVE,202609132000,1.9,0.8,7.3,17
202609060900,vengeron,GVE,202609132100,1.8,0.8,8.0,20
202609060900,vengeron,GVE,202609132200,1.7,0.8,6.9,6
202609060900,vengeron,GVE,202609132300,1.5,0.6,7.0,17
202609060900,vengeron,GVE,202609140000,1.7,0.6,5.1,13
202609060900,vengeron,GVE,202609140100,1.3,0.5,6.7,9
202609060900,vengeron,GVE,202609140200,1.3,0.6,5.7,15
202609060900,vengeron,GVE,202609140300,1.4,0.6,5.6,51
202609060900,vengeron,GVE,202609140400,1.4,0.5,5.5,23
202609060900,vengeron,GVE,202609140500,1.6,0.6,4.8,20
202609060900,vengeron,GVE,202609140600,1.4,0.6,5.8,6
202609060900,vengeron,GVE,202609140700,1.6,0.6,7.0,34
202609060900,vengeron,GVE,202609140800,1.8,0.8,7.2,73
202609060900,vengeron,GVE,202609140900,2.0,1.0,7.2,97
202609060900,vengeron,GVE,202609141000,2.3,1.1,8.3,91
202609060900,vengeron,GVE,202609141100,2.8,1.2,8.7,87
202609060900,vengeron,GVE,202609141200,3.5,1.7,9.7,113
202609060900,vengeron,GVE,202609141300,3.3,1.6,9.9,81
202609060900,vengeron,GVE,202609141400,2.9,1.4,10.0,81
202609060900,vengeron,GVE,202609141500,2.9,1.5,10.9,52
202609060900,vengeron,GVE,202609141600,2.8,1.4,10.6,58
202609060900,vengeron,GVE,202609141700,2.5,1.2,9.8,18
202609060900,vengeron,GVE,202609141800,2.4,1.1,9.0,353
202609060900,vengeron,GVE,202609141900,2.1,1.0,8.7,12
202609060900,vengeron,GVE,202609142000,1.8,0.8,7.7,11
202609060900,vengeron,GVE,202609142100,1.5,0.8,7.5,4
202609060900,vengeron,GVE,202609142200,1.5,0.6,6.1,9
202609060900,vengeron,GVE,202609142300,1.4,0.5,6.6,14
202609060900,vengeron,GVE,202609150000,1.5,0.6,6.0,15
202609060900,coppet,CGI,202609052200,4.8,4.8,9.2,3
202609060900,coppet,CGI,202609052300,3.8,3.8,7.2,340
202609060900,coppet,CGI,202609060000,4.0,4.0,6.9,330
202609060900,coppet,CGI,202609060100,3.7,3.7,8.4,17
202609060900,coppet,CGI,202609060200,3.6,3.6,8.3,48
202609060900,coppet,CGI,202609060300,2.5,2.5,5.9,244
202609060900,coppet,CGI,202609060400,1.8,1.8,5.3,282
202609060900,coppet,CGI,202609060500,1.5,1.5,5.4,292
202609060900,coppet,CGI,202609060600,1.8,1.8,5.0,264
202609060900,coppet,CGI,202609060700,2.3,2.3,8.0,44
202609060900,coppet,CGI,202609060800,1.9,1.9,8.4,65
202609060900,coppet,CGI,202609060900,4.4,4.4,8.3,62
202609060900,coppet,CGI,202609061000,4.8,3.0,8.5,61
202609060900,coppet,CGI,202609061100,4.6,2.8,8.3,70
202609060900,coppet,CGI,202609061200,4.8,3.2,8.5,78
202609060900,coppet,CGI,202609061300,5.5,3.9,9.4,67
202609060900,coppet,CGI,202609061400,6.0,4.7,10.5,58
202609060900,coppet,CGI,202609061500,4.4,2.9,9.4,53
202609060900,coppet,CGI,202609061600,4.5,2.9,9.4,47
202609060900,coppet,CGI,202609061700,4.0,2.6,9.0,33
202609060900,coppet,CGI,202609061800,3.3,2.0,7.7,4
202609060900,coppet,CGI,202609061900,3.3,1.9,4.4,342
202609060900,coppet,CGI,202609062000,2.8,1.5,4.0,338
202609060900,coppet,CGI,202609062100,1.7,0.9,2.8,345
202609060900,coppet,CGI,202609062200,1.6,0.9,2.3,319
202609060900,coppet,CGI,202609062300,1.7,1.0,2.7,293
202609060900,coppet,CGI,202609070000,2.0,1.1,3.6,276
202609060900,coppet,CGI,202609070100,1.9,1.1,3.6,274
202609060900,coppet,CGI,202609070200,2.2,1.2,8.7,237
202609060900,coppet,CGI,202609070300,3.0,1.5,10.0,238
202609060900,coppet,CGI,202609070400,2.6,1.3,9.7,284
202609060900,coppet,CGI,202609070500,2.0,1.0,8.2,270
202609060900,coppet,CGI,202609070600,1.9,1.0,5.7,262
202609060900,coppet,CGI,202609070700,1.8,1.0,4.4,208
202609060900,coppet,CGI,202609070800,2.3,1.3,4.0,192
202609060900,coppet,CGI,202609070900,3.0,1.6,5.6,177
202609060900,coppet,CGI,202609071000,3.6,2.1,8.9,167
202609060900,coppet,CGI,202609071100,4.7,3.0,11.1,170
202609060900,coppet,CGI,202609071200,5.5,3.6,13.0,175
202609060900,coppet,CGI,202609071300,5.9,4.0,14.8,208
202609060900,coppet,CGI,202609071400,5.3,3.5,15.8,225
202609060900,coppet,CGI,202609071500,5.7,3.6,14.5,246
202609060900,coppet,CGI,202609071600,5.2,3.3,12.7,262
202609060900,coppet,CGI,202609071700,3.4,2.0,8.8,272
202609060900,coppet,CGI,202609071800,2.6,1.6,5.3,298
202609060900,coppet,CGI,202609071900,1.9,1.0,5.4,291
202609060900,coppet,CGI,202609072000,1.9,1.0,2.9,286
202609060900,coppet,CGI,202609072100,1.7,0.9,2.6,302
202609060900,coppet,CGI,202609072200,1.7,0.9,2.6,292
202609060900,coppet,CGI,202609072300,1.5,0.9,2.4,282
202609060900,coppet,CGI,202609080000,1.8,1.0,2.5,268
202609060900,coppet,CGI,202609080100,1.5,0.8,2.5,257
202609060900,coppet,CGI,202609080200,1.7,0.9,2.8,249
202609060900,coppet,CGI,202609080300,1.6,0.9,2.8,248
202609060900,coppet,CGI,202609080400,1.8,1.0,2.8,243
202609060900,coppet,CGI,202609080500,2.0,1.1,2.9,238
202609060900,coppet,CGI,202609080600,2.1,1.1,3.2,229
202609060900,coppet,CGI,202609080700,2.8,1.4,4.3,222
202609060900,coppet,CGI,202609080800,4.3,2.3,9.2,219
202609060900,coppet,CGI,202609080900,6.3,3.6,12.9,213
202609060900,coppet,CGI,202609081000,8.0,5.5,17.7,213
202609060900,coppet,CGI,202609081100,8.1,5.6,17.9,212
202609060900,coppet,CGI,202609081200,8.3,5.5,17.8,222
202609060900,coppet,CGI,202609081300,8.9,5.7,18.3,224
202609060900,coppet,CGI,202609081400,8.8,5.9,18.6,236
202609060900,coppet,CGI,202609081500,8.3,5.8,18.0,246
202609060900,coppet,CGI,202609081600,8.0,5.0,21.7,261
202609060900,coppet,CGI,202609081700,5.7,3.5,16.5,257
202609060900,coppet,CGI,202609081800,3.4,1.8,14.5,254
202609060900,coppet,CGI,202609081900,3.2,1.7,9.1,233
202609060900,coppet,CGI,202609082000,3.1,1.7,9.7,255
202609060900,coppet,CGI,202609082100,3.1,1.8,8.0,251
202609060900,coppet,CGI,202609082200,2.9,1.5,8.9,253
202609060900,coppet,CGI,202609082300,3.0,1.6,8.6,247
202609060900,coppet,CGI,202609090000,3.0,1.5,8.5,244
202609060900,coppet,CGI,202609090100,2.6,1.3,8.1,240
202609060900,coppet,CGI,202609090200,2.8,1.4,7.5,238
202609060900,coppet,CGI,202609090300,3.0,1.3,8.5,243
202609060900,coppet,CGI,202609090400,3.3,1.7,8.5,238
202609060900,coppet,CGI,202609090500,3.2,1.6,9.4,233
202609060900,coppet,CGI,202609090600,3.5,1.7,9.0,233
202609060900,coppet,CGI,202609090700,3.7,2.0,10.2,229
202609060900,coppet,CGI,202609090800,4.2,2.3,11.4,231
202609060900,coppet,CGI,202609090900,4.6,2.5,11.4,226
202609060900,coppet,CGI,202609091000,5.0,3.1,12.2,227
202609060900,coppet,CGI,202609091100,4.9,2.8,12.5,232
202609060900,coppet,CGI,202609091200,5.2,3.2,12.3,246
202609060900,coppet,CGI,202609091300,4.9,2.9,13.0,246
202609060900,coppet,CGI,202609091400,5.8,3.4,13.1,266
202609060900,coppet,CGI,202609091500,5.4,3.3,13.2,284
202609060900,coppet,CGI,202609091600,4.6,2.5,11.5,300
202609060900,coppet,CGI,202609091700,4.5,2.6,11.1,329
202609060900,coppet,CGI,202609091800,3.8,2.2,10.5,328
202609060900,coppet,CGI,202609091900,3.6,1.9,10.0,348
202609060900,coppet,CGI,202609092000,3.0,1.6,9.8,9
202609060900,coppet,CGI,202609092100,2.9,1.5,8.6,9
202609060900,coppet,CGI,202609092200,2.8,1.3,8.9,1
202609060900,coppet,CGI,202609092300,2.7,1.4,8.3,6
202609060900,coppet,CGI,202609100000,3.0,1.4,8.7,6
202609060900,coppet,CGI,202609100100,2.6,1.2,8.6,11
202609060900,coppet,CGI,202609100200,3.1,1.3,8.9,19
202609060900,coppet,CGI,202609100300,3.0,1.4,8.7,16
202609060900,coppet,CGI,202609100400,3.3,1.5,9.1,14
202609060900,coppet,CGI,202609100500,3.3,1.7,8.8,24
202609060900,coppet,CGI,202609100600,4.0,1.9,9.4,23
202609060900,coppet,CGI,202609100700,4.8,2.1,10.8,43
202609060900,coppet,CGI,202609100800,5.6,2.8,14.0,50
202609060900,coppet,CGI,202609100900,6.8,4.0,16.3,54
202609060900,coppet,CGI,202609101000,7.7,4.3,16.6,57
202609060900,coppet,CGI,202609101100,7.8,4.6,17.1,60
202609060900,coppet,CGI,202609101200,7.6,4.5,16.4,63
202609060900,coppet,CGI,202609101300,7.2,4.1,17.3,62
202609060900,coppet,CGI,202609101400,7.7,4.5,16.4,58
202609060900,coppet,CGI,202609101500,6.7,4.1,15.4,65
202609060900,coppet,CGI,202609101600,6.6,3.8,15.7,58
202609060900,coppet,CGI,202609101700,5.8,3.1,15.3,40
202609060900,coppet,CGI,202609101800,5.2,2.9,14.3,21
202609060900,coppet,CGI,202609101900,4.7,2.6,12.8,11
202609060900,coppet,CGI,202609102000,4.0,2.1,10.6,10
202609060900,coppet,CGI,202609102100,3.7,1.8,10.0,13
202609060900,coppet,CGI,202609102200,2.8,1.4,9.3,14
202609060900,coppet,CGI,202609102300,2.9,1.2,8.8,8
202609060900,coppet,CGI,202609110000,2.2,1.0,8.0,4
202609060900,coppet,CGI,202609110100,1.8,0.7,6.9,20
202609060900,coppet,CGI,202609110200,1.5,0.6,6.2,21
202609060900,coppet,CGI,202609110300,1.5,0.6,6.4,36
202609060900,coppet,CGI,202609110400,1.8,0.8,6.0,60
202609060900,coppet,CGI,202609110500,1.6,0.7,5.8,111
202609060900,coppet,CGI,202609110600,1.8,0.8,6.5,177
202609060900,coppet,CGI,202609110700,1.8,0.8,6.4,159
202609060900,coppet,CGI,202609110800,2.4,1.1,7.3,138
202609060900,coppet,CGI,202609110900,2.5,1.2,7.8,115
202609060900,coppet,CGI,202609111000,3.1,1.6,8.6,135
202609060900,coppet,CGI,202609111100,3.2,1.8,9.7,151
202609060900,coppet,CGI,202609111200,4.0,1.8,11.1,137
202609060900,coppet,CGI,202609111300,4.0,1.9,10.5,146
202609060900,coppet,CGI,202609111400,3.8,2.0,11.2,184
202609060900,coppet,CGI,202609111500,3.9,1.9,9.8,171
202609060900,coppet,CGI,202609111600,3.6,1.8,9.6,201
202609060900,coppet,CGI,202609111700,3.3,1.6,10.3,241
202609060900,coppet,CGI,202609111800,2.6,1.3,8.6,283
202609060900,coppet,CGI,202609111900,2.5,1.2,8.3,304
202609060900,coppet,CGI,202609112000,2.1,0.9,7.4,304
202609060900,coppet,CGI,202609112100,2.0,0.9,7.1,291
202609060900,coppet,CGI,202609112200,1.9,0.9,6.9,332
202609060900,coppet,CGI,202609112300,1.7,0.7,7.1,293
202609060900,coppet,CGI,202609120000,1.7,0.7,5.7,326
202609060900,coppet,CGI,202609120100,1.5,0.5,6.5,32
202609060900,coppet,CGI,202609120200,1.7,0.7,5.9,39
202609060900,coppet,CGI,202609120300,1.5,0.6,6.4,39
202609060900,coppet,CGI,202609120400,1.7,0.7,7.0,34
202609060900,coppet,CGI,202609120500,1.9,0.8,7.4,50
202609060900,coppet,CGI,202609120600,1.9,0.8,6.6,30
202609060900,coppet,CGI,202609120700,1.8,0.8,7.2,61
202609060900,coppet,CGI,202609120800,2.4,1.1,8.5,53
202609060900,coppet,CGI,202609120900,2.7,1.1,8.8,56
202609060900,coppet,CGI,202609121000,3.1,1.5,8.8,54
202609060900,coppet,CGI,202609121100,3.8,1.9,10.2,56
202609060900,coppet,CGI,202609121200,4.5,2.2,11.6,57
202609060900,coppet,CGI,202609121300,3.9,2.1,11.6,52
202609060900,coppet,CGI,202609121400,4.1,2.2,11.7,44
202609060900,coppet,CGI,202609121500,4.0,2.1,11.5,47
202609060900,coppet,CGI,202609121600,3.4,1.6,11.3,34
202609060900,coppet,CGI,202609121700,3.6,1.7,10.2,26
202609060900,coppet,CGI,202609121800,3.2,1.3,9.9,30
202609060900,coppet,CGI,202609121900,3.1,1.2,9.8,34
202609060900,coppet,CGI,202609122000,2.7,1.1,9.2,30
202609060900,coppet,CGI,202609122100,2.4,1.1,8.5,34
202609060900,coppet,CGI,202609122200,2.4,1.0,7.9,31
202609060900,coppet,CGI,202609122300,1.9,0.8,7.8,36
202609060900,coppet,CGI,202609130000,1.9,0.8,8.3,36
202609060900,coppet,CGI,202609130100,1.8,0.8,7.8,34
202609060900,coppet,CGI,202609130200,1.9,0.8,7.6,35
202609060900,coppet,CGI,202609130300,2.0,0.8,7.0,40
202609060900,coppet,CGI,202609130400,1.9,0.8,7.2,49
202609060900,coppet,CGI,202609130500,1.8,0.8,7.5,38
202609060900,coppet,CGI,202609130600,1.9,0.8,8.3,50
202609060900,coppet,CGI,202609130700,2.2,1.0,7.9,51
202609060900,coppet,CGI,202609130800,2.2,1.0,8.0,58
202609060900,coppet,CGI,202609130900,2.6,1.2,8.0,70
202609060900,coppet,CGI,202609131000,3.0,1.3,8.9,74
202609060900,coppet,CGI,202609131100,3.1,1.5,9.6,64
202609060900,coppet,CGI,202609131200,3.7,1.8,9.6,74
202609060900,coppet,CGI,202609131300,3.5,1.7,10.4,69
202609060900,coppet,CGI,202609131400,3.1,1.6,10.1,66
202609060900,coppet,CGI,202609131500,3.3,1.6,10.3,51
202609060900,coppet,CGI,202609131600,3.3,1.6,11.2,45
202609060900,coppet,CGI,202609131700,3.0,1.5,9.6,38
202609060900,coppet,CGI,202609131800,2.9,1.2,10.0,33
202609060900,coppet,CGI,202609131900,2.5,1.1,9.7,20
202609060900,coppet,CGI,202609132000,2.1,0.9,8.4,40
202609060900,coppet,CGI,202609132100,2.0,0.8,8.0,20
202609060900,coppet,CGI,202609132200,1.8,0.8,7.7,19
202609060900,coppet,CGI,202609132300,1.8,0.8,7.2,28
202609060900,coppet,CGI,202609140000,1.7,0.7,7.5,36
202609060900,coppet,CGI,202609140100,1.5,0.6,7.6,36
202609060900,coppet,CGI,202609140200,1.7,0.7,6.0,47
202609060900,coppet,CGI,202609140300,1.5,0.6,6.5,47
202609060900,coppet,CGI,202609140400,1.5,0.6,6.6,36
202609060900,coppet,CGI,202609140500,1.7,0.6,5.8,89
202609060900,coppet,CGI,202609140600,1.6,0.7,7.0,11
202609060900,coppet,CGI,202609140700,1.7,0.8,6.2,63
202609060900,coppet,CGI,202609140800,1.8,0.9,7.5,99
202609060900,coppet,CGI,202609140900,2.1,1.0,8.1,77
202609060900,coppet,CGI,202609141000,2.5,1.2,8.4,70
202609060900,coppet,CGI,202609141100,3.1,1.5,8.9,79
202609060900,coppet,CGI,202609141200,3.1,1.7,10.2,70
202609060900,coppet,CGI,202609141300,3.2,1.7,9.8,88
202609060900,coppet,CGI,202609141400,3.4,1.7,11.0,69
202609060900,coppet,CGI,202609141500,3.1,1.6,10.5,61
202609060900,coppet,CGI,202609141600,2.9,1.5,9.9,52
202609060900,coppet,CGI,202609141700,2.6,1.1,9.6,31
202609060900,coppet,CGI,202609141800,2.3,1.0,9.4,21
202609060900,coppet,CGI,202609141900,2.2,1.0,8.3,31
202609060900,coppet,CGI,202609142000,2.3,1.0,8.3,25
202609060900,coppet,CGI,202609142100,1.8,0.8,7.4,25
202609060900,coppet,CGI,202609142200,1.8,0.8,6.9,38
202609060900,coppet,CGI,202609142300,1.5,0.6,6.9,47
202609060900,coppet,CGI,202609150000,1.5,0.6,6.7,16
202609060900,nyon,CGI,202609052200,4.6,4.6,9.9,348
202609060900,nyon,CGI,202609052300,4.3,4.3,8.2,349
202609060900,nyon,CGI,202609060000,5.1,5.1,8.4,351
202609060900,nyon,CGI,202609060100,5.3,5.3,10.7,359
202609060900,nyon,CGI,202609060200,4.8,4.8,10.7,359
202609060900,nyon,CGI,202609060300,2.8,2.8,7.6,322
202609060900,nyon,CGI,202609060400,2.8,2.8,6.4,313
202609060900,nyon,CGI,202609060500,2.2,2.2,6.4,290
202609060900,nyon,CGI,202609060600,2.5,2.5,4.6,314
202609060900,nyon,CGI,202609060700,2.1,2.1,4.9,24
202609060900,nyon,CGI,202609060800,3.7,3.7,10.7,93
202609060900,nyon,CGI,202609060900,5.4,5.4,10.5,94
202609060900,nyon,CGI,202609061000,5.1,3.4,9.8,98
202609060900,nyon,CGI,202609061100,4.6,2.6,9.2,104
202609060900,nyon,CGI,202609061200,4.3,2.6,8.9,112
202609060900,nyon,CGI,202609061300,4.4,2.9,9.2,104
202609060900,nyon,CGI,202609061400,4.5,3.1,9.5,95
202609060900,nyon,CGI,202609061500,3.8,2.7,9.1,84
202609060900,nyon,CGI,202609061600,3.7,2.3,8.5,79
202609060900,nyon,CGI,202609061700,3.1,1.9,7.7,61
202609060900,nyon,CGI,202609061800,2.2,1.4,5.0,329
202609060900,nyon,CGI,202609061900,2.8,1.7,4.7,325
202609060900,nyon,CGI,202609062000,2.8,1.7,4.6,323
202609060900,nyon,CGI,202609062100,2.1,1.2,3.9,321
202609060900,nyon,CGI,202609062200,1.8,1.0,2.8,309
202609060900,nyon,CGI,202609062300,2.0,1.1,2.6,289
202609060900,nyon,CGI,202609070000,2.3,1.2,3.8,278
202609060900,nyon,CGI,202609070100,2.2,1.1,5.4,275
202609060900,nyon,CGI,202609070200,2.4,1.2,8.3,260
202609060900,nyon,CGI,202609070300,2.5,1.2,8.8,315
202609060900,nyon,CGI,202609070400,2.5,1.4,10.1,302
202609060900,nyon,CGI,202609070500,2.2,1.1,8.6,307
202609060900,nyon,CGI,202609070600,1.9,1.1,3.6,301
202609060900,nyon,CGI,202609070700,1.9,1.0,3.9,232
202609060900,nyon,CGI,202609070800,2.3,1.3,5.2,179
202609060900,nyon,CGI,202609070900,2.8,1.6,6.4,173
202609060900,nyon,CGI,202609071000,4.0,2.2,9.8,169
202609060900,nyon,CGI,202609071100,5.3,3.2,11.3,166
202609060900,nyon,CGI,202609071200,6.4,4.1,14.1,167
202609060900,nyon,CGI,202609071300,5.8,3.7,15.2,210
202609060900,nyon,CGI,202609071400,6.0,4.1,15.6,236
202609060900,nyon,CGI,202609071500,5.3,3.5,15.7,249
202609060900,nyon,CGI,202609071600,5.0,3.3,13.5,248
202609060900,nyon,CGI,202609071700,3.8,2.3,9.8,272
202609060900,nyon,CGI,202609071800,3.7,2.1,8.1,306
202609060900,nyon,CGI,202609071900,2.4,1.3,6.0,319
202609060900,nyon,CGI,202609072000,1.9,1.0,4.3,321
202609060900,nyon,CGI,202609072100,2.4,1.3,3.8,308
202609060900,nyon,CGI,202609072200,2.3,1.2,3.4,320
202609060900,nyon,CGI,202609072300,1.9,1.1,3.6,288
202609060900,nyon,CGI,202609080000,1.9,1.0,2.9,279
202609060900,nyon,CGI,202609080100,1.8,0.9,2.6,262
202609060900,nyon,CGI,202609080200,2.1,0.9,3.5,259
202609060900,nyon,CGI,202609080300,1.8,1.0,3.0,259
202609060900,nyon,CGI,202609080400,1.7,0.9,3.3,260
202609060900,nyon,CGI,202609080500,1.7,0.9,2.8,250
202609060900,nyon,CGI,202609080600,1.6,0.8,2.5,264
202609060900,nyon,CGI,202609080700,1.9,1.0,3.1,218
202609060900,nyon,CGI,202609080800,3.5,1.8,8.5,210
202609060900,nyon,CGI,202609080900,6.9,4.2,13.8,204
202609060900,nyon,CGI,202609081000,7.8,5.0,18.0,208
202609060900,nyon,CGI,202609081100,8.9,6.0,21.1,203
202609060900,nyon,CGI,202609081200,9.4,6.6,20.5,215
202609060900,nyon,CGI,202609081300,9.4,6.4,20.9,228
202609060900,nyon,CGI,202609081400,9.5,6.2,20.8,235
202609060900,nyon,CGI,202609081500,9.0,6.0,20.9,253
202609060900,nyon,CGI,202609081600,8.6,4.9,21.4,263
202609060900,nyon,CGI,202609081700,6.4,3.5,19.1,269
202609060900,nyon,CGI,202609081800,5.1,2.8,17.3,284
202609060900,nyon,CGI,202609081900,3.0,1.5,12.2,279
202609060900,nyon,CGI,202609082000,2.9,1.5,9.2,274
202609060900,nyon,CGI,202609082100,2.6,1.2,9.9,272
202609060900,nyon,CGI,202609082200,2.5,1.2,9.2,268
202609060900,nyon,CGI,202609082300,2.3,1.0,8.7,258
202609060900,nyon,CGI,202609090000,1.8,0.9,7.7,245
202609060900,nyon,CGI,202609090100,2.0,1.0,5.2,246
202609060900,nyon,CGI,202609090200,2.1,1.0,6.2,241
202609060900,nyon,CGI,202609090300,2.4,1.1,7.2,241
202609060900,nyon,CGI,202609090400,2.4,1.0,8.6,237
202609060900,nyon,CGI,202609090500,2.4,1.2,9.2,239
202609060900,nyon,CGI,202609090600,2.4,1.2,8.3,237
202609060900,nyon,CGI,202609090700,2.8,1.4,8.7,227
202609060900,nyon,CGI,202609090800,4.0,2.1,10.3,231
202609060900,nyon,CGI,202609090900,4.2,2.4,10.6,233
202609060900,nyon,CGI,202609091000,4.6,2.7,12.6,239
202609060900,nyon,CGI,202609091100,5.0,3.0,13.1,241
202609060900,nyon,CGI,202609091200,5.7,3.2,12.6,257
202609060900,nyon,CGI,202609091300,5.7,3.3,13.8,262
202609060900,nyon,CGI,202609091400,5.7,3.5,13.7,267
202609060900,nyon,CGI,202609091500,5.5,3.2,13.9,284
202609060900,nyon,CGI,202609091600,5.3,2.8,13.3,306
202609060900,nyon,CGI,202609091700,5.1,2.8,12.5,319
202609060900,nyon,CGI,202609091800,3.9,2.1,11.9,327
202609060900,nyon,CGI,202609091900,4.0,2.1,11.1,350
202609060900,nyon,CGI,202609092000,3.5,1.9,10.7,346
202609060900,nyon,CGI,202609092100,2.6,1.4,9.2,11
202609060900,nyon,CGI,202609092200,2.6,1.3,9.0,22
202609060900,nyon,CGI,202609092300,2.8,1.2,7.7,10
202609060900,nyon,CGI,202609100000,2.6,1.5,7.3,4
202609060900,nyon,CGI,202609100100,2.5,1.2,8.1,12
202609060900,nyon,CGI,202609100200,2.5,1.2,8.3,16
202609060900,nyon,CGI,202609100300,2.8,1.2,7.7,21
202609060900,nyon,CGI,202609100400,2.8,1.3,8.2,14
202609060900,nyon,CGI,202609100500,2.9,1.3,8.6,20
202609060900,nyon,CGI,202609100600,3.1,1.6,8.4,27
202609060900,nyon,CGI,202609100700,3.8,1.8,9.7,49
202609060900,nyon,CGI,202609100800,5.8,3.0,14.0,62
202609060900,nyon,CGI,202609100900,6.4,3.8,15.3,67
202609060900,nyon,CGI,202609101000,7.6,4.6,16.6,69
202609060900,nyon,CGI,202609101100,7.2,4.4,15.6,68
202609060900,nyon,CGI,202609101200,7.7,4.5,16.5,78
202609060900,nyon,CGI,202609101300,6.7,4.2,16.3,78
202609060900,nyon,CGI,202609101400,7.4,4.5,16.3,75
202609060900,nyon,CGI,202609101500,6.9,4.0,15.6,70
202609060900,nyon,CGI,202609101600,5.8,3.3,14.3,67
202609060900,nyon,CGI,202609101700,5.0,3.1,13.4,38
202609060900,nyon,CGI,202609101800,4.3,2.5,13.0,12
202609060900,nyon,CGI,202609101900,4.6,2.4,11.8,11
202609060900,nyon,CGI,202609102000,4.4,2.3,10.8,7
202609060900,nyon,CGI,202609102100,3.7,1.7,10.2,10
202609060900,nyon,CGI,202609102200,2.9,1.3,9.6,3
202609060900,nyon,CGI,202609102300,3.0,1.5,9.1,5
202609060900,nyon,CGI,202609110000,2.9,1.2,8.9,359
202609060900,nyon,CGI,202609110100,2.0,0.8,7.3,26
202609060900,nyon,CGI,202609110200,1.8,0.7,7.2,31
202609060900,nyon,CGI,202609110300,2.1,0.8,7.0,27
202609060900,nyon,CGI,202609110400,1.8,0.8,7.8,48
202609060900,nyon,CGI,202609110500,2.1,0.8,7.8,26
202609060900,nyon,CGI,202609110600,2.0,0.8,6.6,40
202609060900,nyon,CGI,202609110700,2.4,1.1,7.3,108
202609060900,nyon,CGI,202609110800,2.4,1.0,7.7,97
202609060900,nyon,CGI,202609110900,3.0,1.4,8.5,108
202609060900,nyon,CGI,202609111000,3.4,1.5,8.6,119
202609060900,nyon,CGI,202609111100,3.8,1.9,9.7,151
202609060900,nyon,CGI,202609111200,4.3,2.2,11.4,149
202609060900,nyon,CGI,202609111300,3.8,2.0,11.0,148
202609060900,nyon,CGI,202609111400,4.1,1.9,11.1,154
202609060900,nyon,CGI,202609111500,3.9,1.9,11.4,204
202609060900,nyon,CGI,202609111600,3.3,1.6,10.6,206
202609060900,nyon,CGI,202609111700,3.3,1.7,9.8,224
202609060900,nyon,CGI,202609111800,3.0,1.5,8.7,279
202609060900,nyon,CGI,202609111900,2.7,1.2,8.6,267
202609060900,nyon,CGI,202609112000,2.5,1.1,7.4,311
202609060900,nyon,CGI,202609112100,2.2,1.0,7.7,318
202609060900,nyon,CGI,202609112200,2.2,1.0,6.8,340
202609060900,nyon,CGI,202609112300,2.2,0.9,6.9,331
202609060900,nyon,CGI,202609120000,1.8,0.8,6.7,351
202609060900,nyon,CGI,202609120100,1.9,0.7,7.2,348
202609060900,nyon,CGI,202609120200,1.8,0.8,7.0,23
202609060900,nyon,CGI,202609120300,1.9,0.8,7.5,34
202609060900,nyon,CGI,202609120400,2.0,0.9,7.7,29
202609060900,nyon,CGI,202609120500,2.5,1.0,7.5,42
202609060900,nyon,CGI,202609120600,2.4,1.0,7.4,34
202609060900,nyon,CGI,202609120700,2.2,0.9,8.0,49
202609060900,nyon,CGI,202609120800,2.5,1.2,8.6,56
202609060900,nyon,CGI,202609120900,2.8,1.3,9.1,63
202609060900,nyon,CGI,202609121000,3.5,1.6,9.3,69
202609060900,nyon,CGI,202609121100,4.0,1.8,11.1,70
202609060900,nyon,CGI,202609121200,4.4,2.0,12.5,79
202609060900,nyon,CGI,202609121300,4.5,2.3,12.7,70
202609060900,nyon,CGI,202609121400,4.3,2.2,13.8,64
202609060900,nyon,CGI,202609121500,4.0,2.0,11.6,61
202609060900,nyon,CGI,202609121600,3.8,1.7,11.9,47
202609060900,nyon,CGI,202609121700,3.5,1.6,11.6,36
202609060900,nyon,CGI,202609121800,3.1,1.4,11.4,35
202609060900,nyon,CGI,202609121900,3.1,1.3,10.3,34
202609060900,nyon,CGI,202609122000,3.0,1.3,9.5,33
202609060900,nyon,CGI,202609122100,2.8,1.1,8.9,28
202609060900,nyon,CGI,202609122200,2.6,1.0,7.9,36
202609060900,nyon,CGI,202609122300,2.4,1.0,7.7,34
202609060900,nyon,CGI,202609130000,2.6,1.1,7.5,28
202609060900,nyon,CGI,202609130100,2.5,1.0,7.5,24
202609060900,nyon,CGI,202609130200,2.2,0.8,7.8,27
202609060900,nyon,CGI,202609130300,2.3,1.0,7.7,26
202609060900,nyon,CGI,202609130400,2.1,0.8,7.6,33
202609060900,nyon,CGI,202609130500,2.3,1.0,7.7,39
202609060900,nyon,CGI,202609130600,2.4,1.0,7.9,34
202609060900,nyon,CGI,202609130700,2.5,1.1,7.9,47
202609060900,nyon,CGI,202609130800,2.7,1.2,8.7,55
202609060900,nyon,CGI,202609130900,2.7,1.2,8.6,64
202609060900,nyon,CGI,202609131000,2.8,1.3,10.5,76
202609060900,nyon,CGI,202609131100,3.6,1.7,10.0,93
202609060900,nyon,CGI,202609131200,4.1,2.1,10.7,93
202609060900,nyon,CGI,202609131300,4.2,2.1,10.8,96
202609060900,nyon,CGI,202609131400,3.9,1.8,11.6,80
202609060900,nyon,CGI,202609131500,3.3,1.7,11.4,68
202609060900,nyon,CGI,202609131600,3.3,1.6,10.6,64
202609060900,nyon,CGI,202609131700,2.9,1.5,10.5,47
202609060900,nyon,CGI,202609131800,2.8,1.1,9.0,38
202609060900,nyon,CGI,202609131900,2.1,1.1,9.0,29
202609060900,nyon,CGI,202609132000,2.2,1.0,8.9,21
202609060900,nyon,CGI,202609132100,2.2,0.9,8.2,26
202609060900,nyon,CGI,202609132200,2.0,0.9,7.8,26
202609060900,nyon,CGI,202609132300,2.3,0.9,7.8,24
202609060900,nyon,CGI,202609140000,1.8,0.8,7.7,30
202609060900,nyon,CGI,202609140100,2.2,0.9,6.9,6
202609060900,nyon,CGI,202609140200,1.9,0.8,7.0,21
202609060900,nyon,CGI,202609140300,1.9,0.8,6.9,19
202609060900,nyon,CGI,202609140400,1.7,0.7,7.6,20
202609060900,nyon,CGI,202609140500,1.9,0.7,6.7,32
202609060900,nyon,CGI,202609140600,2.1,0.9,8.0,30
202609060900,nyon,CGI,202609140700,2.0,0.9,7.8,47
202609060900,nyon,CGI,202609140800,2.1,0.9,7.8,71
202609060900,nyon,CGI,202609140900,2.4,1.1,8.6,71
202609060900,nyon,CGI,202609141000,2.8,1.3,8.3,94
202609060900,nyon,CGI,202609141100,3.1,1.3,9.9,109
202609060900,nyon,CGI,202609141200,3.8,1.8,11.4,105
202609060900,nyon,CGI,202609141300,3.7,1.8,10.7,104
202609060900,nyon,CGI,202609141400,3.3,1.7,10.6,99
202609060900,nyon,CGI,202609141500,3.6,1.7,11.6,93
202609060900,nyon,CGI,202609141600,2.9,1.3,10.0,64
202609060900,nyon,CGI,202609141700,2.9,1.3,10.6,25
202609060900,nyon,CGI,202609141800,2.5,1.1,10.5,33
202609060900,nyon,CGI,202609141900,2.2,1.0,9.1,11
202609060900,nyon,CGI,202609142000,2.0,0.9,8.1,11
202609060900,nyon,CGI,202609142100,2.1,1.0,7.2,5
202609060900,nyon,CGI,202609142200,2.0,0.9,7.5,27
202609060900,nyon,CGI,202609142300,1.8,0.7,7.4,26
202609060900,nyon,CGI,202609150000,2.1,0.9,7.4,20
202609060900,preverenges,PRE,202609052200,7.2,7.2,11.1,11
202609060900,preverenges,PRE,202609052300,8.4,8.4,13.8,6
202609060900,preverenges,PRE,202609060000,9.2,9.2,14.6,8
202609060900,preverenges,PRE,202609060100,8.9,8.9,14.6,15
202609060900,preverenges,PRE,202609060200,8.5,8.5,13.8,14
202609060900,preverenges,PRE,202609060300,9.4,9.4,14.6,11
202609060900,preverenges,PRE,202609060400,9.0,9.0,15.8,9
202609060900,preverenges,PRE,202609060500,9.4,9.4,15.8,14
202609060900,preverenges,PRE,202609060600,8.0,8.0,14.2,22
202609060900,preverenges,PRE,202609060700,7.9,7.9,17.1,25
202609060900,preverenges,PRE,202609060800,10.2,10.2,18.1,24
202609060900,preverenges,PRE,202609060900,8.6,8.6,15.2,24
202609060900,preverenges,PRE,202609061000,6.5,4.7,13.1,34
202609060900,preverenges,PRE,202609061100,5.5,3.9,10.8,67
202609060900,preverenges,PRE,202609061200,4.7,3.3,9.2,119
202609060900,preverenges,PRE,202609061300,4.4,3.1,9.0,118
202609060900,preverenges,PRE,202609061400,4.0,2.8,8.7,118
202609060900,preverenges,PRE,202609061500,3.3,2.1,8.4,115
202609060900,preverenges,PRE,202609061600,3.1,1.8,7.0,103
202609060900,preverenges,PRE,202609061700,2.6,1.6,7.0,74
202609060900,preverenges,PRE,202609061800,2.7,1.5,4.2,2
202609060900,preverenges,PRE,202609061900,3.9,2.3,8.2,350
202609060900,preverenges,PRE,202609062000,6.2,3.6,10.4,356
202609060900,preverenges,PRE,202609062100,6.7,4.1,12.0,0
202609060900,preverenges,PRE,202609062200,6.6,4.2,11.8,0
202609060900,preverenges,PRE,202609062300,3.6,2.0,10.8,341
202609060900,preverenges,PRE,202609070000,3.1,1.7,8.9,313
202609060900,preverenges,PRE,202609070100,2.8,1.6,8.9,307
202609060900,preverenges,PRE,202609070200,3.4,1.7,9.4,268
202609060900,preverenges,PRE,202609070300,3.5,1.9,12.3,245
202609060900,preverenges,PRE,202609070400,3.2,1.8,11.9,308
202609060900,preverenges,PRE,202609070500,2.8,1.5,9.4,324
202609060900,preverenges,PRE,202609070600,2.9,1.5,7.8,325
202609060900,preverenges,PRE,202609070700,2.2,1.2,4.3,294
202609060900,preverenges,PRE,202609070800,2.4,1.3,4.2,197
202609060900,preverenges,PRE,202609070900,2.8,1.5,4.7,187
202609060900,preverenges,PRE,202609071000,3.0,1.7,5.5,180
202609060900,preverenges,PRE,202609071100,3.2,2.0,6.2,151
202609060900,preverenges,PRE,202609071200,3.1,1.8,8.4,139
202609060900,preverenges,PRE,202609071300,3.4,1.8,8.3,138
202609060900,preverenges,PRE,202609071400,3.6,2.1,9.1,151
202609060900,preverenges,PRE,202609071500,3.8,2.1,9.9,192
202609060900,preverenges,PRE,202609071600,4.2,2.4,9.3,225
202609060900,preverenges,PRE,202609071700,3.5,1.7,8.7,245
202609060900,preverenges,PRE,202609071800,2.6,1.4,8.0,283
202609060900,preverenges,PRE,202609071900,2.5,1.4,6.0,327
202609060900,preverenges,PRE,202609072000,3.1,1.8,5.7,338
202609060900,preverenges,PRE,202609072100,2.6,1.5,4.4,343
202609060900,preverenges,PRE,202609072200,2.7,1.5,3.7,341
202609060900,preverenges,PRE,202609072300,2.3,1.2,3.5,325
202609060900,preverenges,PRE,202609080000,2.1,1.1,3.0,310
202609060900,preverenges,PRE,202609080100,2.2,1.1,3.1,307
202609060900,preverenges,PRE,202609080200,2.1,1.1,2.8,307
202609060900,preverenges,PRE,202609080300,2.1,1.1,2.9,289
202609060900,preverenges,PRE,202609080400,2.4,1.1,3.2,295
202609060900,preverenges,PRE,202609080500,2.6,1.5,4.0,279
202609060900,preverenges,PRE,202609080600,2.7,1.5,4.1,268
202609060900,preverenges,PRE,202609080700,3.5,1.6,6.8,234
202609060900,preverenges,PRE,202609080800,4.6,2.4,9.5,226
202609060900,preverenges,PRE,202609080900,5.8,3.2,11.0,226
202609060900,preverenges,PRE,202609081000,6.6,3.5,14.5,222
202609060900,preverenges,PRE,202609081100,7.1,3.8,14.6,220
202609060900,preverenges,PRE,202609081200,8.7,5.4,18.7,225
202609060900,preverenges,PRE,202609081300,10.4,6.3,21.2,227
202609060900,preverenges,PRE,202609081400,9.3,5.9,20.8,230
202609060900,preverenges,PRE,202609081500,9.2,5.7,19.4,238
202609060900,preverenges,PRE,202609081600,9.0,5.3,20.9,252
202609060900,preverenges,PRE,202609081700,6.5,4.0,20.3,267
202609060900,preverenges,PRE,202609081800,4.8,2.3,14.3,266
202609060900,preverenges,PRE,202609081900,3.6,1.8,12.1,275
202609060900,preverenges,PRE,202609082000,3.7,1.9,9.1,280
202609060900,preverenges,PRE,202609082100,3.8,1.8,9.4,269
202609060900,preverenges,PRE,202609082200,3.5,1.8,9.6,285
202609060900,preverenges,PRE,202609082300,3.7,1.7,9.3,271
202609060900,preverenges,PRE,202609090000,3.9,1.9,8.6,267
202609060900,preverenges,PRE,202609090100,3.9,1.9,9.2,254
202609060900,preverenges,PRE,202609090200,4.7,2.3,9.6,245
202609060900,preverenges,PRE,202609090300,3.9,1.8,10.4,245
202609060900,preverenges,PRE,202609090400,4.2,2.2,9.9,244
202609060900,preverenges,PRE,202609090500,4.4,2.2,10.4,248
202609060900,preverenges,PRE,202609090600,4.9,2.5,10.7,246
202609060900,preverenges,PRE,202609090700,5.9,3.1,12.1,240
202609060900,preverenges,PRE,202609090800,6.0,3.1,13.0,237
202609060900,preverenges,PRE,202609090900,6.7,3.6,13.0,230
202609060900,preverenges,PRE,202609091000,6.4,3.6,13.3,232
202609060900,preverenges,PRE,202609091100,5.5,3.2,13.6,227
202609060900,preverenges,PRE,202609091200,5.8,3.5,13.4,219
202609060900,preverenges,PRE,202609091300,5.8,3.5,14.5,205
202609060900,preverenges,PRE,202609091400,5.7,3.5,13.0,204
202609060900,preverenges,PRE,202609091500,5.1,3.1,12.6,219
202609060900,preverenges,PRE,202609091600,5.1,3.0,11.3,290
202609060900,preverenges,PRE,202609091700,5.1,3.1,10.9,359
202609060900,preverenges,PRE,202609091800,5.1,2.9,11.4,21
202609060900,preverenges,PRE,202609091900,4.9,2.8,10.7,16
202609060900,preverenges,PRE,202609092000,5.3,3.0,11.6,15
202609060900,preverenges,PRE,202609092100,5.3,3.0,11.3,9
202609060900,preverenges,PRE,202609092200,5.2,2.6,11.2,13
202609060900,preverenges,PRE,202609092300,5.5,3.0,10.7,10
202609060900,preverenges,PRE,202609100000,5.6,3.2,11.3,13
202609060900,preverenges,PRE,202609100100,5.8,2.9,11.0,17
202609060900,preverenges,PRE,202609100200,6.1,3.3,11.6,11
202609060900,preverenges,PRE,202609100300,6.3,3.3,11.4,12
202609060900,preverenges,PRE,202609100400,6.3,3.2,11.8,13
202609060900,preverenges,PRE,202609100500,6.9,3.6,11.3,15
202609060900,preverenges,PRE,202609100600,6.6,3.6,12.8,20
202609060900,preverenges,PRE,202609100700,8.2,4.4,14.6,24
202609060900,preverenges,PRE,202609100800,7.6,4.3,15.8,32
202609060900,preverenges,PRE,202609100900,8.3,5.2,16.8,41
202609060900,preverenges,PRE,202609101000,7.6,4.6,16.9,44
202609060900,preverenges,PRE,202609101100,7.2,4.5,17.4,45
202609060900,preverenges,PRE,202609101200,7.8,4.6,17.0,51
202609060900,preverenges,PRE,202609101300,7.5,4.9,16.4,51
202609060900,preverenges,PRE,202609101400,7.7,4.5,16.1,50
202609060900,preverenges,PRE,202609101500,7.2,4.5,15.8,50
202609060900,preverenges,PRE,202609101600,6.7,3.8,16.5,47
202609060900,preverenges,PRE,202609101700,6.5,3.7,16.0,28
202609060900,preverenges,PRE,202609101800,6.4,3.5,15.9,13
202609060900,preverenges,PRE,202609101900,6.6,3.8,14.6,4
202609060900,preverenges,PRE,202609102000,6.5,3.5,13.6,3
202609060900,preverenges,PRE,202609102100,7.0,3.8,13.7,8
202609060900,preverenges,PRE,202609102200,6.2,3.3,13.0,12
202609060900,preverenges,PRE,202609102300,5.9,3.2,12.8,4
202609060900,preverenges,PRE,202609110000,6.4,3.0,12.3,12
202609060900,preverenges,PRE,202609110100,3.1,1.3,7.8,18
202609060900,preverenges,PRE,202609110200,3.0,1.2,7.7,8
202609060900,preverenges,PRE,202609110300,2.8,1.1,7.9,9
202609060900,preverenges,PRE,202609110400,2.6,1.0,7.8,13
202609060900,preverenges,PRE,202609110500,2.5,1.0,7.6,10
202609060900,preverenges,PRE,202609110600,2.8,1.1,7.9,19
202609060900,preverenges,PRE,202609110700,2.5,1.1,7.7,29
202609060900,preverenges,PRE,202609110800,2.9,1.2,8.4,53
202609060900,preverenges,PRE,202609110900,3.5,1.6,8.6,113
202609060900,preverenges,PRE,202609111000,3.9,1.7,10.1,160
202609060900,preverenges,PRE,202609111100,4.1,2.1,11.0,161
202609060900,preverenges,PRE,202609111200,4.5,2.3,12.4,169
202609060900,preverenges,PRE,202609111300,4.2,2.2,11.8,166
202609060900,preverenges,PRE,202609111400,4.5,2.2,12.4,173
202609060900,preverenges,PRE,202609111500,4.6,2.4,12.3,195
202609060900,preverenges,PRE,202609111600,3.6,1.8,11.1,226
202609060900,preverenges,PRE,202609111700,3.5,1.6,10.3,239
202609060900,preverenges,PRE,202609111800,3.6,1.6,10.7,263
202609060900,preverenges,PRE,202609111900,3.1,1.5,9.0,306
202609060900,preverenges,PRE,202609112000,2.7,1.2,8.0,327
202609060900,preverenges,PRE,202609112100,3.2,1.5,7.7,345
202609060900,preverenges,PRE,202609112200,2.6,1.2,8.0,344
202609060900,preverenges,PRE,202609112300,2.9,1.2,8.2,356
202609060900,preverenges,PRE,202609120000,3.0,1.3,7.2,8
202609060900,preverenges,PRE,202609120100,2.8,1.1,6.9,11
202609060900,preverenges,PRE,202609120200,3.1,1.2,7.6,14
202609060900,preverenges,PRE,202609120300,2.9,1.1,7.5,9
202609060900,preverenges,PRE,202609120400,3.0,1.2,8.0,17
202609060900,preverenges,PRE,202609120500,3.1,1.4,8.4,19
202609060900,preverenges,PRE,202609120600,3.5,1.5,8.4,20
202609060900,preverenges,PRE,202609120700,3.2,1.5,8.6,27
202609060900,preverenges,PRE,202609120800,3.5,1.5,9.2,37
202609060900,preverenges,PRE,202609120900,3.3,1.5,9.7,46
202609060900,preverenges,PRE,202609121000,4.2,1.8,10.4,57
202609060900,preverenges,PRE,202609121100,4.6,2.2,11.4,58
202609060900,preverenges,PRE,202609121200,5.5,2.9,13.5,73
202609060900,preverenges,PRE,202609121300,5.0,2.4,13.4,58
202609060900,preverenges,PRE,202609121400,4.9,2.4,13.0,50
202609060900,preverenges,PRE,202609121500,4.3,2.0,12.6,47
202609060900,preverenges,PRE,202609121600,4.4,1.8,12.6,26
202609060900,preverenges,PRE,202609121700,3.8,1.7,12.6,16
202609060900,preverenges,PRE,202609121800,4.3,1.8,12.1,15
202609060900,preverenges,PRE,202609121900,4.1,1.9,10.7,13
202609060900,preverenges,PRE,202609122000,3.8,1.7,9.3,15
202609060900,preverenges,PRE,202609122100,3.3,1.5,9.5,17
202609060900,preverenges,PRE,202609122200,3.2,1.4,9.1,19
202609060900,preverenges,PRE,202609122300,3.6,1.5,9.4,12
202609060900,preverenges,PRE,202609130000,3.3,1.3,7.9,10
202609060900,preverenges,PRE,202609130100,3.2,1.2,8.5,8
202609060900,preverenges,PRE,202609130200,3.2,1.3,7.3,11
202609060900,preverenges,PRE,202609130300,3.1,1.4,8.5,10
202609060900,preverenges,PRE,202609130400,3.3,1.3,8.3,15
202609060900,preverenges,PRE,202609130500,3.5,1.4,8.1,9
202609060900,preverenges,PRE,202609130600,3.3,1.5,7.9,19
202609060900,preverenges,PRE,202609130700,3.2,1.3,8.5,19
202609060900,preverenges,PRE,202609130800,3.2,1.3,8.6,38
202609060900,preverenges,PRE,202609130900,2.9,1.3,9.6,57
202609060900,preverenges,PRE,202609131000,3.3,1.5,10.3,55
202609060900,preverenges,PRE,202609131100,4.0,2.1,11.1,70
202609060900,preverenges,PRE,202609131200,4.5,2.3,12.5,89
202609060900,preverenges,PRE,202609131300,4.4,2.2,11.7,76
202609060900,preverenges,PRE,202609131400,4.0,1.9,12.6,66
202609060900,preverenges,PRE,202609131500,3.9,1.9,12.2,54
202609060900,preverenges,PRE,202609131600,3.6,1.7,11.0,39
202609060900,preverenges,PRE,202609131700,3.3,1.6,11.5,27
202609060900,preverenges,PRE,202609131800,3.5,1.5,10.0,18
202609060900,preverenges,PRE,202609131900,3.1,1.2,9.5,20
202609060900,preverenges,PRE,202609132000,3.0,1.3,9.1,18
202609060900,preverenges,PRE,202609132100,2.6,1.1,8.7,7
202609060900,preverenges,PRE,202609132200,2.4,1.1,8.4,15
202609060900,preverenges,PRE,202609132300,2.4,1.0,7.5,13
202609060900,preverenges,PRE,202609140000,2.8,1.1,8.4,16
202609060900,preverenges,PRE,202609140100,2.4,1.0,7.5,15
202609060900,preverenges,PRE,202609140200,2.6,1.0,7.8,13
202609060900,preverenges,PRE,202609140300,2.5,1.1,7.1,10
202609060900,preverenges,PRE,202609140400,2.6,1.1,7.1,17
202609060900,preverenges,PRE,202609140500,2.6,1.0,7.6,13
202609060900,preverenges,PRE,202609140600,2.5,1.2,7.9,9
202609060900,preverenges,PRE,202609140700,2.4,1.1,7.9,33
202609060900,preverenges,PRE,202609140800,2.3,1.0,7.6,45
202609060900,preverenges,PRE,202609140900,2.3,1.1,8.3,51
202609060900,preverenges,PRE,202609141000,3.0,1.3,9.4,83
202609060900,preverenges,PRE,202609141100,3.3,1.7,10.3,100
202609060900,preverenges,PRE,202609141200,4.0,2.1,10.8,101
202609060900,preverenges,PRE,202609141300,4.2,2.0,11.2,94
202609060900,preverenges,PRE,202609141400,3.5,1.7,10.9,82
202609060900,preverenges,PRE,202609141500,3.5,1.7,11.4,74
202609060900,preverenges,PRE,202609141600,3.0,1.5,10.7,46
202609060900,preverenges,PRE,202609141700,3.0,1.4,10.4,23
202609060900,preverenges,PRE,202609141800,3.3,1.6,9.8,14
202609060900,preverenges,PRE,202609141900,2.9,1.3,9.2,9
202609060900,preverenges,PRE,202609142000,2.7,1.2,8.9,14
202609060900,preverenges,PRE,202609142100,2.4,1.1,8.4,14
202609060900,preverenges,PRE,202609142200,2.3,1.0,7.7,13
202609060900,preverenges,PRE,202609142300,2.2,1.0,7.3,11
202609060900,preverenges,PRE,202609150000,2.6,1.0,7.8,9
202609060900,bouveret,BOU,202609052200,3.1,3.1,10.3,255
202609060900,bouveret,BOU,202609052300,2.2,2.2,4.9,325
202609060900,bouveret,BOU,202609060000,3.6,3.6,6.4,5
202609060900,bouveret,BOU,202609060100,2.9,2.9,6.4,229
202609060900,bouveret,BOU,202609060200,3.1,3.1,6.0,217
202609060900,bouveret,BOU,202609060300,2.9,2.9,5.2,163
202609060900,bouveret,BOU,202609060400,3.5,3.5,5.6,146
202609060900,bouveret,BOU,202609060500,2.5,2.5,5.6,301
202609060900,bouveret,BOU,202609060600,3.0,3.0,4.5,312
202609060900,bouveret,BOU,202609060700,2.9,2.9,5.5,144
202609060900,bouveret,BOU,202609060800,2.2,2.2,5.2,168
202609060900,bouveret,BOU,202609060900,3.3,3.3,6.7,297
202609060900,bouveret,BOU,202609061000,3.3,1.7,6.8,308
202609060900,bouveret,BOU,202609061100,3.6,1.7,6.3,294
202609060900,bouveret,BOU,202609061200,3.7,2.3,6.0,281
202609060900,bouveret,BOU,202609061300,3.2,2.0,6.2,292
202609060900,bouveret,BOU,202609061400,2.8,1.7,6.4,306
202609060900,bouveret,BOU,202609061500,2.6,1.6,5.0,302
202609060900,bouveret,BOU,202609061600,2.4,1.4,4.8,289
202609060900,bouveret,BOU,202609061700,2.5,1.4,4.2,113
202609060900,bouveret,BOU,202609061800,2.4,1.3,3.9,124
202609060900,bouveret,BOU,202609061900,2.3,1.3,3.8,126
202609060900,bouveret,BOU,202609062000,2.1,1.0,3.8,122
202609060900,bouveret,BOU,202609062100,2.0,1.0,4.3,135
202609060900,bouveret,BOU,202609062200,2.4,1.1,4.8,211
202609060900,bouveret,BOU,202609062300,3.3,1.8,7.6,290
202609060900,bouveret,BOU,202609070000,3.1,1.4,9.1,279
202609060900,bouveret,BOU,202609070100,3.4,1.7,11.2,151
202609060900,bouveret,BOU,202609070200,4.3,2.1,14.5,294
202609060900,bouveret,BOU,202609070300,5.2,2.8,18.8,129
202609060900,bouveret,BOU,202609070400,5.6,2.9,18.3,127
202609060900,bouveret,BOU,202609070500,7.2,3.8,23.9,132
202609060900,bouveret,BOU,202609070600,6.8,3.3,22.7,168
202609060900,bouveret,BOU,202609070700,5.2,2.6,17.6,217
202609060900,bouveret,BOU,202609070800,3.8,1.8,11.9,261
202609060900,bouveret,BOU,202609070900,3.1,1.7,9.1,303
202609060900,bouveret,BOU,202609071000,2.8,1.6,6.5,301
202609060900,bouveret,BOU,202609071100,3.2,1.7,8.2,299
202609060900,bouveret,BOU,202609071200,2.9,1.8,8.0,296
202609060900,bouveret,BOU,202609071300,2.7,1.6,5.7,302
202609060900,bouveret,BOU,202609071400,2.7,1.6,5.2,81
202609060900,bouveret,BOU,202609071500,2.5,1.4,5.6,111
202609060900,bouveret,BOU,202609071600,2.9,1.5,8.2,115
202609060900,bouveret,BOU,202609071700,2.8,1.5,7.2,122
202609060900,bouveret,BOU,202609071800,2.6,1.5,6.5,128
202609060900,bouveret,BOU,202609071900,2.8,1.5,7.2,120
202609060900,bouveret,BOU,202609072000,3.3,1.8,6.9,124
202609060900,bouveret,BOU,202609072100,3.8,2.1,8.2,125
202609060900,bouveret,BOU,202609072200,3.9,1.9,9.3,124
202609060900,bouveret,BOU,202609072300,3.1,1.4,10.3,127
202609060900,bouveret,BOU,202609080000,2.9,1.5,8.3,125
202609060900,bouveret,BOU,202609080100,2.4,1.2,8.5,119
202609060900,bouveret,BOU,202609080200,2.8,1.4,8.4,112
202609060900,bouveret,BOU,202609080300,2.8,1.4,8.0,125
202609060900,bouveret,BOU,202609080400,2.6,1.3,8.6,116
202609060900,bouveret,BOU,202609080500,2.6,1.3,8.0,118
202609060900,bouveret,BOU,202609080600,2.8,1.3,7.1,115
202609060900,bouveret,BOU,202609080700,3.2,1.7,7.8,199
202609060900,bouveret,BOU,202609080800,3.2,1.8,8.5,299
202609060900,bouveret,BOU,202609080900,3.7,2.1,8.5,305
202609060900,bouveret,BOU,202609081000,4.2,2.6,9.2,308
202609060900,bouveret,BOU,202609081100,4.0,2.4,9.5,312
202609060900,bouveret,BOU,202609081200,4.5,2.6,9.3,315
202609060900,bouveret,BOU,202609081300,4.6,2.8,9.6,323
202609060900,bouveret,BOU,202609081400,4.1,2.6,9.8,335
202609060900,bouveret,BOU,202609081500,3.9,2.3,9.4,343
202609060900,bouveret,BOU,202609081600,3.3,1.8,9.6,316
202609060900,bouveret,BOU,202609081700,4.2,2.1,13.7,306
202609060900,bouveret,BOU,202609081800,4.1,2.1,14.4,139
202609060900,bouveret,BOU,202609081900,4.0,2.2,14.7,171
202609060900,bouveret,BOU,202609082000,3.2,1.7,13.5,148
202609060900,bouveret,BOU,202609082100,2.9,1.4,11.3,146
202609060900,bouveret,BOU,202609082200,3.4,1.6,10.9,246
202609060900,bouveret,BOU,202609082300,3.2,1.7,11.4,301
202609060900,bouveret,BOU,202609090000,3.5,1.7,11.4,311
202609060900,bouveret,BOU,202609090100,3.6,1.9,11.8,323
202609060900,bouveret,BOU,202609090200,3.7,1.9,12.7,340
202609060900,bouveret,BOU,202609090300,3.2,1.4,12.1,329
202609060900,bouveret,BOU,202609090400,3.6,1.7,12.7,337
202609060900,bouveret,BOU,202609090500,3.4,1.8,12.0,306
202609060900,bouveret,BOU,202609090600,4.1,2.3,12.7,299
202609060900,bouveret,BOU,202609090700,4.8,2.6,13.1,307
202609060900,bouveret,BOU,202609090800,5.4,3.0,14.1,308
202609060900,bouveret,BOU,202609090900,4.0,2.2,12.4,309
202609060900,bouveret,BOU,202609091000,4.6,2.5,12.7,307
202609060900,bouveret,BOU,202609091100,5.8,3.3,13.2,308
202609060900,bouveret,BOU,202609091200,6.2,3.6,13.9,306
202609060900,bouveret,BOU,202609091300,6.0,3.6,15.4,301
202609060900,bouveret,BOU,202609091400,6.6,3.9,15.1,304
202609060900,bouveret,BOU,202609091500,5.2,3.1,14.7,301
202609060900,bouveret,BOU,202609091600,5.1,2.8,12.7,303
202609060900,bouveret,BOU,202609091700,5.0,2.8,13.2,301
202609060900,bouveret,BOU,202609091800,4.7,2.6,12.5,307
202609060900,bouveret,BOU,202609091900,4.0,2.3,11.3,304
202609060900,bouveret,BOU,202609092000,4.3,2.2,12.6,304
202609060900,bouveret,BOU,202609092100,3.6,2.1,12.0,298
202609060900,bouveret,BOU,202609092200,3.6,1.9,10.8,281
202609060900,bouveret,BOU,202609092300,3.0,1.6,10.4,293
202609060900,bouveret,BOU,202609100000,2.7,1.4,9.4,249
202609060900,bouveret,BOU,202609100100,2.6,1.3,8.7,140
202609060900,bouveret,BOU,202609100200,2.3,1.2,8.2,121
202609060900,bouveret,BOU,202609100300,2.6,1.3,7.7,138
202609060900,bouveret,BOU,202609100400,2.4,1.2,7.5,128
202609060900,bouveret,BOU,202609100500,2.6,1.4,6.9,110
202609060900,bouveret,BOU,202609100600,2.5,1.2,5.4,128
202609060900,bouveret,BOU,202609100700,2.5,1.3,8.3,143
202609060900,bouveret,BOU,202609100800,2.6,1.4,8.0,322
202609060900,bouveret,BOU,202609100900,3.2,1.8,8.9,304
202609060900,bouveret,BOU,202609101000,4.0,2.3,10.1,305
202609060900,bouveret,BOU,202609101100,4.9,3.1,11.0,303
202609060900,bouveret,BOU,202609101200,5.8,3.6,12.5,307
202609060900,bouveret,BOU,202609101300,5.7,3.6,12.8,302
202609060900,bouveret,BOU,202609101400,6.2,3.9,12.9,307
202609060900,bouveret,BOU,202609101500,6.7,3.9,13.3,309
202609060900,bouveret,BOU,202609101600,6.1,3.5,14.6,307
202609060900,bouveret,BOU,202609101700,5.0,2.9,13.2,306
202609060900,bouveret,BOU,202609101800,4.5,2.7,12.4,301
202609060900,bouveret,BOU,202609101900,3.2,1.9,9.3,265
202609060900,bouveret,BOU,202609102000,2.7,1.5,8.6,204
202609060900,bouveret,BOU,202609102100,2.5,1.3,8.0,203
202609060900,bouveret,BOU,202609102200,2.4,1.2,7.2,141
202609060900,bouveret,BOU,202609102300,2.5,1.3,6.9,120
202609060900,bouveret,BOU,202609110000,2.5,1.3,6.9,131
202609060900,bouveret,BOU,202609110100,1.5,0.6,5.5,119
202609060900,bouveret,BOU,202609110200,1.6,0.6,5.2,98
202609060900,bouveret,BOU,202609110300,1.6,0.7,5.8,109
202609060900,bouveret,BOU,202609110400,1.5,0.6,5.5,112
202609060900,bouveret,BOU,202609110500,1.6,0.7,5.5,128
202609060900,bouveret,BOU,202609110600,1.7,0.8,5.6,126
202609060900,bouveret,BOU,202609110700,1.8,0.9,6.4,119
202609060900,bouveret,BOU,202609110800,2.0,1.0,7.7,250
202609060900,bouveret,BOU,202609110900,2.5,1.3,7.6,298
202609060900,bouveret,BOU,202609111000,2.8,1.3,8.9,301
202609060900,bouveret,BOU,202609111100,3.1,1.5,9.5,300
202609060900,bouveret,BOU,202609111200,3.3,1.7,10.5,303
202609060900,bouveret,BOU,202609111300,3.7,1.8,11.7,300
202609060900,bouveret,BOU,202609111400,3.6,1.8,11.1,305
202609060900,bouveret,BOU,202609111500,3.8,2.1,10.9,305
202609060900,bouveret,BOU,202609111600,3.4,1.7,10.0,312
202609060900,bouveret,BOU,202609111700,3.1,1.5,10.3,304
202609060900,bouveret,BOU,202609111800,2.5,1.3,9.1,328
202609060900,bouveret,BOU,202609111900,2.4,1.0,8.7,23
202609060900,bouveret,BOU,202609112000,2.1,1.0,8.3,78
202609060900,bouveret,BOU,202609112100,1.7,0.8,6.7,73
202609060900,bouveret,BOU,202609112200,1.8,0.8,6.7,89
202609060900,bouveret,BOU,202609112300,1.6,0.7,6.4,98
202609060900,bouveret,BOU,202609120000,1.6,0.6,5.9,102
202609060900,bouveret,BOU,202609120100,1.4,0.6,5.4,110
202609060900,bouveret,BOU,202609120200,1.5,0.6,5.1,112
202609060900,bouveret,BOU,202609120300,1.6,0.6,5.5,109
202609060900,bouveret,BOU,202609120400,1.6,0.6,6.7,128
202609060900,bouveret,BOU,202609120500,1.6,0.8,6.1,120
202609060900,bouveret,BOU,202609120600,1.7,0.8,5.5,116
202609060900,bouveret,BOU,202609120700,1.8,0.9,6.6,118
202609060900,bouveret,BOU,202609120800,1.8,0.9,7.4,297
202609060900,bouveret,BOU,202609120900,2.2,0.9,8.6,301
202609060900,bouveret,BOU,202609121000,2.6,1.3,8.3,299
202609060900,bouveret,BOU,202609121100,3.2,1.6,10.0,303
202609060900,bouveret,BOU,202609121200,4.2,1.9,11.3,308
202609060900,bouveret,BOU,202609121300,3.6,1.6,10.9,309
202609060900,bouveret,BOU,202609121400,3.5,1.9,10.7,308
202609060900,bouveret,BOU,202609121500,3.5,1.8,11.4,310
202609060900,bouveret,BOU,202609121600,3.1,1.5,11.4,302
202609060900,bouveret,BOU,202609121700,3.0,1.4,10.5,303
202609060900,bouveret,BOU,202609121800,2.8,1.3,10.4,13
202609060900,bouveret,BOU,202609121900,2.5,1.2,9.2,62
202609060900,bouveret,BOU,202609122000,2.3,1.1,8.6,87
202609060900,bouveret,BOU,202609122100,2.1,0.9,8.2,103
202609060900,bouveret,BOU,202609122200,1.8,0.8,7.2,94
202609060900,bouveret,BOU,202609122300,1.5,0.7,6.1,96
202609060900,bouveret,BOU,202609130000,1.7,0.6,5.8,100
202609060900,bouveret,BOU,202609130100,1.8,0.8,5.5,105
202609060900,bouveret,BOU,202609130200,1.6,0.7,5.8,102
202609060900,bouveret,BOU,202609130300,1.7,0.7,6.0,108
202609060900,bouveret,BOU,202609130400,1.6,0.8,5.4,109
202609060900,bouveret,BOU,202609130500,1.8,0.8,5.6,119
202609060900,bouveret,BOU,202609130600,1.7,0.8,6.3,123
202609060900,bouveret,BOU,202609130700,1.9,0.9,7.0,125
202609060900,bouveret,BOU,202609130800,1.8,0.8,7.8,155
202609060900,bouveret,BOU,202609130900,2.0,0.9,8.2,168
202609060900,bouveret,BOU,202609131000,2.3,1.1,8.3,311
202609060900,bouveret,BOU,202609131100,2.8,1.4,8.9,295
202609060900,bouveret,BOU,202609131200,3.5,1.9,9.2,305
202609060900,bouveret,BOU,202609131300,3.8,1.9,10.4,299
202609060900,bouveret,BOU,202609131400,3.2,1.6,9.7,295
202609060900,bouveret,BOU,202609131500,3.1,1.6,10.7,307
202609060900,bouveret,BOU,202609131600,2.9,1.5,9.6,313
202609060900,bouveret,BOU,202609131700,2.6,1.3,9.9,329
202609060900,bouveret,BOU,202609131800,2.7,1.2,9.4,57
202609060900,bouveret,BOU,202609131900,2.3,1.1,8.8,97
202609060900,bouveret,BOU,202609132000,2.1,0.9,8.7,115
202609060900,bouveret,BOU,202609132100,1.9,0.9,7.6,90
202609060900,bouveret,BOU,202609132200,2.1,0.8,7.3,100
202609060900,bouveret,BOU,202609132300,1.7,0.8,6.3,113
202609060900,bouveret,BOU,202609140000,1.9,0.8,6.5,113
202609060900,bouveret,BOU,202609140100,1.8,0.8,6.2,111
202609060900,bouveret,BOU,202609140200,1.9,0.8,6.3,99
202609060900,bouveret,BOU,202609140300,1.9,0.8,5.7,113
202609060900,bouveret,BOU,202609140400,1.8,0.8,6.8,111
202609060900,bouveret,BOU,202609140500,1.8,0.8,6.0,114
202609060900,bouveret,BOU,202609140600,1.9,0.9,6.7,119
202609060900,bouveret,BOU,202609140700,1.9,0.9,7.1,112
202609060900,bouveret,BOU,202609140800,1.8,0.8,7.6,109
202609060900,bouveret,BOU,202609140900,2.0,1.0,8.3,193
202609060900,bouveret,BOU,202609141000,2.5,1.2,9.5,269
202609060900,bouveret,BOU,202609141100,2.9,1.4,9.1,284
202609060900,bouveret,BOU,202609141200,3.4,1.6,10.2,299
202609060900,bouveret,BOU,202609141300,3.3,1.7,10.2,298
202609060900,bouveret,BOU,202609141400,3.1,1.5,10.2,299
202609060900,bouveret,BOU,202609141500,3.1,1.6,11.6,292
202609060900,bouveret,BOU,202609141600,3.0,1.6,10.4,303
202609060900,bouveret,BOU,202609141700,2.6,1.3,9.0,322
202609060900,bouveret,BOU,202609141800,2.3,1.1,10.0,47
202609060900,bouveret,BOU,202609141900,2.5,1.1,8.6,97
202609060900,bouveret,BOU,202609142000,2.1,0.9,8.3,114
202609060900,bouveret,BOU,202609142100,2.0,0.9,7.9,119
202609060900,bouveret,BOU,202609142200,1.8,0.8,7.5,113
202609060900,bouveret,BOU,202609142300,2.2,0.8,7.3,105
202609060900,bouveret,BOU,202609150000,1.9,0.8,6.1,107
202609060900,joux,CHB,202609052200,1.7,1.7,4.5,307
202609060900,joux,CHB,202609052300,1.6,1.6,3.9,278
202609060900,joux,CHB,202609060000,1.6,1.6,3.9,275
202609060900,joux,CHB,202609060100,1.3,1.3,3.3,295
202609060900,joux,CHB,202609060200,1.2,1.2,4.5,273
202609060900,joux,CHB,202609060300,1.8,1.8,4.5,275
202609060900,joux,CHB,202609060400,1.6,1.6,3.7,247
202609060900,joux,CHB,202609060500,1.5,1.5,3.5,284
202609060900,joux,CHB,202609060600,1.4,1.4,3.1,263
202609060900,joux,CHB,202609060700,1.6,1.6,3.3,182
202609060900,joux,CHB,202609060800,2.4,2.4,7.2,54
202609060900,joux,CHB,202609060900,5.8,5.8,9.2,56
202609060900,joux,CHB,202609061000,6.1,4.9,10.2,70
202609060900,joux,CHB,202609061100,5.7,4.4,10.5,85
202609060900,joux,CHB,202609061200,5.6,4.0,11.0,101
202609060900,joux,CHB,202609061300,6.2,4.5,12.0,109
202609060900,joux,CHB,202609061400,6.6,4.9,13.0,116
202609060900,joux,CHB,202609061500,4.1,2.5,10.9,121
202609060900,joux,CHB,202609061600,3.5,2.1,9.9,115
202609060900,joux,CHB,202609061700,2.9,1.7,8.5,94
202609060900,joux,CHB,202609061800,1.7,1.0,3.8,33
202609060900,joux,CHB,202609061900,1.6,0.9,3.0,243
202609060900,joux,CHB,202609062000,1.7,1.0,2.9,236
202609060900,joux,CHB,202609062100,1.8,1.0,3.1,219
202609060900,joux,CHB,202609062200,1.9,1.0,2.8,240
202609060900,joux,CHB,202609062300,1.8,1.0,3.0,242
202609060900,joux,CHB,202609070000,2.6,1.3,8.3,240
202609060900,joux,CHB,202609070100,2.5,1.3,9.7,242
202609060900,joux,CHB,202609070200,3.5,1.7,14.0,236
202609060900,joux,CHB,202609070300,3.5,1.6,15.1,233
202609060900,joux,CHB,202609070400,2.5,1.2,12.6,230
202609060900,joux,CHB,202609070500,2.4,1.1,10.5,246
202609060900,joux,CHB,202609070600,2.4,1.1,10.0,230
202609060900,joux,CHB,202609070700,2.3,1.1,10.2,225
202609060900,joux,CHB,202609070800,3.5,1.8,10.6,212
202609060900,joux,CHB,202609070900,5.8,3.2,14.0,208
202609060900,joux,CHB,202609071000,5.8,3.7,15.9,223
202609060900,joux,CHB,202609071100,5.8,3.9,16.8,231
202609060900,joux,CHB,202609071200,5.9,4.0,18.0,244
202609060900,joux,CHB,202609071300,6.5,4.5,17.4,250
202609060900,joux,CHB,202609071400,6.1,4.1,17.3,251
202609060900,joux,CHB,202609071500,5.9,3.9,17.4,254
202609060900,joux,CHB,202609071600,5.9,3.8,16.4,254
202609060900,joux,CHB,202609071700,3.8,2.5,14.1,259
202609060900,joux,CHB,202609071800,2.4,1.5,9.2,257
202609060900,joux,CHB,202609071900,2.6,1.6,9.5,237
202609060900,joux,CHB,202609072000,3.0,1.7,8.8,235
202609060900,joux,CHB,202609072100,3.1,1.6,8.7,234
202609060900,joux,CHB,202609072200,2.8,1.5,8.9,236
202609060900,joux,CHB,202609072300,2.9,1.5,9.2,236
202609060900,joux,CHB,202609080000,3.1,1.6,8.7,237
202609060900,joux,CHB,202609080100,3.0,1.5,10.3,234
202609060900,joux,CHB,202609080200,3.3,1.6,10.4,234
202609060900,joux,CHB,202609080300,3.6,1.8,12.0,234
202609060900,joux,CHB,202609080400,3.8,1.7,12.5,233
202609060900,joux,CHB,202609080500,3.7,1.9,12.9,230
202609060900,joux,CHB,202609080600,3.9,2.2,12.9,230
202609060900,joux,CHB,202609080700,5.2,2.8,15.3,228
202609060900,joux,CHB,202609080800,6.2,3.7,15.2,228
202609060900,joux,CHB,202609080900,6.6,4.0,17.3,228
202609060900,joux,CHB,202609081000,6.9,4.6,19.1,229
202609060900,joux,CHB,202609081100,8.0,5.1,20.1,233
202609060900,joux,CHB,202609081200,8.4,5.5,20.4,237
202609060900,joux,CHB,202609081300,8.3,5.2,21.7,236
202609060900,joux,CHB,202609081400,8.3,5.5,20.6,239
202609060900,joux,CHB,202609081500,7.9,5.2,20.1,246
202609060900,joux,CHB,202609081600,7.2,4.6,19.8,254
202609060900,joux,CHB,202609081700,5.8,3.5,18.9,260
202609060900,joux,CHB,202609081800,4.8,2.5,15.4,265
202609060900,joux,CHB,202609081900,3.9,2.1,14.4,261
202609060900,joux,CHB,202609082000,3.3,1.8,13.2,257
202609060900,joux,CHB,202609082100,3.6,1.9,11.4,256
202609060900,joux,CHB,202609082200,3.1,1.6,12.1,250
202609060900,joux,CHB,202609082300,3.5,1.8,12.6,242
202609060900,joux,CHB,202609090000,3.9,2.0,12.5,240
202609060900,joux,CHB,202609090100,3.7,1.8,13.2,244
202609060900,joux,CHB,202609090200,3.9,1.9,13.3,242
202609060900,joux,CHB,202609090300,3.9,1.8,12.1,242
202609060900,joux,CHB,202609090400,4.0,2.1,13.1,240
202609060900,joux,CHB,202609090500,4.0,2.2,12.9,247
202609060900,joux,CHB,202609090600,3.9,2.1,13.0,248
202609060900,joux,CHB,202609090700,4.1,2.0,13.8,252
202609060900,joux,CHB,202609090800,4.0,2.1,13.5,248
202609060900,joux,CHB,202609090900,4.6,2.5,13.9,253
202609060900,joux,CHB,202609091000,4.8,2.6,14.7,257
202609060900,joux,CHB,202609091100,4.9,2.9,15.4,266
202609060900,joux,CHB,202609091200,5.2,3.1,16.5,276
202609060900,joux,CHB,202609091300,6.4,3.8,17.5,281
202609060900,joux,CHB,202609091400,6.2,3.7,17.0,288
202609060900,joux,CHB,202609091500,6.1,3.7,17.1,294
202609060900,joux,CHB,202609091600,6.2,3.9,16.6,301
202609060900,joux,CHB,202609091700,5.6,3.2,16.6,309
202609060900,joux,CHB,202609091800,3.9,2.2,13.6,318
202609060900,joux,CHB,202609091900,3.1,1.7,13.1,312
202609060900,joux,CHB,202609092000,3.2,1.7,12.6,326
202609060900,joux,CHB,202609092100,2.9,1.5,12.0,329
202609060900,joux,CHB,202609092200,2.7,1.4,11.0,336
202609060900,joux,CHB,202609092300,2.4,1.3,10.6,332
202609060900,joux,CHB,202609100000,2.3,1.1,9.9,346
202609060900,joux,CHB,202609100100,2.2,1.2,9.6,10
202609060900,joux,CHB,202609100200,2.3,1.1,10.1,14
202609060900,joux,CHB,202609100300,2.4,1.1,8.6,16
202609060900,joux,CHB,202609100400,2.4,1.1,9.2,29
202609060900,joux,CHB,202609100500,2.4,1.3,9.2,32
202609060900,joux,CHB,202609100600,2.4,1.2,9.4,37
202609060900,joux,CHB,202609100700,3.3,1.7,11.3,48
202609060900,joux,CHB,202609100800,4.2,2.2,13.1,53
202609060900,joux,CHB,202609100900,4.5,2.4,14.5,51
202609060900,joux,CHB,202609101000,4.6,2.6,13.9,53
202609060900,joux,CHB,202609101100,4.5,2.8,14.0,51
202609060900,joux,CHB,202609101200,4.5,2.8,14.0,55
202609060900,joux,CHB,202609101300,4.9,2.9,14.9,49
202609060900,joux,CHB,202609101400,5.0,3.1,14.8,42
202609060900,joux,CHB,202609101500,5.4,3.4,15.1,40
202609060900,joux,CHB,202609101600,5.3,3.3,15.5,40
202609060900,joux,CHB,202609101700,4.9,3.1,15.1,35
202609060900,joux,CHB,202609101800,3.5,1.9,13.8,19
202609060900,joux,CHB,202609101900,2.9,1.6,11.9,16
202609060900,joux,CHB,202609102000,2.5,1.3,12.3,21
202609060900,joux,CHB,202609102100,2.3,1.1,11.1,30
202609060900,joux,CHB,202609102200,2.4,1.2,9.3,14
202609060900,joux,CHB,202609102300,2.1,1.0,9.7,25
202609060900,joux,CHB,202609110000,2.0,1.0,8.6,2
202609060900,joux,CHB,202609110100,1.7,0.6,6.8,5
202609060900,joux,CHB,202609110200,1.6,0.6,5.6,269
202609060900,joux,CHB,202609110300,1.8,0.7,6.5,241
202609060900,joux,CHB,202609110400,1.8,0.7,5.5,213
202609060900,joux,CHB,202609110500,2.0,0.8,6.3,212
202609060900,joux,CHB,202609110600,1.8,0.9,6.9,212
202609060900,joux,CHB,202609110700,1.9,0.9,7.0,216
202609060900,joux,CHB,202609110800,2.4,1.1,7.7,213
202609060900,joux,CHB,202609110900,2.8,1.3,8.2,184
202609060900,joux,CHB,202609111000,3.2,1.5,9.6,191
202609060900,joux,CHB,202609111100,3.6,1.7,10.0,234
202609060900,joux,CHB,202609111200,3.8,1.8,10.7,244
202609060900,joux,CHB,202609111300,4.4,2.1,11.6,242
202609060900,joux,CHB,202609111400,4.4,2.1,12.1,256
202609060900,joux,CHB,202609111500,4.4,2.3,10.9,261
202609060900,joux,CHB,202609111600,4.5,2.2,11.1,269
202609060900,joux,CHB,202609111700,3.7,1.7,11.0,256
202609060900,joux,CHB,202609111800,3.2,1.4,9.9,252
202609060900,joux,CHB,202609111900,3.1,1.5,8.8,247
202609060900,joux,CHB,202609112000,2.8,1.2,8.0,264
202609060900,joux,CHB,202609112100,2.4,1.0,7.4,246
202609060900,joux,CHB,202609112200,2.4,1.0,7.1,248
202609060900,joux,CHB,202609112300,2.2,0.9,6.6,250
202609060900,joux,CHB,202609120000,2.1,0.8,6.8,252
202609060900,joux,CHB,202609120100,2.0,0.8,6.6,272
202609060900,joux,CHB,202609120200,1.7,0.7,6.7,258
202609060900,joux,CHB,202609120300,1.8,0.7,7.4,278
202609060900,joux,CHB,202609120400,1.8,0.8,6.9,337
202609060900,joux,CHB,202609120500,1.9,0.8,7.7,331
202609060900,joux,CHB,202609120600,2.0,0.9,7.1,28
202609060900,joux,CHB,202609120700,2.3,0.9,7.5,49
202609060900,joux,CHB,202609120800,2.4,1.1,7.5,40
202609060900,joux,CHB,202609120900,2.9,1.4,8.3,46
202609060900,joux,CHB,202609121000,3.3,1.5,9.6,40
202609060900,joux,CHB,202609121100,3.5,1.6,10.0,38
202609060900,joux,CHB,202609121200,4.7,2.2,11.1,40
202609060900,joux,CHB,202609121300,4.0,2.1,11.0,35
202609060900,joux,CHB,202609121400,4.0,1.9,12.5,31
202609060900,joux,CHB,202609121500,3.9,1.8,11.4,20
202609060900,joux,CHB,202609121600,3.5,1.7,11.6,25
202609060900,joux,CHB,202609121700,3.4,1.6,11.7,14
202609060900,joux,CHB,202609121800,3.1,1.3,10.6,18
202609060900,joux,CHB,202609121900,2.9,1.2,9.5,16
202609060900,joux,CHB,202609122000,2.4,1.1,8.9,357
202609060900,joux,CHB,202609122100,2.2,1.0,7.8,16
202609060900,joux,CHB,202609122200,2.0,0.8,7.6,19
202609060900,joux,CHB,202609122300,1.8,0.8,7.4,12
202609060900,joux,CHB,202609130000,1.7,0.8,7.2,51
202609060900,joux,CHB,202609130100,1.7,0.6,7.1,17
202609060900,joux,CHB,202609130200,1.6,0.8,6.9,18
202609060900,joux,CHB,202609130300,1.7,0.7,6.2,4
202609060900,joux,CHB,202609130400,1.7,0.6,6.3,197
202609060900,joux,CHB,202609130500,1.7,0.7,6.7,168
202609060900,joux,CHB,202609130600,1.9,0.8,6.9,265
202609060900,joux,CHB,202609130700,2.0,0.9,7.5,82
202609060900,joux,CHB,202609130800,2.1,1.0,7.6,72
202609060900,joux,CHB,202609130900,2.5,1.0,8.1,68
202609060900,joux,CHB,202609131000,2.8,1.3,8.4,68
202609060900,joux,CHB,202609131100,3.1,1.5,10.1,46
202609060900,joux,CHB,202609131200,3.5,1.7,10.0,56
202609060900,joux,CHB,202609131300,3.5,1.6,10.5,51
202609060900,joux,CHB,202609131400,3.6,1.7,10.9,39
202609060900,joux,CHB,202609131500,3.1,1.5,10.0,29
202609060900,joux,CHB,202609131600,3.2,1.3,11.4,4
202609060900,joux,CHB,202609131700,3.2,1.6,10.4,0
202609060900,joux,CHB,202609131800,2.8,1.2,10.3,3
202609060900,joux,CHB,202609131900,2.5,1.1,9.5,332
202609060900,joux,CHB,202609132000,2.3,0.9,8.1,328
202609060900,joux,CHB,202609132100,2.1,1.0,8.2,309
202609060900,joux,CHB,202609132200,1.7,0.7,8.0,307
202609060900,joux,CHB,202609132300,1.9,0.8,7.0,302
202609060900,joux,CHB,202609140000,1.7,0.8,6.9,290
202609060900,joux,CHB,202609140100,1.9,0.7,6.7,238
202609060900,joux,CHB,202609140200,1.8,0.7,5.4,258
202609060900,joux,CHB,202609140300,1.8,0.7,7.1,246
202609060900,joux,CHB,202609140400,2.0,0.8,6.2,228
202609060900,joux,CHB,202609140500,1.9,0.8,6.6,220
202609060900,joux,CHB,202609140600,1.9,0.8,5.6,207
202609060900,joux,CHB,202609140700,1.8,0.8,7.3,177
202609060900,joux,CHB,202609140800,2.1,0.9,7.6,165
202609060900,joux,CHB,202609140900,2.4,1.0,8.0,93
202609060900,joux,CHB,202609141000,2.8,1.3,8.2,56
202609060900,joux,CHB,202609141100,3.1,1.6,8.8,37
202609060900,joux,CHB,202609141200,3.5,1.7,10.0,35
202609060900,joux,CHB,202609141300,3.5,1.7,11.1,21
202609060900,joux,CHB,202609141400,3.6,1.7,10.6,29
202609060900,joux,CHB,202609141500,3.5,1.7,11.3,352
202609060900,joux,CHB,202609141600,3.1,1.6,10.9,21
202609060900,joux,CHB,202609141700,3.0,1.5,9.9,10
202609060900,joux,CHB,202609141800,2.6,1.1,9.7,341
202609060900,joux,CHB,202609141900,2.6,1.2,8.9,343
202609060900,joux,CHB,202609142000,2.2,1.0,8.5,306
202609060900,joux,CHB,202609142100,2.2,0.8,7.9,289
202609060900,joux,CHB,202609142200,2.0,0.8,7.8,274
202609060900,joux,CHB,202609142300,1.7,0.7,7.8,264
202609060900,joux,CHB,202609150000,1.8,0.6,7.1,249
202609070900,cologny,GVE,202609062200,2.4,2.4,4.5,275
202609070900,cologny,GVE,202609062300,1.5,1.5,2.2,139
202609070900,cologny,GVE,202609070000,1.1,1.1,1.7,146
202609070900,cologny,GVE,202609070100,1.8,1.8,2.8,121
202609070900,cologny,GVE,202609070200,2.5,2.5,5.5,274
202609070900,cologny,GVE,202609070300,2.9,2.9,6.9,167
202609070900,cologny,GVE,202609070400,4.0,4.0,10.2,349
202609070900,cologny,GVE,202609070500,2.8,2.8,9.7,153
202609070900,cologny,GVE,202609070600,2.5,2.5,8.5,306
202609070900,cologny,GVE,202609070700,2.5,2.5,8.0,239
202609070900,cologny,GVE,202609070800,2.6,2.6,7.1,230
202609070900,cologny,GVE,202609070900,2.3,2.3,5.4,207
202609070900,cologny,GVE,202609071000,2.6,1.5,5.8,216
202609070900,cologny,GVE,202609071100,4.0,2.3,8.1,207
202609070900,cologny,GVE,202609071200,5.3,3.7,10.2,202
202609070900,cologny,GVE,202609071300,6.3,4.8,11.6,241
202609070900,cologny,GVE,202609071400,7.4,6.0,13.0,274
202609070900,cologny,GVE,202609071500,5.1,3.5,14.7,255
202609070900,cologny,GVE,202609071600,4.9,3.1,13.7,266
202609070900,cologny,GVE,202609071700,3.2,1.9,9.4,330
202609070900,cologny,GVE,202609071800,2.5,1.3,6.6,58
202609070900,cologny,GVE,202609071900,2.6,1.5,5.0,93
202609070900,cologny,GVE,202609072000,3.0,1.5,7.1,102
202609070900,cologny,GVE,202609072100,2.1,1.1,7.3,101
202609070900,cologny,GVE,202609072200,2.0,1.0,3.6,108
202609070900,cologny,GVE,202609072300,2.0,1.1,3.2,124
202609070900,cologny,GVE,202609080000,1.9,1.1,2.9,130
202609070900,cologny,GVE,202609080100,1.8,1.0,2.8,128
202609070900,cologny,GVE,202609080200,1.9,1.1,3.0,123
202609070900,cologny,GVE,202609080300,2.0,1.1,2.9,129
202609070900,cologny,GVE,202609080400,1.7,0.9,2.7,125
202609070900,cologny,GVE,202609080500,1.9,1.0,2.9,126
202609070900,cologny,GVE,202609080600,1.9,1.0,2.9,139
202609070900,cologny,GVE,202609080700,1.5,0.8,2.5,193
202609070900,cologny,GVE,202609080800,2.1,1.2,3.0,212
202609070900,cologny,GVE,202609080900,3.9,2.3,10.9,227
202609070900,cologny,GVE,202609081000,7.3,5.0,15.9,230
202609070900,cologny,GVE,202609081100,8.9,5.9,18.8,228
202609070900,cologny,GVE,202609081200,9.4,6.3,19.1,227
202609070900,cologny,GVE,202609081300,8.9,6.5,21.4,223
202609070900,cologny,GVE,202609081400,8.6,6.2,19.8,228
202609070900,cologny,GVE,202609081500,7.8,5.1,21.9,227
202609070900,cologny,GVE,202609081600,10.6,6.4,27.4,242
202609070900,cologny,GVE,202609081700,6.6,3.6,21.7,233
202609070900,cologny,GVE,202609081800,3.9,2.2,12.9,221
202609070900,cologny,GVE,202609081900,3.2,1.6,11.0,225
202609070900,cologny,GVE,202609082000,3.1,1.5,11.1,197
202609070900,cologny,GVE,202609082100,2.9,1.3,8.5,215
202609070900,cologny,GVE,202609082200,3.7,1.7,9.4,225
202609070900,cologny,GVE,202609082300,3.8,1.8,10.7,229
202609070900,cologny,GVE,202609090000,3.1,1.5,9.5,222
202609070900,cologny,GVE,202609090100,3.6,1.7,10.4,228
202609070900,cologny,GVE,202609090200,3.5,1.7,9.7,219
202609070900,cologny,GVE,202609090300,3.5,1.7,10.2,220
202609070900,cologny,GVE,202609090400,3.5,1.8,10.7,211
202609070900,cologny,GVE,202609090500,3.3,1.7,9.8,214
202609070900,cologny,GVE,202609090600,3.6,1.8,9.5,219
202609070900,cologny,GVE,202609090700,3.7,1.8,9.7,216
202609070900,cologny,GVE,202609090800,3.7,1.8,9.2,214
202609070900,cologny,GVE,202609090900,4.1,2.4,9.8,234
202609070900,cologny,GVE,202609091000,4.3,2.5,11.0,232
202609070900,cologny,GVE,202609091100,4.6,2.6,10.7,229
202609070900,cologny,GVE,202609091200,4.6,2.5,11.3,238
202609070900,cologny,GVE,202609091300,4.4,2.7,10.5,250
202609070900,cologny,GVE,202609091400,4.5,2.6,10.7,262
202609070900,cologny,GVE,202609091500,4.3,2.5,10.9,331
202609070900,cologny,GVE,202609091600,4.6,2.8,10.9,350
202609070900,cologny,GVE,202609091700,5.2,2.9,11.7,23
202609070900,cologny,GVE,202609091800,4.2,2.4,10.2,21
202609070900,cologny,GVE,202609091900,3.5,1.8,9.4,29
202609070900,cologny,GVE,202609092000,4.2,2.4,10.4,38
202609070900,cologny,GVE,202609092100,4.4,2.5,10.7,39
202609070900,cologny,GVE,202609092200,5.0,2.9,11.3,36
202609070900,cologny,GVE,202609092300,4.6,2.6,11.8,37
202609070900,cologny,GVE,202609100000,4.6,2.6,11.9,37
202609070900,cologny,GVE,202609100100,4.2,2.2,10.9,42
202609070900,cologny,GVE,202609100200,4.3,2.1,11.0,40
202609070900,cologny,GVE,202609100300,4.5,2.3,11.2,46
202609070900,cologny,GVE,202609100400,4.2,2.1,10.5,46
202609070900,cologny,GVE,202609100500,4.2,2.1,10.4,49
202609070900,cologny,GVE,202609100600,4.1,2.1,9.8,52
202609070900,cologny,GVE,202609100700,5.0,2.2,11.0,44
202609070900,cologny,GVE,202609100800,6.6,3.5,14.2,39
202609070900,cologny,GVE,202609100900,7.8,4.7,17.3,37
202609070900,cologny,GVE,202609101000,7.9,4.8,17.8,38
202609070900,cologny,GVE,202609101100,8.1,5.1,17.5,36
202609070900,cologny,GVE,202609101200,7.2,4.5,16.9,34
202609070900,cologny,GVE,202609101300,7.8,4.8,16.7,35
202609070900,cologny,GVE,202609101400,7.2,4.3,16.1,30
202609070900,cologny,GVE,202609101500,6.7,4.0,15.9,29
202609070900,cologny,GVE,202609101600,6.6,3.8,14.5,30
202609070900,cologny,GVE,202609101700,5.6,3.0,13.3,29
202609070900,cologny,GVE,202609101800,4.8,2.8,10.8,30
202609070900,cologny,GVE,202609101900,4.1,2.1,9.8,32
202609070900,cologny,GVE,202609102000,3.0,1.5,9.0,40
202609070900,cologny,GVE,202609102100,2.6,1.3,8.8,50
202609070900,cologny,GVE,202609102200,2.3,1.2,7.4,63
202609070900,cologny,GVE,202609102300,2.1,1.0,6.6,73
202609070900,cologny,GVE,202609110000,1.9,0.9,5.7,80
202609070900,cologny,GVE,202609110100,1.7,0.9,4.6,80
202609070900,cologny,GVE,202609110200,1.9,1.1,3.8,100
202609070900,cologny,GVE,202609110300,1.7,0.9,2.9,115
202609070900,cologny,GVE,202609110400,1.6,0.9,2.4,111
202609070900,cologny,GVE,202609110500,1.6,0.9,2.8,121
202609070900,cologny,GVE,202609110600,1.7,0.9,2.3,116
202609070900,cologny,GVE,202609110700,1.7,0.9,2.5,145
202609070900,cologny,GVE,202609110800,1.9,1.0,3.1,154
202609070900,cologny,GVE,202609110900,2.3,1.1,5.6,230
202609070900,cologny,GVE,202609111000,2.9,1.5,7.6,240
202609070900,cologny,GVE,202609111100,3.2,1.8,8.7,298
202609070900,cologny,GVE,202609111200,3.1,1.8,9.6,308
202609070900,cologny,GVE,202609111300,3.6,2.2,9.5,275
202609070900,cologny,GVE,202609111400,4.0,2.4,10.4,350
202609070900,cologny,GVE,202609111500,4.2,2.5,10.6,315
202609070900,cologny,GVE,202609111600,4.2,2.6,10.8,351
202609070900,cologny,GVE,202609111700,4.6,2.7,10.9,2
202609070900,cologny,GVE,202609111800,3.7,1.9,10.3,5
202609070900,cologny,GVE,202609111900,2.9,1.5,9.0,33
202609070900,cologny,GVE,202609112000,2.8,1.5,8.3,48
202609070900,cologny,GVE,202609112100,2.8,1.4,8.0,54
202609070900,cologny,GVE,202609112200,2.6,1.3,7.6,52
202609070900,cologny,GVE,202609112300,2.1,1.0,6.7,57
202609070900,cologny,GVE,202609120000,1.9,1.0,5.8,70
202609070900,cologny,GVE,202609120100,1.5,0.6,5.2,80
202609070900,cologny,GVE,202609120200,1.6,0.6,4.5,106
202609070900,cologny,GVE,202609120300,1.6,0.6,4.6,85
202609070900,cologny,GVE,202609120400,1.6,0.8,5.1,77
202609070900,cologny,GVE,202609120500,1.5,0.7,4.6,83
202609070900,cologny,GVE,202609120600,1.7,0.8,5.1,87
202609070900,cologny,GVE,202609120700,2.0,0.9,7.3,53
202609070900,cologny,GVE,202609120800,2.9,1.2,8.2,35
202609070900,cologny,GVE,202609120900,3.6,1.7,9.0,25
202609070900,cologny,GVE,202609121000,4.1,2.1,9.6,32
202609070900,cologny,GVE,202609121100,3.8,2.0,10.2,23
202609070900,cologny,GVE,202609121200,4.5,2.2,12.1,23
202609070900,cologny,GVE,202609121300,4.3,2.2,11.9,25
202609070900,cologny,GVE,202609121400,4.3,2.0,11.4,28
202609070900,cologny,GVE,202609121500,4.5,2.1,11.9,20
202609070900,cologny,GVE,202609121600,3.9,2.1,10.8,22
202609070900,cologny,GVE,202609121700,3.5,1.6,10.9,23
202609070900,cologny,GVE,202609121800,2.8,1.2,8.8,18
202609070900,cologny,GVE,202609121900,2.8,1.1,7.9,27
202609070900,cologny,GVE,202609122000,2.2,0.9,7.6,32
202609070900,cologny,GVE,202609122100,2.0,0.9,8.0,42
202609070900,cologny,GVE,202609122200,1.6,0.7,7.5,58
202609070900,cologny,GVE,202609122300,1.7,0.6,7.3,66
202609070900,cologny,GVE,202609130000,1.6,0.6,5.8,110
202609070900,cologny,GVE,202609130100,1.5,0.6,6.3,85
202609070900,cologny,GVE,202609130200,1.6,0.6,6.0,97
202609070900,cologny,GVE,202609130300,1.4,0.5,5.9,106
202609070900,cologny,GVE,202609130400,1.3,0.6,4.4,94
202609070900,cologny,GVE,202609130500,1.5,0.7,5.7,134
202609070900,cologny,GVE,202609130600,1.6,0.8,6.4,136
202609070900,cologny,GVE,202609130700,1.7,0.8,5.0,140
202609070900,cologny,GVE,202609130800,1.9,0.9,7.3,97
202609070900,cologny,GVE,202609130900,2.1,1.0,7.6,73
202609070900,cologny,GVE,202609131000,2.3,1.1,7.9,80
202609070900,cologny,GVE,202609131100,2.6,1.3,8.4,68
202609070900,cologny,GVE,202609131200,2.9,1.3,9.4,28
202609070900,cologny,GVE,202609131300,3.1,1.5,9.9,36
202609070900,cologny,GVE,202609131400,3.3,1.5,8.9,12
202609070900,cologny,GVE,202609131500,3.1,1.6,10.1,21
202609070900,cologny,GVE,202609131600,3.0,1.5,9.7,29
202609070900,cologny,GVE,202609131700,2.8,1.3,9.6,23
202609070900,cologny,GVE,202609131800,2.5,1.2,9.6,23
202609070900,cologny,GVE,202609131900,2.3,1.0,8.3,20
202609070900,cologny,GVE,202609132000,2.0,0.9,7.7,24
202609070900,cologny,GVE,202609132100,1.9,0.8,7.5,59
202609070900,cologny,GVE,202609132200,1.9,0.8,6.9,73
202609070900,cologny,GVE,202609132300,1.6,0.7,5.8,90
202609070900,cologny,GVE,202609140000,1.5,0.6,6.4,109
202609070900,cologny,GVE,202609140100,1.5,0.5,5.0,96
202609070900,cologny,GVE,202609140200,1.4,0.6,5.8,117
202609070900,cologny,GVE,202609140300,1.4,0.6,5.8,123
202609070900,cologny,GVE,202609140400,1.3,0.6,5.1,111
202609070900,cologny,GVE,202609140500,1.4,0.7,4.8,102
202609070900,cologny,GVE,202609140600,1.5,0.7,4.8,110
202609070900,cologny,GVE,202609140700,1.6,0.6,6.8,88
202609070900,cologny,GVE,202609140800,1.9,0.9,7.0,62
202609070900,cologny,GVE,202609140900,2.0,1.0,7.5,56
202609070900,cologny,GVE,202609141000,2.5,1.2,8.0,50
202609070900,cologny,GVE,202609141100,2.9,1.2,9.2,44
202609070900,cologny,GVE,202609141200,3.2,1.7,9.6,30
202609070900,cologny,GVE,202609141300,3.4,1.7,10.4,13
202609070900,cologny,GVE,202609141400,3.2,1.7,10.6,23
202609070900,cologny,GVE,202609141500,3.1,1.5,10.0,35
202609070900,cologny,GVE,202609141600,3.2,1.6,9.6,24
202609070900,cologny,GVE,202609141700,2.8,1.4,9.4,18
202609070900,cologny,GVE,202609141800,2.6,1.2,9.4,2
202609070900,cologny,GVE,202609141900,2.3,1.0,8.5,14
202609070900,cologny,GVE,202609142000,1.8,0.8,7.5,39
202609070900,cologny,GVE,202609142100,1.7,0.8,7.2,57
202609070900,cologny,GVE,202609142200,1.6,0.6,7.1,68
202609070900,cologny,GVE,202609142300,1.7,0.7,7.0,99
202609070900,cologny,GVE,202609150000,1.5,0.6,6.6,68
202609070900,cologny,GVE,202609150100,1.5,0.6,5.6,92
202609070900,cologny,GVE,202609150200,1.3,0.6,5.1,100
202609070900,cologny,GVE,202609150300,1.5,0.6,4.0,102
202609070900,cologny,GVE,202609150400,1.5,0.6,5.1,126
202609070900,cologny,GVE,202609150500,1.6,0.8,5.4,111
202609070900,cologny,GVE,202609150600,1.7,0.8,4.5,124
202609070900,cologny,GVE,202609150700,1.6,0.8,6.8,132
202609070900,cologny,GVE,202609150800,1.7,0.8,6.9,136
202609070900,cologny,GVE,202609150900,2.1,0.9,7.7,93
202609070900,cologny,GVE,202609151000,2.4,1.1,8.0,69
202609070900,cologny,GVE,202609151100,2.6,1.3,8.8,111
202609070900,cologny,GVE,202609151200,3.2,1.6,9.2,347
202609070900,cologny,GVE,202609151300,3.1,1.7,9.3,79
202609070900,cologny,GVE,202609151400,3.0,1.5,10.7,10
202609070900,cologny,GVE,202609151500,3.0,1.5,9.5,16
202609070900,cologny,GVE,202609151600,2.9,1.5,10.2,256
202609070900,cologny,GVE,202609151700,2.7,1.3,9.0,337
202609070900,cologny,GVE,202609151800,2.5,1.1,9.3,3
202609070900,cologny,GVE,202609151900,2.2,1.0,8.0,348
202609070900,cologny,GVE,202609152000,2.1,0.9,7.7,62
202609070900,cologny,GVE,202609152100,1.8,0.9,7.5,11
202609070900,cologny,GVE,202609152200,1.5,0.7,6.9,75
202609070900,cologny,GVE,202609152300,1.4,0.6,6.9,100
202609070900,cologny,GVE,202609160000,1.6,0.6,6.0,105
202609070900,reposoir,GVE,202609062200,1.8,1.8,3.9,329
202609070900,reposoir,GVE,202609062300,1.0,1.0,3.3,17
202609070900,reposoir,GVE,202609070000,0.6,0.6,2.7,350
202609070900,reposoir,GVE,202609070100,2.2,2.2,5.9,162
202609070900,reposoir,GVE,202609070200,1.6,1.6,6.9,291
202609070900,reposoir,GVE,202609070300,1.9,1.9,5.2,171
202609070900,reposoir,GVE,202609070400,2.5,2.5,6.7,269
202609070900,reposoir,GVE,202609070500,1.4,1.4,4.6,360
202609070900,reposoir,GVE,202609070600,0.8,0.8,4.9,321
202609070900,reposoir,GVE,202609070700,1.8,1.8,8.3,255
202609070900,reposoir,GVE,202609070800,2.0,2.0,7.0,245
202609070900,reposoir,GVE,202609070900,3.1,3.1,7.5,209
202609070900,reposoir,GVE,202609071000,3.3,2.1,7.4,213
202609070900,reposoir,GVE,202609071100,4.1,2.7,7.8,198
202609070900,reposoir,GVE,202609071200,4.9,3.2,9.0,188
202609070900,reposoir,GVE,202609071300,5.8,4.2,12.0,220
202609070900,reposoir,GVE,202609071400,6.7,5.0,15.0,248
202609070900,reposoir,GVE,202609071500,5.1,3.5,15.1,248
202609070900,reposoir,GVE,202609071600,4.3,2.8,12.0,271
202609070900,reposoir,GVE,202609071700,3.6,2.1,10.4,322
202609070900,reposoir,GVE,202609071800,2.9,1.7,7.2,356
202609070900,reposoir,GVE,202609071900,2.4,1.3,5.5,4
202609070900,reposoir,GVE,202609072000,2.6,1.1,8.3,299
202609070900,reposoir,GVE,202609072100,1.9,1.0,7.5,319
202609070900,reposoir,GVE,202609072200,1.8,0.9,3.1,294
202609070900,reposoir,GVE,202609072300,1.3,0.8,2.3,276
202609070900,reposoir,GVE,202609080000,1.7,0.9,2.6,263
202609070900,reposoir,GVE,202609080100,1.9,1.1,3.0,260
202609070900,reposoir,GVE,202609080200,1.7,1.0,3.0,259
202609070900,reposoir,GVE,202609080300,1.7,1.0,2.9,265
202609070900,reposoir,GVE,202609080400,1.7,1.0,2.9,256
202609070900,reposoir,GVE,202609080500,2.1,1.1,3.3,255
202609070900,reposoir,GVE,202609080600,2.1,1.1,3.0,251
202609070900,reposoir,GVE,202609080700,1.9,1.1,3.7,223
202609070900,reposoir,GVE,202609080800,3.0,1.7,6.3,205
202609070900,reposoir,GVE,202609080900,5.0,2.9,12.1,204
202609070900,reposoir,GVE,202609081000,7.2,4.8,15.7,215
202609070900,reposoir,GVE,202609081100,8.3,5.6,18.1,220
202609070900,reposoir,GVE,202609081200,8.6,6.1,19.4,220
202609070900,reposoir,GVE,202609081300,8.3,5.6,18.9,221
202609070900,reposoir,GVE,202609081400,8.5,5.9,19.8,226
202609070900,reposoir,GVE,202609081500,7.9,5.3,21.7,232
202609070900,reposoir,GVE,202609081600,11.2,6.6,25.3,245
202609070900,reposoir,GVE,202609081700,7.1,3.8,21.6,226
202609070900,reposoir,GVE,202609081800,5.5,3.1,14.1,223
202609070900,reposoir,GVE,202609081900,5.0,2.7,12.0,233
202609070900,reposoir,GVE,202609082000,4.2,1.9,12.1,232
202609070900,reposoir,GVE,202609082100,3.2,1.6,11.0,241
202609070900,reposoir,GVE,202609082200,3.0,1.3,10.0,245
202609070900,reposoir,GVE,202609082300,2.7,1.3,8.9,241
202609070900,reposoir,GVE,202609090000,2.7,1.1,9.0,241
202609070900,reposoir,GVE,202609090100,2.6,1.2,8.2,238
202609070900,reposoir,GVE,202609090200,2.8,1.4,9.6,233
202609070900,reposoir,GVE,202609090300,3.6,1.8,10.8,228
202609070900,reposoir,GVE,202609090400,3.6,1.7,11.6,227
202609070900,reposoir,GVE,202609090500,3.1,1.6,10.4,230
202609070900,reposoir,GVE,202609090600,3.4,1.8,10.2,225
202609070900,reposoir,GVE,202609090700,3.6,2.0,10.1,223
202609070900,reposoir,GVE,202609090800,3.6,1.9,9.3,228
202609070900,reposoir,GVE,202609090900,3.8,2.1,10.3,245
202609070900,reposoir,GVE,202609091000,3.9,2.1,9.9,229
202609070900,reposoir,GVE,202609091100,3.8,2.2,9.8,219
202609070900,reposoir,GVE,202609091200,3.9,2.3,10.4,226
202609070900,reposoir,GVE,202609091300,4.5,2.6,11.2,271
202609070900,reposoir,GVE,202609091400,4.9,2.9,11.4,299
202609070900,reposoir,GVE,202609091500,5.1,3.0,11.6,335
202609070900,reposoir,GVE,202609091600,5.7,3.2,12.6,349
202609070900,reposoir,GVE,202609091700,5.6,3.3,12.7,10
202609070900,reposoir,GVE,202609091800,4.8,2.6,12.3,10
202609070900,reposoir,GVE,202609091900,3.5,1.8,11.0,7
202609070900,reposoir,GVE,202609092000,4.4,2.4,10.7,25
202609070900,reposoir,GVE,202609092100,4.9,2.8,13.2,29
202609070900,reposoir,GVE,202609092200,5.5,2.9,12.9,24
202609070900,reposoir,GVE,202609092300,5.9,3.1,12.7,20
202609070900,reposoir,GVE,202609100000,5.1,2.6,13.7,24
202609070900,reposoir,GVE,202609100100,6.0,3.2,14.6,23
202609070900,reposoir,GVE,202609100200,5.7,3.0,14.2,28
202609070900,reposoir,GVE,202609100300,6.4,3.3,14.5,30
202609070900,reposoir,GVE,202609100400,6.5,3.4,14.3,37
202609070900,reposoir,GVE,202609100500,6.7,3.4,14.7,36
202609070900,reposoir,GVE,202609100600,7.0,3.5,15.1,34
202609070900,reposoir,GVE,202609100700,8.1,4.1,15.9,43
202609070900,reposoir,GVE,202609100800,9.0,5.2,18.8,48
202609070900,reposoir,GVE,202609100900,9.9,6.1,20.1,48
202609070900,reposoir,GVE,202609101000,10.4,6.5,20.2,46
202609070900,reposoir,GVE,202609101100,9.0,5.7,18.3,54
202609070900,reposoir,GVE,202609101200,8.5,5.3,17.1,58
202609070900,reposoir,GVE,202609101300,8.3,4.9,15.4,57
202609070900,reposoir,GVE,202609101400,7.0,4.3,15.9,54
202609070900,reposoir,GVE,202609101500,6.8,4.1,14.3,53
202609070900,reposoir,GVE,202609101600,6.7,4.0,14.5,50
202609070900,reposoir,GVE,202609101700,6.6,3.9,13.2,43
202609070900,reposoir,GVE,202609101800,5.9,3.3,12.7,26
202609070900,reposoir,GVE,202609101900,4.1,2.3,10.5,15
202609070900,reposoir,GVE,202609102000,3.7,1.7,10.0,17
202609070900,reposoir,GVE,202609102100,3.2,1.3,9.2,25
202609070900,reposoir,GVE,202609102200,2.4,1.1,8.1,19
202609070900,reposoir,GVE,202609102300,2.2,1.0,8.4,16
202609070900,reposoir,GVE,202609110000,2.2,0.9,7.8,1
202609070900,reposoir,GVE,202609110100,2.0,0.9,7.5,0
202609070900,reposoir,GVE,202609110200,2.1,1.0,6.6,323
202609070900,reposoir,GVE,202609110300,2.0,1.0,5.6,311
202609070900,reposoir,GVE,202609110400,1.8,1.0,3.9,264
202609070900,reposoir,GVE,202609110500,1.7,0.8,3.4,260
202609070900,reposoir,GVE,202609110600,1.7,0.9,2.8,252
202609070900,reposoir,GVE,202609110700,1.8,0.8,3.3,188
202609070900,reposoir,GVE,202609110800,1.9,0.9,5.4,113
202609070900,reposoir,GVE,202609110900,2.4,1.2,7.0,105
202609070900,reposoir,GVE,202609111000,2.6,1.4,7.3,106
202609070900,reposoir,GVE,202609111100,3.0,1.7,8.0,86
202609070900,reposoir,GVE,202609111200,2.8,1.7,8.5,117
202609070900,reposoir,GVE,202609111300,3.7,2.3,9.1,85
202609070900,reposoir,GVE,202609111400,4.2,2.5,9.4,62
202609070900,reposoir,GVE,202609111500,4.4,2.6,9.8,55
202609070900,reposoir,GVE,202609111600,4.4,2.8,11.1,11
202609070900,reposoir,GVE,202609111700,5.0,3.0,10.9,359
202609070900,reposoir,GVE,202609111800,3.8,2.1,11.2,356
202609070900,reposoir,GVE,202609111900,3.0,1.5,10.2,2
202609070900,reposoir,GVE,202609112000,2.8,1.4,8.3,19
202609070900,reposoir,GVE,202609112100,2.5,1.3,8.3,15
202609070900,reposoir,GVE,202609112200,2.4,1.1,7.9,8
202609070900,reposoir,GVE,202609112300,2.0,1.0,5.6,344
202609070900,reposoir,GVE,202609120000,2.0,0.9,6.7,342
202609070900,reposoir,GVE,202609120100,1.5,0.6,5.6,17
202609070900,reposoir,GVE,202609120200,1.6,0.6,5.4,11
202609070900,reposoir,GVE,202609120300,1.6,0.7,6.5,17
202609070900,reposoir,GVE,202609120400,1.6,0.6,5.5,27
202609070900,reposoir,GVE,202609120500,1.7,0.8,5.8,33
202609070900,reposoir,GVE,202609120600,2.0,0.9,5.9,36
202609070900,reposoir,GVE,202609120700,2.1,0.9,7.3,43
202609070900,reposoir,GVE,202609120800,2.6,1.2,8.4,49
202609070900,reposoir,GVE,202609120900,3.5,1.7,9.3,56
202609070900,reposoir,GVE,202609121000,3.7,1.9,10.2,61
202609070900,reposoir,GVE,202609121100,3.6,1.6,10.3,61
202609070900,reposoir,GVE,202609121200,3.9,1.9,10.7,72
202609070900,reposoir,GVE,202609121300,4.2,2.1,10.9,70
202609070900,reposoir,GVE,202609121400,3.9,1.9,10.5,63
202609070900,reposoir,GVE,202609121500,3.8,1.8,10.5,58
202609070900,reposoir,GVE,202609121600,3.0,1.5,10.1,56
202609070900,reposoir,GVE,202609121700,2.8,1.5,9.2,31
202609070900,reposoir,GVE,202609121800,2.4,1.1,8.4,27
202609070900,reposoir,GVE,202609121900,2.3,1.0,7.8,6
202609070900,reposoir,GVE,202609122000,2.1,0.9,7.7,13
202609070900,reposoir,GVE,202609122100,2.1,0.9,7.8,10
202609070900,reposoir,GVE,202609122200,1.8,0.7,7.0,13
202609070900,reposoir,GVE,202609122300,1.5,0.6,6.9,17
202609070900,reposoir,GVE,202609130000,1.6,0.7,6.9,18
202609070900,reposoir,GVE,202609130100,1.2,0.5,6.7,19
202609070900,reposoir,GVE,202609130200,1.5,0.7,6.3,29
202609070900,reposoir,GVE,202609130300,1.5,0.6,4.8,36
202609070900,reposoir,GVE,202609130400,1.4,0.6,5.6,26
202609070900,reposoir,GVE,202609130500,1.5,0.6,5.2,28
202609070900,reposoir,GVE,202609130600,1.7,0.7,5.2,55
202609070900,reposoir,GVE,202609130700,1.8,0.8,5.8,75
202609070900,reposoir,GVE,202609130800,1.8,0.9,7.3,75
202609070900,reposoir,GVE,202609130900,1.9,0.9,6.7,94
202609070900,reposoir,GVE,202609131000,2.3,1.1,8.0,91
202609070900,reposoir,GVE,202609131100,2.8,1.3,8.6,129
202609070900,reposoir,GVE,202609131200,3.2,1.7,9.4,106
202609070900,reposoir,GVE,202609131300,3.0,1.5,9.8,75
202609070900,reposoir,GVE,202609131400,2.9,1.5,10.2,100
202609070900,reposoir,GVE,202609131500,2.8,1.4,10.3,40
202609070900,reposoir,GVE,202609131600,2.7,1.2,9.8,13
202609070900,reposoir,GVE,202609131700,2.3,1.2,8.9,11
202609070900,reposoir,GVE,202609131800,2.4,1.1,8.5,355
202609070900,reposoir,GVE,202609131900,2.1,1.0,8.2,13
202609070900,reposoir,GVE,202609132000,1.9,0.8,7.3,355
202609070900,reposoir,GVE,202609132100,1.7,0.7,7.1,5
202609070900,reposoir,GVE,202609132200,1.4,0.5,6.5,14
202609070900,reposoir,GVE,202609132300,1.7,0.7,7.3,14
202609070900,reposoir,GVE,202609140000,1.5,0.6,6.6,5
202609070900,reposoir,GVE,202609140100,1.3,0.5,6.3,17
202609070900,reposoir,GVE,202609140200,1.5,0.5,6.3,11
202609070900,reposoir,GVE,202609140300,1.4,0.6,5.7,16
202609070900,reposoir,GVE,202609140400,1.4,0.6,5.5,29
202609070900,reposoir,GVE,202609140500,1.6,0.6,5.8,25
202609070900,reposoir,GVE,202609140600,1.6,0.7,6.1,22
202609070900,reposoir,GVE,202609140700,1.8,0.8,6.6,58
202609070900,reposoir,GVE,202609140800,1.9,0.9,7.8,53
202609070900,reposoir,GVE,202609140900,2.3,1.1,7.6,70
202609070900,reposoir,GVE,202609141000,2.5,1.1,8.3,67
202609070900,reposoir,GVE,202609141100,2.9,1.4,8.7,67
202609070900,reposoir,GVE,202609141200,3.1,1.6,10.2,63
202609070900,reposoir,GVE,202609141300,3.2,1.6,10.7,71
202609070900,reposoir,GVE,202609141400,3.2,1.7,9.9,57
202609070900,reposoir,GVE,202609141500,3.0,1.5,9.8,45
202609070900,reposoir,GVE,202609141600,2.8,1.3,9.9,24
202609070900,reposoir,GVE,202609141700,2.8,1.3,9.4,21
202609070900,reposoir,GVE,202609141800,2.3,1.1,8.4,358
202609070900,reposoir,GVE,202609141900,2.1,1.0,8.6,3
202609070900,reposoir,GVE,202609142000,1.8,0.8,8.2,11
202609070900,reposoir,GVE,202609142100,1.8,0.8,7.6,29
202609070900,reposoir,GVE,202609142200,1.5,0.6,7.2,8
202609070900,reposoir,GVE,202609142300,1.3,0.6,6.4,9
202609070900,reposoir,GVE,202609150000,1.3,0.6,6.3,20
202609070900,reposoir,GVE,202609150100,1.2,0.5,6.9,1
202609070900,reposoir,GVE,202609150200,1.4,0.6,6.0,17
202609070900,reposoir,GVE,202609150300,1.3,0.5,5.2,12
202609070900,reposoir,GVE,202609150400,1.2,0.5,3.8,42
202609070900,reposoir,GVE,202609150500,1.3,0.5,4.8,16
202609070900,reposoir,GVE,202609150600,1.3,0.6,5.3,43
202609070900,reposoir,GVE,202609150700,1.5,0.7,6.6,67
202609070900,reposoir,GVE,202609150800,1.6,0.7,7.0,123
202609070900,reposoir,GVE,202609150900,2.0,0.9,7.3,110
202609070900,reposoir,GVE,202609151000,2.3,1.2,8.1,125
202609070900,reposoir,GVE,202609151100,3.0,1.4,8.5,133
202609070900,reposoir,GVE,202609151200,3.2,1.4,9.6,151
202609070900,reposoir,GVE,202609151300,3.1,1.5,9.4,149
202609070900,reposoir,GVE,202609151400,2.9,1.3,9.8,203
202609070900,reposoir,GVE,202609151500,2.8,1.5,9.9,50
202609070900,reposoir,GVE,202609151600,2.5,1.3,9.9,60
202609070900,reposoir,GVE,202609151700,2.4,1.1,8.8,353
202609070900,reposoir,GVE,202609151800,2.2,1.0,9.7,355
202609070900,reposoir,GVE,202609151900,1.9,0.9,8.2,353
202609070900,reposoir,GVE,202609152000,1.8,0.8,7.5,346
202609070900,reposoir,GVE,202609152100,1.7,0.8,7.7,344
202609070900,reposoir,GVE,202609152200,1.7,0.7,6.5,6
202609070900,reposoir,GVE,202609152300,1.5,0.6,6.1,11
202609070900,reposoir,GVE,202609160000,1.3,0.5,4.6,21
202609070900,vengeron,GVE,202609062200,1.8,1.8,3.9,329
202609070900,vengeron,GVE,202609062300,1.0,1.0,3.3,17
202609070900,vengeron,GVE,202609070000,0.6,0.6,2.7,350
202609070900,vengeron,GVE,202609070100,2.2,2.2,5.9,162
202609070900,vengeron,GVE,202609070200,1.6,1.6,6.9,291
202609070900,vengeron,GVE,202609070300,1.9,1.9,5.2,171
202609070900,vengeron,GVE,202609070400,2.5,2.5,6.7,269
202609070900,vengeron,GVE,202609070500,1.4,1.4,4.6,360
202609070900,vengeron,GVE,202609070600,0.8,0.8,4.9,321
202609070900,vengeron,GVE,202609070700,1.8,1.8,8.3,255
202609070900,vengeron,GVE,202609070800,2.0,2.0,7.0,245
202609070900,vengeron,GVE,202609070900,3.1,3.1,7.5,209
202609070900,vengeron,GVE,202609071000,3.3,2.1,7.4,213
202609070900,vengeron,GVE,202609071100,4.1,2.7,7.8,198
202609070900,vengeron,GVE,202609071200,4.9,3.2,9.0,188
202609070900,vengeron,GVE,202609071300,5.8,4.2,12.0,220
202609070900,vengeron,GVE,202609071400,6.7,5.0,15.0,248
202609070900,vengeron,GVE,202609071500,5.1,3.5,15.1,248
202609070900,vengeron,GVE,202609071600,4.3,2.8,12.0,271
202609070900,vengeron,GVE,202609071700,3.6,2.1,10.4,322
202609070900,vengeron,GVE,202609071800,2.9,1.7,7.2,356
202609070900,vengeron,GVE,202609071900,2.4,1.3,5.5,4
202609070900,vengeron,GVE,202609072000,2.6,1.1,8.3,299
202609070900,vengeron,GVE,202609072100,1.9,1.0,7.5,319
202609070900,vengeron,GVE,202609072200,1.8,0.9,3.1,294
202609070900,vengeron,GVE,202609072300,1.3,0.8,2.3,276
202609070900,vengeron,GVE,202609080000,1.7,0.9,2.6,263
202609070900,vengeron,GVE,202609080100,1.9,1.1,3.0,260
202609070900,vengeron,GVE,202609080200,1.7,1.0,3.0,259
202609070900,vengeron,GVE,202609080300,1.7,1.0,2.9,265
202609070900,vengeron,GVE,202609080400,1.7,1.0,2.9,256
202609070900,vengeron,GVE,202609080500,2.1,1.1,3.3,255
202609070900,vengeron,GVE,202609080600,2.1,1.1,3.0,251
202609070900,vengeron,GVE,202609080700,1.9,1.1,3.7,223
202609070900,vengeron,GVE,202609080800,3.0,1.7,6.3,205
202609070900,vengeron,GVE,202609080900,5.0,2.9,12.1,204
202609070900,vengeron,GVE,202609081000,7.2,4.8,15.7,215
202609070900,vengeron,GVE,202609081100,8.3,5.6,18.1,220
202609070900,vengeron,GVE,202609081200,8.6,6.1,19.4,220
202609070900,vengeron,GVE,202609081300,8.3,5.6,18.9,221
202609070900,vengeron,GVE,202609081400,8.5,5.9,19.8,226
202609070900,vengeron,GVE,202609081500,7.9,5.3,21.7,232
202609070900,vengeron,GVE,202609081600,11.2,6.6,25.3,245
202609070900,vengeron,GVE,202609081700,7.1,3.8,21.6,226
202609070900,vengeron,GVE,202609081800,5.5,3.1,14.1,223
202609070900,vengeron,GVE,202609081900,5.0,2.7,12.0,233
202609070900,vengeron,GVE,202609082000,4.2,1.9,12.1,232
202609070900,vengeron,GVE,202609082100,3.2,1.6,11.0,241
202609070900,vengeron,GVE,202609082200,3.0,1.3,10.0,245
202609070900,vengeron,GVE,202609082300,2.7,1.3,8.9,241
202609070900,vengeron,GVE,202609090000,2.7,1.1,9.0,241
202609070900,vengeron,GVE,202609090100,2.6,1.2,8.2,238
202609070900,vengeron,GVE,202609090200,2.8,1.4,9.6,233
202609070900,vengeron,GVE,202609090300,3.6,1.8,10.8,228
202609070900,vengeron,GVE,202609090400,3.6,1.7,11.6,227
202609070900,vengeron,GVE,202609090500,3.1,1.6,10.4,230
202609070900,vengeron,GVE,202609090600,3.4,1.8,10.2,225
202609070900,vengeron,GVE,202609090700,3.6,2.0,10.1,223
202609070900,vengeron,GVE,202609090800,3.6,1.9,9.3,228
202609070900,vengeron,GVE,202609090900,3.8,2.1,10.3,245
202609070900,vengeron,GVE,202609091000,3.9,2.1,9.9,229
202609070900,vengeron,GVE,202609091100,3.8,2.2,9.8,219
202609070900,vengeron,GVE,202609091200,3.9,2.3,10.4,226
202609070900,vengeron,GVE,202609091300,4.5,2.6,11.2,271
202609070900,vengeron,GVE,202609091400,4.9,2.9,11.4,299
202609070900,vengeron,GVE,202609091500,5.1,3.0,11.6,335
202609070900,vengeron,GVE,202609091600,5.7,3.2,12.6,349
202609070900,vengeron,GVE,202609091700,5.6,3.3,12.7,10
202609070900,vengeron,GVE,202609091800,4.8,2.6,12.3,10
202609070900,vengeron,GVE,202609091900,3.5,1.8,11.0,7
202609070900,vengeron,GVE,202609092000,4.4,2.4,10.7,25
202609070900,vengeron,GVE,202609092100,4.9,2.8,13.2,29
202609070900,vengeron,GVE,202609092200,5.5,2.9,12.9,24
202609070900,vengeron,GVE,202609092300,5.9,3.1,12.7,20
202609070900,vengeron,GVE,202609100000,5.1,2.6,13.7,24
202609070900,vengeron,GVE,202609100100,6.0,3.2,14.6,23
202609070900,vengeron,GVE,202609100200,5.7,3.0,14.2,28
202609070900,vengeron,GVE,202609100300,6.4,3.3,14.5,30
202609070900,vengeron,GVE,202609100400,6.5,3.4,14.3,37
202609070900,vengeron,GVE,202609100500,6.7,3.4,14.7,36
202609070900,vengeron,GVE,202609100600,7.0,3.5,15.1,34
202609070900,vengeron,GVE,202609100700,8.1,4.1,15.9,43
202609070900,vengeron,GVE,202609100800,9.0,5.2,18.8,48
202609070900,vengeron,GVE,202609100900,9.9,6.1,20.1,48
202609070900,vengeron,GVE,202609101000,10.4,6.5,20.2,46
202609070900,vengeron,GVE,202609101100,9.0,5.7,18.3,54
202609070900,vengeron,GVE,202609101200,8.5,5.3,17.1,58
202609070900,vengeron,GVE,202609101300,8.3,4.9,15.4,57
202609070900,vengeron,GVE,202609101400,7.0,4.3,15.9,54
202609070900,vengeron,GVE,202609101500,6.8,4.1,14.3,53
202609070900,vengeron,GVE,202609101600,6.7,4.0,14.5,50
202609070900,vengeron,GVE,202609101700,6.6,3.9,13.2,43
202609070900,vengeron,GVE,202609101800,5.9,3.3,12.7,26
202609070900,vengeron,GVE,202609101900,4.1,2.3,10.5,15
202609070900,vengeron,GVE,202609102000,3.7,1.7,10.0,17
202609070900,vengeron,GVE,202609102100,3.2,1.3,9.2,25
202609070900,vengeron,GVE,202609102200,2.4,1.1,8.1,19
202609070900,vengeron,GVE,202609102300,2.2,1.0,8.4,16
202609070900,vengeron,GVE,202609110000,2.2,0.9,7.8,1
202609070900,vengeron,GVE,202609110100,2.0,0.9,7.5,0
202609070900,vengeron,GVE,202609110200,2.1,1.0,6.6,323
202609070900,vengeron,GVE,202609110300,2.0,1.0,5.6,311
202609070900,vengeron,GVE,202609110400,1.8,1.0,3.9,264
202609070900,vengeron,GVE,202609110500,1.7,0.8,3.4,260
202609070900,vengeron,GVE,202609110600,1.7,0.9,2.8,252
202609070900,vengeron,GVE,202609110700,1.8,0.8,3.3,188
202609070900,vengeron,GVE,202609110800,1.9,0.9,5.4,113
202609070900,vengeron,GVE,202609110900,2.4,1.2,7.0,105
202609070900,vengeron,GVE,202609111000,2.6,1.4,7.3,106
202609070900,vengeron,GVE,202609111100,3.0,1.7,8.0,86
202609070900,vengeron,GVE,202609111200,2.8,1.7,8.5,117
202609070900,vengeron,GVE,202609111300,3.7,2.3,9.1,85
202609070900,vengeron,GVE,202609111400,4.2,2.5,9.4,62
202609070900,vengeron,GVE,202609111500,4.4,2.6,9.8,55
202609070900,vengeron,GVE,202609111600,4.4,2.8,11.1,11
202609070900,vengeron,GVE,202609111700,5.0,3.0,10.9,359
202609070900,vengeron,GVE,202609111800,3.8,2.1,11.2,356
202609070900,vengeron,GVE,202609111900,3.0,1.5,10.2,2
202609070900,vengeron,GVE,202609112000,2.8,1.4,8.3,19
202609070900,vengeron,GVE,202609112100,2.5,1.3,8.3,15
202609070900,vengeron,GVE,202609112200,2.4,1.1,7.9,8
202609070900,vengeron,GVE,202609112300,2.0,1.0,5.6,344
202609070900,vengeron,GVE,202609120000,2.0,0.9,6.7,342
202609070900,vengeron,GVE,202609120100,1.5,0.6,5.6,17
202609070900,vengeron,GVE,202609120200,1.6,0.6,5.4,11
202609070900,vengeron,GVE,202609120300,1.6,0.7,6.5,17
202609070900,vengeron,GVE,202609120400,1.6,0.6,5.5,27
202609070900,vengeron,GVE,202609120500,1.7,0.8,5.8,33
202609070900,vengeron,GVE,202609120600,2.0,0.9,5.9,36
202609070900,vengeron,GVE,202609120700,2.1,0.9,7.3,43
202609070900,vengeron,GVE,202609120800,2.6,1.2,8.4,49
202609070900,vengeron,GVE,202609120900,3.5,1.7,9.3,56
202609070900,vengeron,GVE,202609121000,3.7,1.9,10.2,61
202609070900,vengeron,GVE,202609121100,3.6,1.6,10.3,61
202609070900,vengeron,GVE,202609121200,3.9,1.9,10.7,72
202609070900,vengeron,GVE,202609121300,4.2,2.1,10.9,70
202609070900,vengeron,GVE,202609121400,3.9,1.9,10.5,63
202609070900,vengeron,GVE,202609121500,3.8,1.8,10.5,58
202609070900,vengeron,GVE,202609121600,3.0,1.5,10.1,56
202609070900,vengeron,GVE,202609121700,2.8,1.5,9.2,31
202609070900,vengeron,GVE,202609121800,2.4,1.1,8.4,27
202609070900,vengeron,GVE,202609121900,2.3,1.0,7.8,6
202609070900,vengeron,GVE,202609122000,2.1,0.9,7.7,13
202609070900,vengeron,GVE,202609122100,2.1,0.9,7.8,10
202609070900,vengeron,GVE,202609122200,1.8,0.7,7.0,13
202609070900,vengeron,GVE,202609122300,1.5,0.6,6.9,17
202609070900,vengeron,GVE,202609130000,1.6,0.7,6.9,18
202609070900,vengeron,GVE,202609130100,1.2,0.5,6.7,19
202609070900,vengeron,GVE,202609130200,1.5,0.7,6.3,29
202609070900,vengeron,GVE,202609130300,1.5,0.6,4.8,36
202609070900,vengeron,GVE,202609130400,1.4,0.6,5.6,26
202609070900,vengeron,GVE,202609130500,1.5,0.6,5.2,28
202609070900,vengeron,GVE,202609130600,1.7,0.7,5.2,55
202609070900,vengeron,GVE,202609130700,1.8,0.8,5.8,75
202609070900,vengeron,GVE,202609130800,1.8,0.9,7.3,75
202609070900,vengeron,GVE,202609130900,1.9,0.9,6.7,94
202609070900,vengeron,GVE,202609131000,2.3,1.1,8.0,91
202609070900,vengeron,GVE,202609131100,2.8,1.3,8.6,129
202609070900,vengeron,GVE,202609131200,3.2,1.7,9.4,106
202609070900,vengeron,GVE,202609131300,3.0,1.5,9.8,75
202609070900,vengeron,GVE,202609131400,2.9,1.5,10.2,100
202609070900,vengeron,GVE,202609131500,2.8,1.4,10.3,40
202609070900,vengeron,GVE,202609131600,2.7,1.2,9.8,13
202609070900,vengeron,GVE,202609131700,2.3,1.2,8.9,11
202609070900,vengeron,GVE,202609131800,2.4,1.1,8.5,355
202609070900,vengeron,GVE,202609131900,2.1,1.0,8.2,13
202609070900,vengeron,GVE,202609132000,1.9,0.8,7.3,355
202609070900,vengeron,GVE,202609132100,1.7,0.7,7.1,5
202609070900,vengeron,GVE,202609132200,1.4,0.5,6.5,14
202609070900,vengeron,GVE,202609132300,1.7,0.7,7.3,14
202609070900,vengeron,GVE,202609140000,1.5,0.6,6.6,5
202609070900,vengeron,GVE,202609140100,1.3,0.5,6.3,17
202609070900,vengeron,GVE,202609140200,1.5,0.5,6.3,11
202609070900,vengeron,GVE,202609140300,1.4,0.6,5.7,16
202609070900,vengeron,GVE,202609140400,1.4,0.6,5.5,29
202609070900,vengeron,GVE,202609140500,1.6,0.6,5.8,25
202609070900,vengeron,GVE,202609140600,1.6,0.7,6.1,22
202609070900,vengeron,GVE,202609140700,1.8,0.8,6.6,58
202609070900,vengeron,GVE,202609140800,1.9,0.9,7.8,53
202609070900,vengeron,GVE,202609140900,2.3,1.1,7.6,70
202609070900,vengeron,GVE,202609141000,2.5,1.1,8.3,67
202609070900,vengeron,GVE,202609141100,2.9,1.4,8.7,67
202609070900,vengeron,GVE,202609141200,3.1,1.6,10.2,63
202609070900,vengeron,GVE,202609141300,3.2,1.6,10.7,71
202609070900,vengeron,GVE,202609141400,3.2,1.7,9.9,57
202609070900,vengeron,GVE,202609141500,3.0,1.5,9.8,45
202609070900,vengeron,GVE,202609141600,2.8,1.3,9.9,24
202609070900,vengeron,GVE,202609141700,2.8,1.3,9.4,21
202609070900,vengeron,GVE,202609141800,2.3,1.1,8.4,358
202609070900,vengeron,GVE,202609141900,2.1,1.0,8.6,3
202609070900,vengeron,GVE,202609142000,1.8,0.8,8.2,11
202609070900,vengeron,GVE,202609142100,1.8,0.8,7.6,29
202609070900,vengeron,GVE,202609142200,1.5,0.6,7.2,8
202609070900,vengeron,GVE,202609142300,1.3,0.6,6.4,9
202609070900,vengeron,GVE,202609150000,1.3,0.6,6.3,20
202609070900,vengeron,GVE,202609150100,1.2,0.5,6.9,1
202609070900,vengeron,GVE,202609150200,1.4,0.6,6.0,17
202609070900,vengeron,GVE,202609150300,1.3,0.5,5.2,12
202609070900,vengeron,GVE,202609150400,1.2,0.5,3.8,42
202609070900,vengeron,GVE,202609150500,1.3,0.5,4.8,16
202609070900,vengeron,GVE,202609150600,1.3,0.6,5.3,43
202609070900,vengeron,GVE,202609150700,1.5,0.7,6.6,67
202609070900,vengeron,GVE,202609150800,1.6,0.7,7.0,123
202609070900,vengeron,GVE,202609150900,2.0,0.9,7.3,110
202609070900,vengeron,GVE,202609151000,2.3,1.2,8.1,125
202609070900,vengeron,GVE,202609151100,3.0,1.4,8.5,133
202609070900,vengeron,GVE,202609151200,3.2,1.4,9.6,151
202609070900,vengeron,GVE,202609151300,3.1,1.5,9.4,149
202609070900,vengeron,GVE,202609151400,2.9,1.3,9.8,203
202609070900,vengeron,GVE,202609151500,2.8,1.5,9.9,50
202609070900,vengeron,GVE,202609151600,2.5,1.3,9.9,60
202609070900,vengeron,GVE,202609151700,2.4,1.1,8.8,353
202609070900,vengeron,GVE,202609151800,2.2,1.0,9.7,355
202609070900,vengeron,GVE,202609151900,1.9,0.9,8.2,353
202609070900,vengeron,GVE,202609152000,1.8,0.8,7.5,346
202609070900,vengeron,GVE,202609152100,1.7,0.8,7.7,344
202609070900,vengeron,GVE,202609152200,1.7,0.7,6.5,6
202609070900,vengeron,GVE,202609152300,1.5,0.6,6.1,11
202609070900,vengeron,GVE,202609160000,1.3,0.5,4.6,21
202609070900,coppet,CGI,202609062200,3.5,3.5,6.5,294
202609070900,coppet,CGI,202609062300,2.9,2.9,5.0,334
202609070900,coppet,CGI,202609070000,2.6,2.6,5.0,281
202609070900,coppet,CGI,202609070100,4.0,4.0,9.4,231
202609070900,coppet,CGI,202609070200,3.1,3.1,10.6,298
202609070900,coppet,CGI,202609070300,3.0,3.0,7.3,233
202609070900,coppet,CGI,202609070400,3.1,3.1,8.3,311
202609070900,coppet,CGI,202609070500,3.5,3.5,8.0,295
202609070900,coppet,CGI,202609070600,3.1,3.1,9.0,279
202609070900,coppet,CGI,202609070700,2.9,2.9,7.3,216
202609070900,coppet,CGI,202609070800,3.3,3.3,7.8,177
202609070900,coppet,CGI,202609070900,3.8,3.8,9.2,179
202609070900,coppet,CGI,202609071000,2.8,1.3,7.1,195
202609070900,coppet,CGI,202609071100,3.8,2.1,6.9,179
202609070900,coppet,CGI,202609071200,4.6,2.7,7.7,171
202609070900,coppet,CGI,202609071300,5.0,2.9,10.2,178
202609070900,coppet,CGI,202609071400,5.3,3.5,12.7,202
202609070900,coppet,CGI,202609071500,4.7,3.2,14.6,239
202609070900,coppet,CGI,202609071600,5.6,3.7,13.2,275
202609070900,coppet,CGI,202609071700,3.5,2.2,11.0,293
202609070900,coppet,CGI,202609071800,2.5,1.4,5.6,343
202609070900,coppet,CGI,202609071900,2.5,1.4,5.2,349
202609070900,coppet,CGI,202609072000,2.6,1.5,4.2,307
202609070900,coppet,CGI,202609072100,1.9,1.1,4.8,287
202609070900,coppet,CGI,202609072200,1.8,1.0,2.9,272
202609070900,coppet,CGI,202609072300,1.6,0.9,2.3,272
202609070900,coppet,CGI,202609080000,1.7,0.9,2.3,264
202609070900,coppet,CGI,202609080100,1.9,1.0,2.7,264
202609070900,coppet,CGI,202609080200,1.8,1.0,2.6,266
202609070900,coppet,CGI,202609080300,2.1,1.2,2.9,263
202609070900,coppet,CGI,202609080400,1.9,1.0,3.0,272
202609070900,coppet,CGI,202609080500,1.8,1.1,2.8,269
202609070900,coppet,CGI,202609080600,1.9,1.2,2.6,251
202609070900,coppet,CGI,202609080700,2.3,1.2,3.5,214
202609070900,coppet,CGI,202609080800,3.9,2.3,8.3,214
202609070900,coppet,CGI,202609080900,6.0,3.7,13.0,205
202609070900,coppet,CGI,202609081000,7.3,5.2,16.1,210
202609070900,coppet,CGI,202609081100,8.5,6.1,17.0,213
202609070900,coppet,CGI,202609081200,9.0,6.2,18.7,217
202609070900,coppet,CGI,202609081300,9.1,6.5,19.1,221
202609070900,coppet,CGI,202609081400,8.3,5.7,19.7,223
202609070900,coppet,CGI,202609081500,8.2,5.3,21.3,227
202609070900,coppet,CGI,202609081600,10.2,6.1,24.9,253
202609070900,coppet,CGI,202609081700,6.5,3.9,22.2,233
202609070900,coppet,CGI,202609081800,4.1,2.2,13.0,236
202609070900,coppet,CGI,202609081900,3.6,1.8,10.5,248
202609070900,coppet,CGI,202609082000,3.0,1.6,10.0,246
202609070900,coppet,CGI,202609082100,3.0,1.6,8.6,253
202609070900,coppet,CGI,202609082200,2.9,1.5,7.8,246
202609070900,coppet,CGI,202609082300,3.2,1.7,8.8,248
202609070900,coppet,CGI,202609090000,3.7,1.8,9.2,245
202609070900,coppet,CGI,202609090100,3.5,1.7,9.4,246
202609070900,coppet,CGI,202609090200,2.9,1.5,9.1,242
202609070900,coppet,CGI,202609090300,3.3,1.7,8.6,235
202609070900,coppet,CGI,202609090400,3.7,1.9,9.8,230
202609070900,coppet,CGI,202609090500,3.5,1.7,9.9,230
202609070900,coppet,CGI,202609090600,3.6,1.7,10.0,236
202609070900,coppet,CGI,202609090700,3.9,2.1,9.6,229
202609070900,coppet,CGI,202609090800,4.1,2.2,9.5,230
202609070900,coppet,CGI,202609090900,4.2,2.5,10.4,241
202609070900,coppet,CGI,202609091000,4.3,2.4,10.5,240
202609070900,coppet,CGI,202609091100,4.2,2.5,10.2,234
202609070900,coppet,CGI,202609091200,4.5,2.8,11.1,238
202609070900,coppet,CGI,202609091300,4.5,2.8,11.3,249
202609070900,coppet,CGI,202609091400,4.1,2.5,11.3,271
202609070900,coppet,CGI,202609091500,4.6,2.6,10.7,333
202609070900,coppet,CGI,202609091600,4.5,2.6,11.3,359
202609070900,coppet,CGI,202609091700,4.3,2.6,11.0,28
202609070900,coppet,CGI,202609091800,3.5,1.9,10.2,355
202609070900,coppet,CGI,202609091900,3.4,1.7,9.5,5
202609070900,coppet,CGI,202609092000,3.5,1.9,9.1,19
202609070900,coppet,CGI,202609092100,3.6,1.7,8.9,15
202609070900,coppet,CGI,202609092200,3.9,2.2,9.9,7
202609070900,coppet,CGI,202609092300,3.9,2.1,10.4,13
202609070900,coppet,CGI,202609100000,4.2,2.2,10.0,14
202609070900,coppet,CGI,202609100100,4.6,2.4,11.0,16
202609070900,coppet,CGI,202609100200,5.1,2.5,11.6,19
202609070900,coppet,CGI,202609100300,4.6,2.2,11.0,27
202609070900,coppet,CGI,202609100400,5.3,2.6,11.9,24
202609070900,coppet,CGI,202609100500,5.0,2.5,11.9,29
202609070900,coppet,CGI,202609100600,5.3,2.8,12.0,28
202609070900,coppet,CGI,202609100700,7.0,3.6,15.9,39
202609070900,coppet,CGI,202609100800,9.6,5.9,19.7,47
202609070900,coppet,CGI,202609100900,9.6,6.0,21.2,48
202609070900,coppet,CGI,202609101000,9.9,6.3,20.4,52
202609070900,coppet,CGI,202609101100,8.7,5.4,21.0,58
202609070900,coppet,CGI,202609101200,8.4,5.5,19.2,55
202609070900,coppet,CGI,202609101300,7.9,5.0,18.0,62
202609070900,coppet,CGI,202609101400,7.2,4.5,17.8,61
202609070900,coppet,CGI,202609101500,6.9,4.3,15.8,58
202609070900,coppet,CGI,202609101600,6.7,4.2,15.6,51
202609070900,coppet,CGI,202609101700,5.9,3.5,14.3,42
202609070900,coppet,CGI,202609101800,4.6,2.4,11.4,10
202609070900,coppet,CGI,202609101900,4.0,2.2,9.2,4
202609070900,coppet,CGI,202609102000,3.2,1.5,9.2,2
202609070900,coppet,CGI,202609102100,2.7,1.2,8.7,359
202609070900,coppet,CGI,202609102200,2.1,1.0,7.9,4
202609070900,coppet,CGI,202609102300,2.2,1.1,7.3,340
202609070900,coppet,CGI,202609110000,2.1,1.0,7.0,348
202609070900,coppet,CGI,202609110100,2.0,1.0,4.0,311
202609070900,coppet,CGI,202609110200,2.1,1.0,4.2,315
202609070900,coppet,CGI,202609110300,1.9,0.9,3.8,306
202609070900,coppet,CGI,202609110400,1.7,1.0,3.0,271
202609070900,coppet,CGI,202609110500,1.7,1.0,2.6,282
202609070900,coppet,CGI,202609110600,1.7,0.9,2.5,262
202609070900,coppet,CGI,202609110700,1.8,0.9,2.8,136
202609070900,coppet,CGI,202609110800,2.4,1.2,5.7,103
202609070900,coppet,CGI,202609110900,2.7,1.3,6.4,100
202609070900,coppet,CGI,202609111000,3.1,1.7,8.5,107
202609070900,coppet,CGI,202609111100,3.6,2.1,9.1,104
202609070900,coppet,CGI,202609111200,3.9,2.4,9.3,109
202609070900,coppet,CGI,202609111300,3.7,2.4,9.7,104
202609070900,coppet,CGI,202609111400,4.3,2.5,10.4,85
202609070900,coppet,CGI,202609111500,4.5,2.8,10.5,77
202609070900,coppet,CGI,202609111600,4.4,2.7,10.5,33
202609070900,coppet,CGI,202609111700,3.9,2.2,10.0,1
202609070900,coppet,CGI,202609111800,3.0,1.7,9.6,348
202609070900,coppet,CGI,202609111900,2.6,1.5,8.7,9
202609070900,coppet,CGI,202609112000,2.2,1.1,7.6,9
202609070900,coppet,CGI,202609112100,2.4,1.2,6.1,2
202609070900,coppet,CGI,202609112200,2.3,1.2,5.0,336
202609070900,coppet,CGI,202609112300,2.0,1.1,4.0,341
202609070900,coppet,CGI,202609120000,2.2,1.2,3.9,341
202609070900,coppet,CGI,202609120100,1.7,0.7,5.3,15
202609070900,coppet,CGI,202609120200,1.6,0.6,6.5,26
202609070900,coppet,CGI,202609120300,1.7,0.6,4.8,26
202609070900,coppet,CGI,202609120400,1.8,0.8,5.3,32
202609070900,coppet,CGI,202609120500,1.9,0.9,6.4,44
202609070900,coppet,CGI,202609120600,2.1,0.9,7.2,44
202609070900,coppet,CGI,202609120700,2.3,1.0,7.5,45
202609070900,coppet,CGI,202609120800,3.1,1.5,8.6,38
202609070900,coppet,CGI,202609120900,3.8,1.7,10.1,51
202609070900,coppet,CGI,202609121000,4.5,2.0,10.6,53
202609070900,coppet,CGI,202609121100,4.4,2.3,11.3,50
202609070900,coppet,CGI,202609121200,4.7,2.3,11.3,55
202609070900,coppet,CGI,202609121300,4.5,2.3,11.6,58
202609070900,coppet,CGI,202609121400,4.0,1.9,11.9,55
202609070900,coppet,CGI,202609121500,4.4,2.2,11.3,51
202609070900,coppet,CGI,202609121600,3.6,1.8,10.7,42
202609070900,coppet,CGI,202609121700,3.1,1.5,9.1,38
202609070900,coppet,CGI,202609121800,2.8,1.2,9.0,26
202609070900,coppet,CGI,202609121900,2.5,1.2,8.7,22
202609070900,coppet,CGI,202609122000,2.6,1.1,7.7,22
202609070900,coppet,CGI,202609122100,2.1,0.8,7.2,19
202609070900,coppet,CGI,202609122200,2.1,0.9,7.4,34
202609070900,coppet,CGI,202609122300,1.7,0.8,6.7,26
202609070900,coppet,CGI,202609130000,1.8,0.8,7.5,29
202609070900,coppet,CGI,202609130100,1.5,0.6,6.7,35
202609070900,coppet,CGI,202609130200,1.8,0.7,6.6,23
202609070900,coppet,CGI,202609130300,1.5,0.6,6.6,38
202609070900,coppet,CGI,202609130400,1.5,0.6,6.2,97
202609070900,coppet,CGI,202609130500,1.6,0.7,6.5,55
202609070900,coppet,CGI,202609130600,1.6,0.8,6.4,85
202609070900,coppet,CGI,202609130700,1.9,0.8,6.4,98
202609070900,coppet,CGI,202609130800,1.9,0.9,7.2,73
202609070900,coppet,CGI,202609130900,2.2,1.0,7.6,87
202609070900,coppet,CGI,202609131000,2.6,1.2,8.3,82
202609070900,coppet,CGI,202609131100,3.1,1.5,9.2,76
202609070900,coppet,CGI,202609131200,3.4,1.7,10.0,90
202609070900,coppet,CGI,202609131300,3.4,1.8,10.2,90
202609070900,coppet,CGI,202609131400,3.3,1.7,9.8,73
202609070900,coppet,CGI,202609131500,3.0,1.5,10.0,64
202609070900,coppet,CGI,202609131600,2.7,1.3,9.1,67
202609070900,coppet,CGI,202609131700,2.6,1.2,8.9,26
202609070900,coppet,CGI,202609131800,2.5,1.2,8.4,15
202609070900,coppet,CGI,202609131900,2.5,1.1,8.1,8
202609070900,coppet,CGI,202609132000,2.2,0.9,7.7,19
202609070900,coppet,CGI,202609132100,2.1,0.9,7.2,22
202609070900,coppet,CGI,202609132200,2.0,0.8,6.6,21
202609070900,coppet,CGI,202609132300,1.7,0.8,7.0,40
202609070900,coppet,CGI,202609140000,1.8,0.7,7.6,22
202609070900,coppet,CGI,202609140100,1.7,0.7,7.1,18
202609070900,coppet,CGI,202609140200,1.7,0.7,5.9,37
202609070900,coppet,CGI,202609140300,1.8,0.7,6.3,41
202609070900,coppet,CGI,202609140400,1.8,0.7,6.0,32
202609070900,coppet,CGI,202609140500,1.9,0.8,7.1,54
202609070900,coppet,CGI,202609140600,1.7,0.8,7.1,57
202609070900,coppet,CGI,202609140700,1.9,0.9,7.5,62
202609070900,coppet,CGI,202609140800,1.9,0.9,6.6,59
202609070900,coppet,CGI,202609140900,2.2,1.1,7.5,58
202609070900,coppet,CGI,202609141000,2.8,1.2,8.4,58
202609070900,coppet,CGI,202609141100,3.3,1.6,9.7,60
202609070900,coppet,CGI,202609141200,3.6,1.8,10.5,60
202609070900,coppet,CGI,202609141300,3.8,1.8,10.3,60
202609070900,coppet,CGI,202609141400,3.3,1.7,10.6,55
202609070900,coppet,CGI,202609141500,3.4,1.7,9.9,44
202609070900,coppet,CGI,202609141600,3.0,1.3,10.4,41
202609070900,coppet,CGI,202609141700,2.9,1.4,9.5,29
202609070900,coppet,CGI,202609141800,2.5,1.3,9.1,22
202609070900,coppet,CGI,202609141900,2.2,1.1,8.6,19
202609070900,coppet,CGI,202609142000,2.4,0.9,7.8,33
202609070900,coppet,CGI,202609142100,1.8,0.8,7.9,38
202609070900,coppet,CGI,202609142200,1.7,0.8,7.4,31
202609070900,coppet,CGI,202609142300,1.6,0.7,7.8,34
202609070900,coppet,CGI,202609150000,1.6,0.6,7.8,34
202609070900,coppet,CGI,202609150100,1.4,0.5,7.1,39
202609070900,coppet,CGI,202609150200,1.3,0.6,5.5,16
202609070900,coppet,CGI,202609150300,1.5,0.6,5.2,28
202609070900,coppet,CGI,202609150400,1.3,0.6,5.3,39
202609070900,coppet,CGI,202609150500,1.5,0.6,6.2,69
202609070900,coppet,CGI,202609150600,1.6,0.7,4.4,27
202609070900,coppet,CGI,202609150700,1.6,0.8,6.0,97
202609070900,coppet,CGI,202609150800,2.1,0.9,7.2,135
202609070900,coppet,CGI,202609150900,2.3,1.2,7.8,116
202609070900,coppet,CGI,202609151000,2.7,1.3,7.5,109
202609070900,coppet,CGI,202609151100,2.7,1.5,8.7,108
202609070900,coppet,CGI,202609151200,3.7,1.7,9.1,125
202609070900,coppet,CGI,202609151300,3.2,1.6,9.5,114
202609070900,coppet,CGI,202609151400,3.2,1.6,10.0,125
202609070900,coppet,CGI,202609151500,2.9,1.5,10.2,48
202609070900,coppet,CGI,202609151600,2.7,1.3,9.4,18
202609070900,coppet,CGI,202609151700,2.3,1.1,9.9,18
202609070900,coppet,CGI,202609151800,2.3,1.1,8.8,5
202609070900,coppet,CGI,202609151900,1.9,0.9,8.0,6
202609070900,coppet,CGI,202609152000,1.8,0.9,8.0,338
202609070900,coppet,CGI,202609152100,1.7,0.8,7.4,354
202609070900,coppet,CGI,202609152200,1.7,0.7,7.0,22
202609070900,coppet,CGI,202609152300,1.5,0.7,6.5,16
202609070900,coppet,CGI,202609160000,1.4,0.5,6.0,16
202609070900,nyon,CGI,202609062200,2.7,2.7,6.2,344
202609070900,nyon,CGI,202609062300,3.3,3.3,4.5,329
202609070900,nyon,CGI,202609070000,3.7,3.7,5.2,315
202609070900,nyon,CGI,202609070100,3.5,3.5,5.2,320
202609070900,nyon,CGI,202609070200,3.0,3.0,4.5,326
202609070900,nyon,CGI,202609070300,3.5,3.5,8.7,270
202609070900,nyon,CGI,202609070400,4.2,4.2,8.7,349
202609070900,nyon,CGI,202609070500,5.5,5.5,8.7,345
202609070900,nyon,CGI,202609070600,3.5,3.5,7.8,285
202609070900,nyon,CGI,202609070700,2.2,2.2,4.5,292
202609070900,nyon,CGI,202609070800,2.5,2.5,4.5,291
202609070900,nyon,CGI,202609070900,2.6,2.6,7.5,165
202609070900,nyon,CGI,202609071000,2.9,1.5,7.1,187
202609070900,nyon,CGI,202609071100,3.3,1.6,7.3,169
202609070900,nyon,CGI,202609071200,3.8,1.8,8.6,154
202609070900,nyon,CGI,202609071300,4.6,2.5,12.1,202
202609070900,nyon,CGI,202609071400,5.3,3.7,15.6,249
202609070900,nyon,CGI,202609071500,5.3,3.7,14.8,240
202609070900,nyon,CGI,202609071600,4.2,2.8,12.4,246
202609070900,nyon,CGI,202609071700,3.7,2.2,9.7,298
202609070900,nyon,CGI,202609071800,3.7,2.1,8.7,310
202609070900,nyon,CGI,202609071900,2.4,1.3,7.2,6
202609070900,nyon,CGI,202609072000,2.6,1.5,5.0,318
202609070900,nyon,CGI,202609072100,2.9,1.7,5.6,311
202609070900,nyon,CGI,202609072200,2.3,1.3,3.9,301
202609070900,nyon,CGI,202609072300,2.2,1.2,3.3,308
202609070900,nyon,CGI,202609080000,2.0,1.1,3.1,297
202609070900,nyon,CGI,202609080100,2.0,1.1,3.0,287
202609070900,nyon,CGI,202609080200,1.9,1.1,3.1,279
202609070900,nyon,CGI,202609080300,2.0,1.1,2.8,270
202609070900,nyon,CGI,202609080400,1.9,1.1,2.8,277
202609070900,nyon,CGI,202609080500,2.1,1.0,2.9,282
202609070900,nyon,CGI,202609080600,1.7,0.9,2.7,269
202609070900,nyon,CGI,202609080700,1.8,0.9,2.9,217
202609070900,nyon,CGI,202609080800,2.9,1.6,8.5,213
202609070900,nyon,CGI,202609080900,5.6,3.8,13.2,208
202609070900,nyon,CGI,202609081000,7.7,4.9,17.8,204
202609070900,nyon,CGI,202609081100,8.9,6.2,19.4,205
202609070900,nyon,CGI,202609081200,9.7,6.9,21.5,211
202609070900,nyon,CGI,202609081300,9.0,6.2,21.1,209
202609070900,nyon,CGI,202609081400,8.9,6.3,21.9,225
202609070900,nyon,CGI,202609081500,8.2,5.6,21.7,230
202609070900,nyon,CGI,202609081600,12.0,7.7,27.2,261
202609070900,nyon,CGI,202609081700,7.7,4.2,24.8,252
202609070900,nyon,CGI,202609081800,4.0,2.2,15.8,254
202609070900,nyon,CGI,202609081900,3.1,1.6,10.4,274
202609070900,nyon,CGI,202609082000,2.6,1.3,8.6,262
202609070900,nyon,CGI,202609082100,2.4,1.1,9.1,266
202609070900,nyon,CGI,202609082200,2.5,1.3,7.9,263
202609070900,nyon,CGI,202609082300,2.4,1.1,8.4,254
202609070900,nyon,CGI,202609090000,2.1,1.0,7.6,253
202609070900,nyon,CGI,202609090100,2.5,1.2,7.4,237
202609070900,nyon,CGI,202609090200,2.5,1.2,8.2,242
202609070900,nyon,CGI,202609090300,2.2,1.0,8.4,236
202609070900,nyon,CGI,202609090400,2.4,1.1,8.6,237
202609070900,nyon,CGI,202609090500,2.8,1.2,8.7,232
202609070900,nyon,CGI,202609090600,2.9,1.5,8.6,240
202609070900,nyon,CGI,202609090700,3.1,1.5,9.4,231
202609070900,nyon,CGI,202609090800,3.1,1.8,8.8,232
202609070900,nyon,CGI,202609090900,3.6,2.1,9.4,242
202609070900,nyon,CGI,202609091000,3.9,2.3,10.9,251
202609070900,nyon,CGI,202609091100,4.2,2.4,10.6,244
202609070900,nyon,CGI,202609091200,4.2,2.2,11.1,254
202609070900,nyon,CGI,202609091300,5.0,3.0,10.7,276
202609070900,nyon,CGI,202609091400,5.1,2.8,11.8,291
202609070900,nyon,CGI,202609091500,4.9,2.9,11.4,321
202609070900,nyon,CGI,202609091600,5.0,2.9,11.5,348
202609070900,nyon,CGI,202609091700,4.2,2.3,11.3,354
202609070900,nyon,CGI,202609091800,3.6,1.9,10.5,345
202609070900,nyon,CGI,202609091900,4.1,2.1,10.0,351
202609070900,nyon,CGI,202609092000,3.4,1.8,9.9,357
202609070900,nyon,CGI,202609092100,3.1,1.5,9.2,12
202609070900,nyon,CGI,202609092200,3.1,1.6,8.9,17
202609070900,nyon,CGI,202609092300,3.1,1.7,9.1,15
202609070900,nyon,CGI,202609100000,3.2,1.6,9.3,14
202609070900,nyon,CGI,202609100100,3.9,1.8,10.4,12
202609070900,nyon,CGI,202609100200,4.0,2.0,10.3,24
202609070900,nyon,CGI,202609100300,4.8,2.3,11.0,22
202609070900,nyon,CGI,202609100400,4.6,2.2,10.9,21
202609070900,nyon,CGI,202609100500,4.0,2.1,11.7,25
202609070900,nyon,CGI,202609100600,3.9,1.8,10.8,32
202609070900,nyon,CGI,202609100700,5.5,2.8,14.0,43
202609070900,nyon,CGI,202609100800,8.3,5.0,19.3,51
202609070900,nyon,CGI,202609100900,8.7,5.6,19.3,59
202609070900,nyon,CGI,202609101000,9.7,5.9,20.2,60
202609070900,nyon,CGI,202609101100,9.4,5.9,19.1,65
202609070900,nyon,CGI,202609101200,8.6,5.7,18.5,74
202609070900,nyon,CGI,202609101300,8.0,4.6,17.5,78
202609070900,nyon,CGI,202609101400,7.3,4.5,15.9,80
202609070900,nyon,CGI,202609101500,6.7,4.2,15.1,75
202609070900,nyon,CGI,202609101600,6.2,3.5,14.4,67
202609070900,nyon,CGI,202609101700,4.4,2.4,12.8,49
202609070900,nyon,CGI,202609101800,3.9,2.1,9.7,3
202609070900,nyon,CGI,202609101900,3.5,2.1,9.6,0
202609070900,nyon,CGI,202609102000,3.2,1.7,9.5,0
202609070900,nyon,CGI,202609102100,3.2,1.6,9.0,354
202609070900,nyon,CGI,202609102200,2.7,1.3,8.3,351
202609070900,nyon,CGI,202609102300,2.5,1.2,7.7,357
202609070900,nyon,CGI,202609110000,2.1,1.2,7.4,338
202609070900,nyon,CGI,202609110100,2.2,1.1,4.7,345
202609070900,nyon,CGI,202609110200,1.8,0.9,3.3,321
202609070900,nyon,CGI,202609110300,1.9,1.0,3.8,326
202609070900,nyon,CGI,202609110400,2.2,1.1,3.2,324
202609070900,nyon,CGI,202609110500,1.8,1.0,3.0,311
202609070900,nyon,CGI,202609110600,1.8,1.0,2.8,329
202609070900,nyon,CGI,202609110700,1.6,0.9,2.6,107
202609070900,nyon,CGI,202609110800,2.1,1.1,4.8,114
202609070900,nyon,CGI,202609110900,2.8,1.5,7.7,111
202609070900,nyon,CGI,202609111000,3.1,1.8,8.6,107
202609070900,nyon,CGI,202609111100,3.8,2.4,8.7,113
202609070900,nyon,CGI,202609111200,3.8,2.2,9.7,112
202609070900,nyon,CGI,202609111300,4.0,2.6,9.7,111
202609070900,nyon,CGI,202609111400,3.8,2.3,9.8,104
202609070900,nyon,CGI,202609111500,3.7,2.3,9.8,93
202609070900,nyon,CGI,202609111600,3.8,2.3,10.2,25
202609070900,nyon,CGI,202609111700,3.6,2.1,9.9,339
202609070900,nyon,CGI,202609111800,3.9,2.3,10.5,335
202609070900,nyon,CGI,202609111900,3.8,2.1,10.3,341
202609070900,nyon,CGI,202609112000,2.6,1.4,9.0,1
202609070900,nyon,CGI,202609112100,2.2,1.1,6.9,352
202609070900,nyon,CGI,202609112200,2.3,1.2,5.3,338
202609070900,nyon,CGI,202609112300,2.3,1.1,4.0,344
202609070900,nyon,CGI,202609120000,2.2,1.0,4.0,355
202609070900,nyon,CGI,202609120100,2.1,0.9,5.5,22
202609070900,nyon,CGI,202609120200,2.1,1.0,6.2,26
202609070900,nyon,CGI,202609120300,2.2,1.0,7.1,17
202609070900,nyon,CGI,202609120400,2.3,0.9,7.3,29
202609070900,nyon,CGI,202609120500,2.2,1.0,7.5,29
202609070900,nyon,CGI,202609120600,2.6,1.1,8.0,25
202609070900,nyon,CGI,202609120700,2.9,1.2,8.0,45
202609070900,nyon,CGI,202609120800,3.6,1.6,9.0,57
202609070900,nyon,CGI,202609120900,4.2,1.8,10.9,69
202609070900,nyon,CGI,202609121000,4.5,2.1,11.6,72
202609070900,nyon,CGI,202609121100,4.8,2.3,12.2,76
202609070900,nyon,CGI,202609121200,5.0,2.5,13.0,81
202609070900,nyon,CGI,202609121300,4.4,2.2,12.4,80
202609070900,nyon,CGI,202609121400,4.8,2.4,12.1,79
202609070900,nyon,CGI,202609121500,4.4,2.1,12.0,77
202609070900,nyon,CGI,202609121600,3.9,1.9,10.8,64
202609070900,nyon,CGI,202609121700,3.2,1.5,10.5,42
202609070900,nyon,CGI,202609121800,2.9,1.4,8.6,21
202609070900,nyon,CGI,202609121900,3.0,1.5,8.4,15
202609070900,nyon,CGI,202609122000,3.0,1.3,8.2,22
202609070900,nyon,CGI,202609122100,2.7,1.3,8.0,15
202609070900,nyon,CGI,202609122200,2.6,1.1,8.1,18
202609070900,nyon,CGI,202609122300,2.2,0.9,7.2,25
202609070900,nyon,CGI,202609130000,2.0,0.9,7.6,30
202609070900,nyon,CGI,202609130100,1.9,0.8,7.1,33
202609070900,nyon,CGI,202609130200,1.7,0.6,7.3,34
202609070900,nyon,CGI,202609130300,1.7,0.6,6.9,36
202609070900,nyon,CGI,202609130400,1.6,0.7,7.1,33
202609070900,nyon,CGI,202609130500,1.7,0.7,6.5,37
202609070900,nyon,CGI,202609130600,1.8,0.8,7.7,48
202609070900,nyon,CGI,202609130700,2.0,0.8,7.8,49
202609070900,nyon,CGI,202609130800,2.1,0.9,7.1,75
202609070900,nyon,CGI,202609130900,2.4,1.1,8.7,103
202609070900,nyon,CGI,202609131000,2.9,1.3,8.5,91
202609070900,nyon,CGI,202609131100,3.3,1.6,9.1,91
202609070900,nyon,CGI,202609131200,3.7,1.9,9.6,102
202609070900,nyon,CGI,202609131300,3.5,1.9,11.0,90
202609070900,nyon,CGI,202609131400,3.2,1.6,10.3,92
202609070900,nyon,CGI,202609131500,3.3,1.6,10.4,85
202609070900,nyon,CGI,202609131600,2.6,1.2,9.4,79
202609070900,nyon,CGI,202609131700,2.6,1.2,9.3,11
202609070900,nyon,CGI,202609131800,2.9,1.2,10.3,18
202609070900,nyon,CGI,202609131900,2.4,1.0,8.6,11
202609070900,nyon,CGI,202609132000,2.3,1.1,8.7,17
202609070900,nyon,CGI,202609132100,2.1,0.9,7.4,10
202609070900,nyon,CGI,202609132200,2.3,1.0,7.9,8
202609070900,nyon,CGI,202609132300,2.1,0.9,7.2,31
202609070900,nyon,CGI,202609140000,2.0,0.8,8.0,21
202609070900,nyon,CGI,202609140100,1.9,0.8,6.3,4
202609070900,nyon,CGI,202609140200,1.9,0.8,7.6,21
202609070900,nyon,CGI,202609140300,2.2,0.8,7.3,26
202609070900,nyon,CGI,202609140400,2.1,0.8,7.0,30
202609070900,nyon,CGI,202609140500,2.2,0.9,7.3,36
202609070900,nyon,CGI,202609140600,2.1,0.9,7.6,40
202609070900,nyon,CGI,202609140700,2.2,1.0,8.1,55
202609070900,nyon,CGI,202609140800,2.4,1.1,7.5,53
202609070900,nyon,CGI,202609140900,2.6,1.1,8.5,71
202609070900,nyon,CGI,202609141000,3.0,1.3,9.2,76
202609070900,nyon,CGI,202609141100,3.6,1.7,9.9,72
202609070900,nyon,CGI,202609141200,4.0,2.1,10.5,85
202609070900,nyon,CGI,202609141300,3.8,1.9,11.8,72
202609070900,nyon,CGI,202609141400,3.9,1.8,11.1,70
202609070900,nyon,CGI,202609141500,3.9,2.0,10.9,61
202609070900,nyon,CGI,202609141600,3.3,1.6,10.9,53
202609070900,nyon,CGI,202609141700,2.9,1.4,10.8,42
202609070900,nyon,CGI,202609141800,2.8,1.3,9.8,31
202609070900,nyon,CGI,202609141900,2.3,1.1,9.0,31
202609070900,nyon,CGI,202609142000,2.3,1.0,8.2,17
202609070900,nyon,CGI,202609142100,2.1,0.9,7.8,27
202609070900,nyon,CGI,202609142200,2.1,0.8,7.7,29
202609070900,nyon,CGI,202609142300,1.8,0.8,7.1,27
202609070900,nyon,CGI,202609150000,1.9,0.9,7.6,25
202609070900,nyon,CGI,202609150100,1.8,0.6,7.8,21
202609070900,nyon,CGI,202609150200,1.7,0.6,6.4,34
202609070900,nyon,CGI,202609150300,1.7,0.7,6.8,27
202609070900,nyon,CGI,202609150400,1.7,0.7,6.5,20
202609070900,nyon,CGI,202609150500,1.8,0.7,7.0,54
202609070900,nyon,CGI,202609150600,1.7,0.8,7.6,36
202609070900,nyon,CGI,202609150700,1.8,0.8,7.1,60
202609070900,nyon,CGI,202609150800,2.2,0.9,6.9,78
202609070900,nyon,CGI,202609150900,2.2,1.1,8.1,85
202609070900,nyon,CGI,202609151000,2.8,1.4,8.7,114
202609070900,nyon,CGI,202609151100,3.2,1.6,9.6,109
202609070900,nyon,CGI,202609151200,3.8,1.8,10.3,122
202609070900,nyon,CGI,202609151300,3.4,1.7,11.2,128
202609070900,nyon,CGI,202609151400,3.1,1.5,10.8,104
202609070900,nyon,CGI,202609151500,3.1,1.5,11.2,114
202609070900,nyon,CGI,202609151600,2.7,1.3,11.0,35
202609070900,nyon,CGI,202609151700,2.6,1.3,9.4,325
202609070900,nyon,CGI,202609151800,2.3,1.1,9.6,326
202609070900,nyon,CGI,202609151900,2.2,1.0,8.9,351
202609070900,nyon,CGI,202609152000,2.1,1.0,8.0,335
202609070900,nyon,CGI,202609152100,2.0,0.9,7.6,5
202609070900,nyon,CGI,202609152200,1.9,0.9,7.3,17
202609070900,nyon,CGI,202609152300,1.7,0.7,6.9,5
202609070900,nyon,CGI,202609160000,1.8,0.8,6.6,13
202609070900,preverenges,PRE,202609062200,2.3,2.3,5.5,234
202609070900,preverenges,PRE,202609062300,2.5,2.5,4.1,309
202609070900,preverenges,PRE,202609070000,2.6,2.6,4.1,301
202609070900,preverenges,PRE,202609070100,3.3,3.3,6.0,296
202609070900,preverenges,PRE,202609070200,3.3,3.3,6.0,328
202609070900,preverenges,PRE,202609070300,3.8,3.8,8.0,55
202609070900,preverenges,PRE,202609070400,3.3,3.3,7.8,318
202609070900,preverenges,PRE,202609070500,4.6,4.6,7.2,4
202609070900,preverenges,PRE,202609070600,3.7,3.7,6.8,329
202609070900,preverenges,PRE,202609070700,3.4,3.4,9.0,258
202609070900,preverenges,PRE,202609070800,2.8,2.8,9.0,259
202609070900,preverenges,PRE,202609070900,3.1,3.1,6.6,191
202609070900,preverenges,PRE,202609071000,4.1,2.7,7.7,196
202609070900,preverenges,PRE,202609071100,4.5,3.1,8.3,188
202609070900,preverenges,PRE,202609071200,4.6,3.1,8.6,182
202609070900,preverenges,PRE,202609071300,4.4,2.9,8.4,162
202609070900,preverenges,PRE,202609071400,4.2,2.8,8.1,133
202609070900,preverenges,PRE,202609071500,3.3,1.9,8.7,144
202609070900,preverenges,PRE,202609071600,2.9,1.7,9.4,173
202609070900,preverenges,PRE,202609071700,2.6,1.5,9.2,223
202609070900,preverenges,PRE,202609071800,2.4,1.5,4.8,325
202609070900,preverenges,PRE,202609071900,2.4,1.3,4.5,336
202609070900,preverenges,PRE,202609072000,3.3,1.8,5.4,329
202609070900,preverenges,PRE,202609072100,2.9,1.7,5.0,317
202609070900,preverenges,PRE,202609072200,2.6,1.5,4.8,324
202609070900,preverenges,PRE,202609072300,2.5,1.3,3.7,313
202609070900,preverenges,PRE,202609080000,2.5,1.4,3.3,317
202609070900,preverenges,PRE,202609080100,2.6,1.4,3.5,317
202609070900,preverenges,PRE,202609080200,2.4,1.3,3.1,318
202609070900,preverenges,PRE,202609080300,2.4,1.3,3.1,309
202609070900,preverenges,PRE,202609080400,2.2,1.3,3.0,311
202609070900,preverenges,PRE,202609080500,2.4,1.4,3.2,305
202609070900,preverenges,PRE,202609080600,2.2,1.2,2.9,296
202609070900,preverenges,PRE,202609080700,1.9,1.0,2.5,225
202609070900,preverenges,PRE,202609080800,3.3,1.8,7.3,211
202609070900,preverenges,PRE,202609080900,4.2,2.5,9.8,210
202609070900,preverenges,PRE,202609081000,4.1,2.4,9.8,195
202609070900,preverenges,PRE,202609081100,4.1,2.3,10.8,176
202609070900,preverenges,PRE,202609081200,5.2,2.7,12.5,189
202609070900,preverenges,PRE,202609081300,6.2,3.5,15.7,207
202609070900,preverenges,PRE,202609081400,7.3,4.4,18.5,219
202609070900,preverenges,PRE,202609081500,8.0,5.2,22.0,234
202609070900,preverenges,PRE,202609081600,8.9,5.1,21.0,236
202609070900,preverenges,PRE,202609081700,7.7,4.3,25.5,237
202609070900,preverenges,PRE,202609081800,5.9,3.1,16.8,245
202609070900,preverenges,PRE,202609081900,4.5,2.5,11.6,261
202609070900,preverenges,PRE,202609082000,4.6,2.5,10.5,268
202609070900,preverenges,PRE,202609082100,4.3,2.2,9.9,261
202609070900,preverenges,PRE,202609082200,4.7,2.2,10.5,260
202609070900,preverenges,PRE,202609082300,4.6,2.3,11.8,249
202609070900,preverenges,PRE,202609090000,4.9,2.4,11.7,251
202609070900,preverenges,PRE,202609090100,5.0,2.7,11.6,249
202609070900,preverenges,PRE,202609090200,5.0,2.4,10.9,241
202609070900,preverenges,PRE,202609090300,4.9,2.5,11.1,243
202609070900,preverenges,PRE,202609090400,5.2,2.6,12.0,238
202609070900,preverenges,PRE,202609090500,5.1,2.5,11.8,238
202609070900,preverenges,PRE,202609090600,4.8,2.5,11.3,239
202609070900,preverenges,PRE,202609090700,5.3,2.8,11.3,236
202609070900,preverenges,PRE,202609090800,5.9,3.4,13.0,234
202609070900,preverenges,PRE,202609090900,5.0,2.7,11.1,237
202609070900,preverenges,PRE,202609091000,4.7,2.8,11.1,238
202609070900,preverenges,PRE,202609091100,4.9,2.8,11.1,227
202609070900,preverenges,PRE,202609091200,5.0,3.1,10.8,213
202609070900,preverenges,PRE,202609091300,4.8,2.8,11.0,215
202609070900,preverenges,PRE,202609091400,5.0,2.9,10.7,127
202609070900,preverenges,PRE,202609091500,4.6,2.7,10.8,52
202609070900,preverenges,PRE,202609091600,5.0,2.9,11.0,18
202609070900,preverenges,PRE,202609091700,5.1,3.1,11.2,12
202609070900,preverenges,PRE,202609091800,5.1,2.8,11.3,13
202609070900,preverenges,PRE,202609091900,6.2,3.5,11.7,11
202609070900,preverenges,PRE,202609092000,6.2,3.7,12.0,10
202609070900,preverenges,PRE,202609092100,6.2,3.3,13.0,12
202609070900,preverenges,PRE,202609092200,6.4,3.6,12.1,8
202609070900,preverenges,PRE,202609092300,7.9,4.1,14.0,11
202609070900,preverenges,PRE,202609100000,7.9,4.1,14.2,10
202609070900,preverenges,PRE,202609100100,8.6,5.0,15.2,17
202609070900,preverenges,PRE,202609100200,8.9,5.2,16.1,12
202609070900,preverenges,PRE,202609100300,10.0,6.2,16.7,12
202609070900,preverenges,PRE,202609100400,9.4,5.2,16.8,20
202609070900,preverenges,PRE,202609100500,8.9,4.8,16.4,18
202609070900,preverenges,PRE,202609100600,10.1,5.8,16.9,15
202609070900,preverenges,PRE,202609100700,9.6,5.7,18.1,25
202609070900,preverenges,PRE,202609100800,10.4,6.5,21.0,28
202609070900,preverenges,PRE,202609100900,10.7,6.8,20.2,33
202609070900,preverenges,PRE,202609101000,10.3,6.0,22.2,35
202609070900,preverenges,PRE,202609101100,9.2,5.8,19.8,42
202609070900,preverenges,PRE,202609101200,8.6,5.1,18.6,43
202609070900,preverenges,PRE,202609101300,7.8,5.2,17.2,50
202609070900,preverenges,PRE,202609101400,7.8,4.4,16.8,56
202609070900,preverenges,PRE,202609101500,7.3,4.3,15.9,51
202609070900,preverenges,PRE,202609101600,7.0,4.1,15.7,45
202609070900,preverenges,PRE,202609101700,6.4,3.6,14.1,30
202609070900,preverenges,PRE,202609101800,6.3,3.3,12.5,5
202609070900,preverenges,PRE,202609101900,6.5,3.7,11.9,3
202609070900,preverenges,PRE,202609102000,7.1,3.8,13.1,3
202609070900,preverenges,PRE,202609102100,7.8,4.3,13.1,3
202609070900,preverenges,PRE,202609102200,6.6,3.4,12.9,11
202609070900,preverenges,PRE,202609102300,4.8,2.6,12.1,3
202609070900,preverenges,PRE,202609110000,4.2,2.1,10.7,8
202609070900,preverenges,PRE,202609110100,3.9,1.9,9.5,6
202609070900,preverenges,PRE,202609110200,3.8,2.1,8.8,0
202609070900,preverenges,PRE,202609110300,3.5,1.6,8.5,1
202609070900,preverenges,PRE,202609110400,3.5,1.8,7.3,2
202609070900,preverenges,PRE,202609110500,3.6,1.6,8.0,9
202609070900,preverenges,PRE,202609110600,2.8,1.5,6.7,6
202609070900,preverenges,PRE,202609110700,3.2,1.5,7.6,23
202609070900,preverenges,PRE,202609110800,2.8,1.3,8.2,54
202609070900,preverenges,PRE,202609110900,3.1,1.7,8.2,95
202609070900,preverenges,PRE,202609111000,3.3,1.7,8.5,112
202609070900,preverenges,PRE,202609111100,3.4,1.8,8.6,125
202609070900,preverenges,PRE,202609111200,3.8,2.2,8.6,125
202609070900,preverenges,PRE,202609111300,3.7,2.2,9.6,126
202609070900,preverenges,PRE,202609111400,3.6,2.0,9.8,127
202609070900,preverenges,PRE,202609111500,3.7,2.0,9.6,116
202609070900,preverenges,PRE,202609111600,3.9,2.2,10.7,54
202609070900,preverenges,PRE,202609111700,3.9,2.1,10.4,17
202609070900,preverenges,PRE,202609111800,4.2,2.4,9.9,10
202609070900,preverenges,PRE,202609111900,4.4,2.4,10.0,2
202609070900,preverenges,PRE,202609112000,3.8,1.9,9.9,5
202609070900,preverenges,PRE,202609112100,4.3,2.1,9.4,4
202609070900,preverenges,PRE,202609112200,4.2,2.2,9.6,1
202609070900,preverenges,PRE,202609112300,4.1,2.3,9.0,5
202609070900,preverenges,PRE,202609120000,4.2,2.0,9.3,11
202609070900,preverenges,PRE,202609120100,2.9,1.3,7.7,12
202609070900,preverenges,PRE,202609120200,3.2,1.1,7.6,12
202609070900,preverenges,PRE,202609120300,3.1,1.2,7.3,16
202609070900,preverenges,PRE,202609120400,3.6,1.5,7.6,7
202609070900,preverenges,PRE,202609120500,3.3,1.5,7.7,11
202609070900,preverenges,PRE,202609120600,4.0,1.7,8.0,20
202609070900,preverenges,PRE,202609120700,4.5,2.1,9.0,18
202609070900,preverenges,PRE,202609120800,4.0,1.9,9.4,30
202609070900,preverenges,PRE,202609120900,5.5,2.6,11.4,44
202609070900,preverenges,PRE,202609121000,5.1,2.4,11.6,46
202609070900,preverenges,PRE,202609121100,5.5,2.5,12.6,57
202609070900,preverenges,PRE,202609121200,5.4,2.8,13.0,60
202609070900,preverenges,PRE,202609121300,5.5,2.7,13.3,58
202609070900,preverenges,PRE,202609121400,5.1,2.6,13.6,62
202609070900,preverenges,PRE,202609121500,5.2,2.5,13.9,60
202609070900,preverenges,PRE,202609121600,4.5,2.2,12.8,34
202609070900,preverenges,PRE,202609121700,4.1,2.0,12.0,23
202609070900,preverenges,PRE,202609121800,4.2,1.9,10.5,14
202609070900,preverenges,PRE,202609121900,3.8,1.8,9.8,9
202609070900,preverenges,PRE,202609122000,4.2,1.9,8.8,7
202609070900,preverenges,PRE,202609122100,4.2,1.6,8.2,8
202609070900,preverenges,PRE,202609122200,3.4,1.4,8.4,7
202609070900,preverenges,PRE,202609122300,2.8,1.2,7.7,7
202609070900,preverenges,PRE,202609130000,3.0,1.3,8.0,20
202609070900,preverenges,PRE,202609130100,2.6,1.1,8.3,21
202609070900,preverenges,PRE,202609130200,2.4,1.0,7.9,17
202609070900,preverenges,PRE,202609130300,2.4,0.9,7.1,15
202609070900,preverenges,PRE,202609130400,2.4,1.0,7.6,14
202609070900,preverenges,PRE,202609130500,2.2,1.0,6.9,18
202609070900,preverenges,PRE,202609130600,2.4,1.1,7.6,29
202609070900,preverenges,PRE,202609130700,2.2,0.9,7.3,32
202609070900,preverenges,PRE,202609130800,2.5,1.1,8.0,49
202609070900,preverenges,PRE,202609130900,2.4,1.1,8.4,62
202609070900,preverenges,PRE,202609131000,2.9,1.3,9.3,82
202609070900,preverenges,PRE,202609131100,3.4,1.5,9.9,91
202609070900,preverenges,PRE,202609131200,4.2,1.9,10.4,100
202609070900,preverenges,PRE,202609131300,3.7,1.8,10.9,94
202609070900,preverenges,PRE,202609131400,3.6,1.7,10.1,89
202609070900,preverenges,PRE,202609131500,3.3,1.6,10.9,67
202609070900,preverenges,PRE,202609131600,3.1,1.5,10.7,57
202609070900,preverenges,PRE,202609131700,3.0,1.3,10.3,24
202609070900,preverenges,PRE,202609131800,2.7,1.2,9.3,357
202609070900,preverenges,PRE,202609131900,2.6,1.2,9.4,11
202609070900,preverenges,PRE,202609132000,2.5,1.1,7.8,3
202609070900,preverenges,PRE,202609132100,2.3,0.9,8.2,4
202609070900,preverenges,PRE,202609132200,2.6,1.1,7.5,15
202609070900,preverenges,PRE,202609132300,2.3,1.0,8.0,17
202609070900,preverenges,PRE,202609140000,2.3,1.0,7.5,12
202609070900,preverenges,PRE,202609140100,2.5,1.1,7.3,14
202609070900,preverenges,PRE,202609140200,2.3,0.9,7.4,17
202609070900,preverenges,PRE,202609140300,2.4,1.1,7.2,14
202609070900,preverenges,PRE,202609140400,2.5,0.9,7.3,14
202609070900,preverenges,PRE,202609140500,2.8,1.1,7.6,24
202609070900,preverenges,PRE,202609140600,2.9,1.3,7.1,19
202609070900,preverenges,PRE,202609140700,2.8,1.2,7.7,25
202609070900,preverenges,PRE,202609140800,2.8,1.2,7.3,41
202609070900,preverenges,PRE,202609140900,2.8,1.1,8.4,49
202609070900,preverenges,PRE,202609141000,3.5,1.6,9.4,61
202609070900,preverenges,PRE,202609141100,3.6,1.8,10.0,69
202609070900,preverenges,PRE,202609141200,4.5,2.2,11.4,75
202609070900,preverenges,PRE,202609141300,4.0,1.9,11.6,65
202609070900,preverenges,PRE,202609141400,3.6,1.7,10.9,49
202609070900,preverenges,PRE,202609141500,3.7,1.8,11.8,45
202609070900,preverenges,PRE,202609141600,3.7,1.8,10.3,27
202609070900,preverenges,PRE,202609141700,3.5,1.6,10.7,11
202609070900,preverenges,PRE,202609141800,3.6,1.7,10.0,6
202609070900,preverenges,PRE,202609141900,3.1,1.4,9.3,12
202609070900,preverenges,PRE,202609142000,3.3,1.3,9.1,8
202609070900,preverenges,PRE,202609142100,2.6,1.1,8.7,12
202609070900,preverenges,PRE,202609142200,2.9,1.2,8.5,11
202609070900,preverenges,PRE,202609142300,2.4,1.0,7.8,12
202609070900,preverenges,PRE,202609150000,2.6,1.1,7.8,13
202609070900,preverenges,PRE,202609150100,2.4,0.9,7.6,12
202609070900,preverenges,PRE,202609150200,2.4,1.1,7.5,15
202609070900,preverenges,PRE,202609150300,2.4,1.0,7.8,11
202609070900,preverenges,PRE,202609150400,2.4,0.9,7.2,14
202609070900,preverenges,PRE,202609150500,2.2,0.9,7.2,22
202609070900,preverenges,PRE,202609150600,2.2,1.0,7.1,8
202609070900,preverenges,PRE,202609150700,2.2,1.0,7.3,31
202609070900,preverenges,PRE,202609150800,2.2,1.0,7.5,42
202609070900,preverenges,PRE,202609150900,2.5,1.1,8.7,64
202609070900,preverenges,PRE,202609151000,2.8,1.4,9.1,97
202609070900,preverenges,PRE,202609151100,3.3,1.6,9.6,118
202609070900,preverenges,PRE,202609151200,4.0,2.0,10.9,139
202609070900,preverenges,PRE,202609151300,3.9,1.8,11.2,125
202609070900,preverenges,PRE,202609151400,3.5,1.8,11.0,130
202609070900,preverenges,PRE,202609151500,3.2,1.7,11.3,105
202609070900,preverenges,PRE,202609151600,3.2,1.5,10.5,18
202609070900,preverenges,PRE,202609151700,3.1,1.4,9.9,340
202609070900,preverenges,PRE,202609151800,2.9,1.3,9.5,357
202609070900,preverenges,PRE,202609151900,2.4,1.1,9.3,14
202609070900,preverenges,PRE,202609152000,2.3,1.1,8.3,8
202609070900,preverenges,PRE,202609152100,2.3,1.0,7.4,11
202609070900,preverenges,PRE,202609152200,2.4,1.1,7.7,18
202609070900,preverenges,PRE,202609152300,2.1,0.9,7.3,6
202609070900,preverenges,PRE,202609160000,2.2,0.9,6.6,19
202609070900,bouveret,BOU,202609062200,2.6,2.6,6.4,53
202609070900,bouveret,BOU,202609062300,2.1,2.1,5.9,119
202609070900,bouveret,BOU,202609070000,1.8,1.8,3.9,147
202609070900,bouveret,BOU,202609070100,3.0,3.0,8.7,221
202609070900,bouveret,BOU,202609070200,2.4,2.4,5.9,71
202609070900,bouveret,BOU,202609070300,4.2,4.2,16.5,251
202609070900,bouveret,BOU,202609070400,6.4,6.4,16.5,92
202609070900,bouveret,BOU,202609070500,5.9,5.9,13.8,121
202609070900,bouveret,BOU,202609070600,6.6,6.6,15.9,233
202609070900,bouveret,BOU,202609070700,5.0,5.0,16.1,282
202609070900,bouveret,BOU,202609070800,6.2,6.2,17.3,222
202609070900,bouveret,BOU,202609070900,6.7,6.7,16.4,277
202609070900,bouveret,BOU,202609071000,5.1,3.6,13.7,268
202609070900,bouveret,BOU,202609071100,4.5,3.0,11.4,275
202609070900,bouveret,BOU,202609071200,3.8,2.6,9.2,283
202609070900,bouveret,BOU,202609071300,3.0,2.0,7.1,291
202609070900,bouveret,BOU,202609071400,2.3,1.2,5.1,327
202609070900,bouveret,BOU,202609071500,2.5,1.4,4.9,133
202609070900,bouveret,BOU,202609071600,2.4,1.2,4.8,130
202609070900,bouveret,BOU,202609071700,2.6,1.5,9.5,142
202609070900,bouveret,BOU,202609071800,2.6,1.5,8.8,129
202609070900,bouveret,BOU,202609071900,3.2,1.7,9.3,123
202609070900,bouveret,BOU,202609072000,3.5,1.8,8.7,120
202609070900,bouveret,BOU,202609072100,3.6,1.8,8.9,119
202609070900,bouveret,BOU,202609072200,2.9,1.5,9.2,126
202609070900,bouveret,BOU,202609072300,2.5,1.3,8.1,127
202609070900,bouveret,BOU,202609080000,2.1,1.0,6.7,132
202609070900,bouveret,BOU,202609080100,2.5,1.3,6.8,140
202609070900,bouveret,BOU,202609080200,2.6,1.3,7.5,142
202609070900,bouveret,BOU,202609080300,2.2,1.1,7.2,141
202609070900,bouveret,BOU,202609080400,2.0,1.0,6.6,126
202609070900,bouveret,BOU,202609080500,2.0,1.1,3.5,128
202609070900,bouveret,BOU,202609080600,2.2,1.1,4.3,145
202609070900,bouveret,BOU,202609080700,2.4,1.3,5.5,168
202609070900,bouveret,BOU,202609080800,2.9,1.8,4.3,303
202609070900,bouveret,BOU,202609080900,3.8,2.2,6.3,303
202609070900,bouveret,BOU,202609081000,4.4,2.6,8.5,300
202609070900,bouveret,BOU,202609081100,4.1,2.6,8.9,300
202609070900,bouveret,BOU,202609081200,3.6,2.0,7.1,299
202609070900,bouveret,BOU,202609081300,3.0,1.8,6.2,303
202609070900,bouveret,BOU,202609081400,2.9,1.7,6.6,311
202609070900,bouveret,BOU,202609081500,2.9,1.6,8.5,328
202609070900,bouveret,BOU,202609081600,2.8,1.3,9.7,50
202609070900,bouveret,BOU,202609081700,7.0,3.7,22.4,316
202609070900,bouveret,BOU,202609081800,4.3,1.9,20.8,126
202609070900,bouveret,BOU,202609081900,3.1,1.5,12.1,125
202609070900,bouveret,BOU,202609082000,2.9,1.3,10.4,129
202609070900,bouveret,BOU,202609082100,2.5,1.1,11.0,128
202609070900,bouveret,BOU,202609082200,2.5,1.2,9.9,128
202609070900,bouveret,BOU,202609082300,3.0,1.5,11.1,338
202609070900,bouveret,BOU,202609090000,4.3,2.2,13.5,326
202609070900,bouveret,BOU,202609090100,4.0,1.8,13.5,328
202609070900,bouveret,BOU,202609090200,3.8,1.9,15.0,358
202609070900,bouveret,BOU,202609090300,3.4,1.6,14.0,8
202609070900,bouveret,BOU,202609090400,3.3,1.7,11.7,110
202609070900,bouveret,BOU,202609090500,4.5,2.4,14.6,318
202609070900,bouveret,BOU,202609090600,5.9,3.0,17.0,309
202609070900,bouveret,BOU,202609090700,5.9,2.9,17.3,307
202609070900,bouveret,BOU,202609090800,5.1,2.6,16.0,311
202609070900,bouveret,BOU,202609090900,5.1,2.9,14.8,319
202609070900,bouveret,BOU,202609091000,6.6,3.9,16.0,313
202609070900,bouveret,BOU,202609091100,5.5,3.2,15.3,311
202609070900,bouveret,BOU,202609091200,5.4,3.1,13.4,307
202609070900,bouveret,BOU,202609091300,4.9,2.9,12.7,308
202609070900,bouveret,BOU,202609091400,5.2,2.8,13.4,304
202609070900,bouveret,BOU,202609091500,5.2,3.0,13.5,307
202609070900,bouveret,BOU,202609091600,5.3,3.1,12.4,305
202609070900,bouveret,BOU,202609091700,5.0,2.9,12.3,304
202609070900,bouveret,BOU,202609091800,4.6,2.6,13.0,307
202609070900,bouveret,BOU,202609091900,3.6,2.1,10.9,303
202609070900,bouveret,BOU,202609092000,3.7,2.1,10.7,293
202609070900,bouveret,BOU,202609092100,3.4,1.9,10.4,279
202609070900,bouveret,BOU,202609092200,3.1,1.6,9.2,265
202609070900,bouveret,BOU,202609092300,2.5,1.3,8.5,160
202609070900,bouveret,BOU,202609100000,2.5,1.2,7.8,149
202609070900,bouveret,BOU,202609100100,1.8,1.0,6.5,118
202609070900,bouveret,BOU,202609100200,2.0,1.0,4.9,121
202609070900,bouveret,BOU,202609100300,2.3,1.1,5.5,116
202609070900,bouveret,BOU,202609100400,2.2,1.2,4.3,130
202609070900,bouveret,BOU,202609100500,2.3,1.3,4.4,121
202609070900,bouveret,BOU,202609100600,2.4,1.2,3.8,122
202609070900,bouveret,BOU,202609100700,2.4,1.2,5.3,140
202609070900,bouveret,BOU,202609100800,2.4,1.4,7.6,295
202609070900,bouveret,BOU,202609100900,3.2,1.8,8.5,304
202609070900,bouveret,BOU,202609101000,3.6,2.0,9.4,298
202609070900,bouveret,BOU,202609101100,3.8,2.3,9.8,299
202609070900,bouveret,BOU,202609101200,4.4,2.8,10.3,298
202609070900,bouveret,BOU,202609101300,4.9,3.0,11.8,297
202609070900,bouveret,BOU,202609101400,6.0,3.6,12.9,300
202609070900,bouveret,BOU,202609101500,6.1,3.7,13.2,300
202609070900,bouveret,BOU,202609101600,4.9,3.0,12.3,300
202609070900,bouveret,BOU,202609101700,4.0,2.4,11.3,296
202609070900,bouveret,BOU,202609101800,3.3,1.8,8.9,275
202609070900,bouveret,BOU,202609101900,2.5,1.4,8.7,203
202609070900,bouveret,BOU,202609102000,2.4,1.4,7.5,155
202609070900,bouveret,BOU,202609102100,2.2,1.1,5.5,137
202609070900,bouveret,BOU,202609102200,2.2,1.2,4.5,133
202609070900,bouveret,BOU,202609102300,2.1,1.1,4.0,134
202609070900,bouveret,BOU,202609110000,1.9,1.0,4.8,120
202609070900,bouveret,BOU,202609110100,2.1,1.1,4.6,128
202609070900,bouveret,BOU,202609110200,2.0,1.0,4.9,122
202609070900,bouveret,BOU,202609110300,2.0,1.1,4.1,123
202609070900,bouveret,BOU,202609110400,1.9,1.0,4.2,118
202609070900,bouveret,BOU,202609110500,2.0,1.0,4.2,130
202609070900,bouveret,BOU,202609110600,2.1,1.1,4.4,123
202609070900,bouveret,BOU,202609110700,2.1,1.1,5.1,131
202609070900,bouveret,BOU,202609110800,2.1,1.1,5.6,305
202609070900,bouveret,BOU,202609110900,3.1,1.7,8.7,306
202609070900,bouveret,BOU,202609111000,3.4,2.1,8.8,300
202609070900,bouveret,BOU,202609111100,3.6,2.1,9.2,304
202609070900,bouveret,BOU,202609111200,4.1,2.6,9.9,305
202609070900,bouveret,BOU,202609111300,3.6,2.2,9.4,295
202609070900,bouveret,BOU,202609111400,3.3,1.9,9.7,300
202609070900,bouveret,BOU,202609111500,3.5,2.0,9.5,296
202609070900,bouveret,BOU,202609111600,3.7,1.9,10.0,299
202609070900,bouveret,BOU,202609111700,3.9,2.2,10.5,299
202609070900,bouveret,BOU,202609111800,3.6,1.9,10.9,296
202609070900,bouveret,BOU,202609111900,3.2,1.8,9.8,287
202609070900,bouveret,BOU,202609112000,2.9,1.6,9.4,246
202609070900,bouveret,BOU,202609112100,2.6,1.4,8.5,210
202609070900,bouveret,BOU,202609112200,2.3,1.1,6.7,133
202609070900,bouveret,BOU,202609112300,2.3,1.2,6.0,130
202609070900,bouveret,BOU,202609120000,2.1,1.0,4.3,129
202609070900,bouveret,BOU,202609120100,1.5,0.6,6.0,108
202609070900,bouveret,BOU,202609120200,1.7,0.7,5.2,106
202609070900,bouveret,BOU,202609120300,1.6,0.7,5.9,113
202609070900,bouveret,BOU,202609120400,1.8,0.8,5.6,115
202609070900,bouveret,BOU,202609120500,1.9,0.9,4.5,121
202609070900,bouveret,BOU,202609120600,1.9,0.9,6.3,122
202609070900,bouveret,BOU,202609120700,1.7,0.8,7.0,124
202609070900,bouveret,BOU,202609120800,1.7,0.8,7.5,271
202609070900,bouveret,BOU,202609120900,2.6,1.3,8.2,299
202609070900,bouveret,BOU,202609121000,2.8,1.4,8.9,294
202609070900,bouveret,BOU,202609121100,3.3,1.6,9.8,302
202609070900,bouveret,BOU,202609121200,3.8,1.9,11.5,300
202609070900,bouveret,BOU,202609121300,4.1,2.0,11.5,304
202609070900,bouveret,BOU,202609121400,3.8,1.9,11.9,305
202609070900,bouveret,BOU,202609121500,4.2,2.1,10.5,310
202609070900,bouveret,BOU,202609121600,3.2,1.6,10.7,308
202609070900,bouveret,BOU,202609121700,2.8,1.5,10.2,306
202609070900,bouveret,BOU,202609121800,2.5,1.2,8.9,346
202609070900,bouveret,BOU,202609121900,2.2,1.1,8.4,49
202609070900,bouveret,BOU,202609122000,2.1,1.0,8.0,96
202609070900,bouveret,BOU,202609122100,2.0,0.9,6.5,107
202609070900,bouveret,BOU,202609122200,1.9,0.7,6.1,104
202609070900,bouveret,BOU,202609122300,1.9,0.6,6.0,109
202609070900,bouveret,BOU,202609130000,1.7,0.8,6.0,114
202609070900,bouveret,BOU,202609130100,1.7,0.8,5.9,110
202609070900,bouveret,BOU,202609130200,1.7,0.7,6.0,109
202609070900,bouveret,BOU,202609130300,1.9,0.8,5.8,112
202609070900,bouveret,BOU,202609130400,1.8,0.7,5.9,107
202609070900,bouveret,BOU,202609130500,1.8,0.9,6.2,116
202609070900,bouveret,BOU,202609130600,1.9,0.8,6.7,122
202609070900,bouveret,BOU,202609130700,1.9,0.8,6.7,123
202609070900,bouveret,BOU,202609130800,1.9,0.9,7.3,135
202609070900,bouveret,BOU,202609130900,2.1,0.9,7.9,265
202609070900,bouveret,BOU,202609131000,2.4,1.2,8.8,303
202609070900,bouveret,BOU,202609131100,2.9,1.6,9.4,305
202609070900,bouveret,BOU,202609131200,3.6,1.9,9.7,301
202609070900,bouveret,BOU,202609131300,3.7,1.9,10.4,298
202609070900,bouveret,BOU,202609131400,3.2,1.6,10.1,290
202609070900,bouveret,BOU,202609131500,2.9,1.5,10.5,308
202609070900,bouveret,BOU,202609131600,2.8,1.5,10.6,293
202609070900,bouveret,BOU,202609131700,2.6,1.3,9.7,343
202609070900,bouveret,BOU,202609131800,2.5,1.2,9.6,168
202609070900,bouveret,BOU,202609131900,2.4,1.1,9.2,106
202609070900,bouveret,BOU,202609132000,2.3,1.1,8.4,97
202609070900,bouveret,BOU,202609132100,1.9,0.9,8.2,110
202609070900,bouveret,BOU,202609132200,1.9,0.9,6.6,109
202609070900,bouveret,BOU,202609132300,1.7,0.8,7.2,114
202609070900,bouveret,BOU,202609140000,1.9,0.8,6.5,104
202609070900,bouveret,BOU,202609140100,1.7,0.7,6.4,110
202609070900,bouveret,BOU,202609140200,2.0,0.8,6.6,117
202609070900,bouveret,BOU,202609140300,1.8,0.8,5.9,115
202609070900,bouveret,BOU,202609140400,2.0,0.8,6.3,119
202609070900,bouveret,BOU,202609140500,1.9,0.9,6.1,122
202609070900,bouveret,BOU,202609140600,2.0,0.9,6.7,119
202609070900,bouveret,BOU,202609140700,1.9,0.9,7.6,122
202609070900,bouveret,BOU,202609140800,1.7,0.8,7.7,131
202609070900,bouveret,BOU,202609140900,1.9,0.9,8.0,205
202609070900,bouveret,BOU,202609141000,2.4,1.2,9.0,290
202609070900,bouveret,BOU,202609141100,3.0,1.6,9.8,294
202609070900,bouveret,BOU,202609141200,3.6,1.8,10.4,292
202609070900,bouveret,BOU,202609141300,3.8,2.1,10.7,297
202609070900,bouveret,BOU,202609141400,3.8,1.8,11.3,298
202609070900,bouveret,BOU,202609141500,3.3,1.7,10.3,289
202609070900,bouveret,BOU,202609141600,3.0,1.5,10.6,298
202609070900,bouveret,BOU,202609141700,2.5,1.2,10.5,311
202609070900,bouveret,BOU,202609141800,2.4,1.1,9.2,296
202609070900,bouveret,BOU,202609141900,2.3,1.0,8.9,94
202609070900,bouveret,BOU,202609142000,2.3,1.0,8.7,110
202609070900,bouveret,BOU,202609142100,2.1,0.8,7.8,102
202609070900,bouveret,BOU,202609142200,2.1,0.8,7.5,98
202609070900,bouveret,BOU,202609142300,1.8,0.8,7.5,113
202609070900,bouveret,BOU,202609150000,1.8,0.8,6.2,98
202609070900,bouveret,BOU,202609150100,2.0,0.8,6.3,108
202609070900,bouveret,BOU,202609150200,2.1,0.8,6.5,115
202609070900,bouveret,BOU,202609150300,1.9,0.8,6.8,105
202609070900,bouveret,BOU,202609150400,1.8,0.8,5.9,115
202609070900,bouveret,BOU,202609150500,2.0,0.9,6.4,107
202609070900,bouveret,BOU,202609150600,2.1,0.9,6.0,112
202609070900,bouveret,BOU,202609150700,1.7,0.8,7.1,127
202609070900,bouveret,BOU,202609150800,1.8,0.9,7.4,127
202609070900,bouveret,BOU,202609150900,2.1,1.0,8.3,263
202609070900,bouveret,BOU,202609151000,2.3,1.1,8.7,278
202609070900,bouveret,BOU,202609151100,3.0,1.5,9.1,297
202609070900,bouveret,BOU,202609151200,3.8,1.9,9.6,292
202609070900,bouveret,BOU,202609151300,3.3,1.8,11.1,304
202609070900,bouveret,BOU,202609151400,3.1,1.8,10.9,296
202609070900,bouveret,BOU,202609151500,3.0,1.5,11.0,292
202609070900,bouveret,BOU,202609151600,2.8,1.4,9.8,307
202609070900,bouveret,BOU,202609151700,2.8,1.3,10.2,227
202609070900,bouveret,BOU,202609151800,2.6,1.3,9.9,275
202609070900,bouveret,BOU,202609151900,2.3,1.1,8.6,100
202609070900,bouveret,BOU,202609152000,2.1,1.0,8.4,121
202609070900,bouveret,BOU,202609152100,2.1,0.9,7.8,113
202609070900,bouveret,BOU,202609152200,2.1,0.9,8.0,110
202609070900,bouveret,BOU,202609152300,1.9,0.8,7.3,107
202609070900,bouveret,BOU,202609160000,1.8,0.8,7.0,108
202609070900,joux,CHB,202609062200,1.2,1.2,2.9,276
202609070900,joux,CHB,202609062300,1.4,1.4,2.7,277
202609070900,joux,CHB,202609070000,1.2,1.2,2.7,283
202609070900,joux,CHB,202609070100,1.2,1.2,2.5,283
202609070900,joux,CHB,202609070200,1.5,1.5,8.7,265
202609070900,joux,CHB,202609070300,3.0,3.0,8.7,329
202609070900,joux,CHB,202609070400,2.8,2.8,7.2,295
202609070900,joux,CHB,202609070500,2.2,2.2,4.9,295
202609070900,joux,CHB,202609070600,2.2,2.2,5.6,294
202609070900,joux,CHB,202609070700,2.1,2.1,5.6,206
202609070900,joux,CHB,202609070800,1.3,1.3,4.5,108
202609070900,joux,CHB,202609070900,3.8,3.8,6.2,109
202609070900,joux,CHB,202609071000,5.7,3.6,9.2,137
202609070900,joux,CHB,202609071100,6.2,4.3,11.8,185
202609070900,joux,CHB,202609071200,6.9,4.8,13.9,224
202609070900,joux,CHB,202609071300,7.7,5.8,15.2,242
202609070900,joux,CHB,202609071400,8.5,6.6,16.4,257
202609070900,joux,CHB,202609071500,5.9,4.0,17.1,254
202609070900,joux,CHB,202609071600,5.1,3.5,16.3,257
202609070900,joux,CHB,202609071700,3.1,1.9,12.5,264
202609070900,joux,CHB,202609071800,2.2,1.2,6.0,285
202609070900,joux,CHB,202609071900,2.4,1.3,6.3,264
202609070900,joux,CHB,202609072000,2.1,1.1,3.7,251
202609070900,joux,CHB,202609072100,2.2,1.0,3.8,250
202609070900,joux,CHB,202609072200,2.2,1.1,3.9,248
202609070900,joux,CHB,202609072300,2.1,1.2,3.9,244
202609070900,joux,CHB,202609080000,2.1,1.1,4.4,249
202609070900,joux,CHB,202609080100,2.4,1.3,7.2,244
202609070900,joux,CHB,202609080200,2.6,1.3,8.4,245
202609070900,joux,CHB,202609080300,2.8,1.5,9.2,244
202609070900,joux,CHB,202609080400,3.3,1.7,9.7,242
202609070900,joux,CHB,202609080500,3.3,1.8,10.2,240
202609070900,joux,CHB,202609080600,3.6,1.9,11.9,233
202609070900,joux,CHB,202609080700,5.2,3.0,13.9,226
202609070900,joux,CHB,202609080800,7.0,4.4,17.6,222
202609070900,joux,CHB,202609080900,8.0,5.3,20.2,226
202609070900,joux,CHB,202609081000,8.7,5.9,21.2,229
202609070900,joux,CHB,202609081100,9.1,6.0,21.4,227
202609070900,joux,CHB,202609081200,8.9,6.5,22.4,228
202609070900,joux,CHB,202609081300,8.7,5.7,22.5,228
202609070900,joux,CHB,202609081400,8.5,5.7,22.0,232
202609070900,joux,CHB,202609081500,7.3,4.9,22.4,240
202609070900,joux,CHB,202609081600,8.3,4.6,23.2,243
202609070900,joux,CHB,202609081700,6.6,3.5,26.6,246
202609070900,joux,CHB,202609081800,5.0,2.7,20.0,236
202609070900,joux,CHB,202609081900,4.8,2.5,16.8,235
202609070900,joux,CHB,202609082000,4.9,2.6,15.6,235
202609070900,joux,CHB,202609082100,4.8,2.7,16.3,238
202609070900,joux,CHB,202609082200,5.0,2.5,15.0,241
202609070900,joux,CHB,202609082300,4.9,2.6,15.6,237
202609070900,joux,CHB,202609090000,4.1,2.1,14.8,237
202609070900,joux,CHB,202609090100,4.9,2.4,14.9,237
202609070900,joux,CHB,202609090200,4.4,2.3,14.7,236
202609070900,joux,CHB,202609090300,4.7,2.5,14.0,237
202609070900,joux,CHB,202609090400,4.2,2.2,15.4,242
202609070900,joux,CHB,202609090500,4.7,2.3,16.0,250
202609070900,joux,CHB,202609090600,4.8,2.4,15.0,249
202609070900,joux,CHB,202609090700,4.8,2.8,14.8,250
202609070900,joux,CHB,202609090800,5.2,3.1,15.8,255
202609070900,joux,CHB,202609090900,5.1,3.0,15.7,261
202609070900,joux,CHB,202609091000,5.0,2.9,15.1,268
202609070900,joux,CHB,202609091100,5.3,2.9,16.0,270
202609070900,joux,CHB,202609091200,5.6,3.3,15.7,278
202609070900,joux,CHB,202609091300,5.3,3.0,16.4,282
202609070900,joux,CHB,202609091400,5.6,3.5,16.6,280
202609070900,joux,CHB,202609091500,5.6,3.2,15.5,298
202609070900,joux,CHB,202609091600,5.1,3.2,15.8,315
202609070900,joux,CHB,202609091700,4.8,2.8,15.4,324
202609070900,joux,CHB,202609091800,3.2,1.8,12.8,343
202609070900,joux,CHB,202609091900,3.0,1.7,10.9,357
202609070900,joux,CHB,202609092000,2.9,1.5,11.0,358
202609070900,joux,CHB,202609092100,2.8,1.5,11.4,8
202609070900,joux,CHB,202609092200,2.9,1.4,10.8,17
202609070900,joux,CHB,202609092300,2.6,1.4,10.7,25
202609070900,joux,CHB,202609100000,2.6,1.3,11.5,27
202609070900,joux,CHB,202609100100,2.5,1.2,11.2,33
202609070900,joux,CHB,202609100200,2.8,1.4,10.8,34
202609070900,joux,CHB,202609100300,3.1,1.7,12.0,41
202609070900,joux,CHB,202609100400,2.9,1.3,13.0,46
202609070900,joux,CHB,202609100500,2.9,1.5,11.9,49
202609070900,joux,CHB,202609100600,3.1,1.6,11.7,53
202609070900,joux,CHB,202609100700,4.1,2.2,14.8,57
202609070900,joux,CHB,202609100800,4.6,2.7,16.3,63
202609070900,joux,CHB,202609100900,5.5,2.9,16.4,64
202609070900,joux,CHB,202609101000,5.2,2.9,16.1,69
202609070900,joux,CHB,202609101100,5.0,2.8,15.7,66
202609070900,joux,CHB,202609101200,5.0,2.8,13.9,61
202609070900,joux,CHB,202609101300,4.6,2.8,14.1,61
202609070900,joux,CHB,202609101400,4.9,2.9,13.2,64
202609070900,joux,CHB,202609101500,4.9,2.9,13.3,54
202609070900,joux,CHB,202609101600,5.0,3.2,14.1,53
202609070900,joux,CHB,202609101700,4.0,2.2,12.3,53
202609070900,joux,CHB,202609101800,2.5,1.4,10.6,40
202609070900,joux,CHB,202609101900,2.4,1.2,9.8,37
202609070900,joux,CHB,202609102000,2.1,1.1,9.8,37
202609070900,joux,CHB,202609102100,1.9,0.9,8.7,34
202609070900,joux,CHB,202609102200,1.9,0.9,7.9,18
202609070900,joux,CHB,202609102300,2.0,1.0,8.4,319
202609070900,joux,CHB,202609110000,1.9,1.0,7.2,264
202609070900,joux,CHB,202609110100,1.8,0.9,7.7,253
202609070900,joux,CHB,202609110200,2.1,1.1,7.1,247
202609070900,joux,CHB,202609110300,2.0,1.0,5.3,242
202609070900,joux,CHB,202609110400,1.9,1.0,5.0,247
202609070900,joux,CHB,202609110500,2.1,1.0,4.5,242
202609070900,joux,CHB,202609110600,2.3,1.2,5.3,238
202609070900,joux,CHB,202609110700,2.2,1.1,8.3,229
202609070900,joux,CHB,202609110800,2.5,1.3,9.1,210
202609070900,joux,CHB,202609110900,3.0,1.7,10.0,272
202609070900,joux,CHB,202609111000,3.2,1.9,11.1,269
202609070900,joux,CHB,202609111100,3.8,2.3,12.3,273
202609070900,joux,CHB,202609111200,4.0,2.5,13.2,262
202609070900,joux,CHB,202609111300,4.4,2.7,13.0,285
202609070900,joux,CHB,202609111400,4.8,2.8,13.7,293
202609070900,joux,CHB,202609111500,5.0,3.1,14.6,307
202609070900,joux,CHB,202609111600,4.5,2.9,14.5,302
202609070900,joux,CHB,202609111700,3.7,2.3,14.3,312
202609070900,joux,CHB,202609111800,2.9,1.6,11.7,312
202609070900,joux,CHB,202609111900,2.3,1.3,10.1,301
202609070900,joux,CHB,202609112000,2.3,1.3,9.6,290
202609070900,joux,CHB,202609112100,2.3,1.1,8.8,297
202609070900,joux,CHB,202609112200,2.2,1.1,8.2,303
202609070900,joux,CHB,202609112300,1.8,1.0,8.1,309
202609070900,joux,CHB,202609120000,1.8,1.0,7.3,319
202609070900,joux,CHB,202609120100,1.6,0.6,6.0,28
202609070900,joux,CHB,202609120200,1.7,0.7,6.4,13
202609070900,joux,CHB,202609120300,1.6,0.7,6.6,29
202609070900,joux,CHB,202609120400,1.6,0.6,6.2,34
202609070900,joux,CHB,202609120500,1.7,0.8,6.5,44
202609070900,joux,CHB,202609120600,1.9,0.8,7.0,51
202609070900,joux,CHB,202609120700,2.3,0.9,7.3,45
202609070900,joux,CHB,202609120800,2.7,1.1,8.5,50
202609070900,joux,CHB,202609120900,3.4,1.6,9.4,50
202609070900,joux,CHB,202609121000,3.6,1.6,9.8,49
202609070900,joux,CHB,202609121100,3.8,1.7,10.0,50
202609070900,joux,CHB,202609121200,3.8,1.7,10.9,39
202609070900,joux,CHB,202609121300,4.0,1.9,11.0,38
202609070900,joux,CHB,202609121400,4.7,2.2,11.6,36
202609070900,joux,CHB,202609121500,4.4,2.1,11.8,37
202609070900,joux,CHB,202609121600,4.0,1.9,11.3,36
202609070900,joux,CHB,202609121700,3.3,1.6,10.6,23
202609070900,joux,CHB,202609121800,2.8,1.1,10.3,30
202609070900,joux,CHB,202609121900,2.4,1.1,8.7,37
202609070900,joux,CHB,202609122000,2.0,0.9,7.9,27
202609070900,joux,CHB,202609122100,1.7,0.8,6.6,46
202609070900,joux,CHB,202609122200,1.8,0.8,6.1,34
202609070900,joux,CHB,202609122300,1.6,0.6,5.7,35
202609070900,joux,CHB,202609130000,1.5,0.6,5.8,43
202609070900,joux,CHB,202609130100,1.6,0.6,5.0,355
202609070900,joux,CHB,202609130200,1.3,0.5,6.2,321
202609070900,joux,CHB,202609130300,1.6,0.8,4.8,244
202609070900,joux,CHB,202609130400,1.3,0.5,6.2,203
202609070900,joux,CHB,202609130500,1.6,0.7,5.8,229
202609070900,joux,CHB,202609130600,1.7,0.7,5.6,237
202609070900,joux,CHB,202609130700,1.8,0.8,6.9,229
202609070900,joux,CHB,202609130800,2.1,0.9,7.1,161
202609070900,joux,CHB,202609130900,2.4,1.1,8.0,107
202609070900,joux,CHB,202609131000,2.6,1.3,9.1,74
202609070900,joux,CHB,202609131100,2.9,1.4,9.7,53
202609070900,joux,CHB,202609131200,3.2,1.5,9.7,48
202609070900,joux,CHB,202609131300,3.4,1.5,9.7,326
202609070900,joux,CHB,202609131400,3.4,1.7,10.9,33
202609070900,joux,CHB,202609131500,3.5,1.6,11.4,348
202609070900,joux,CHB,202609131600,3.0,1.5,10.7,323
202609070900,joux,CHB,202609131700,2.8,1.3,10.4,295
202609070900,joux,CHB,202609131800,2.7,1.2,9.2,296
202609070900,joux,CHB,202609131900,2.4,1.1,9.1,302
202609070900,joux,CHB,202609132000,2.2,1.0,8.4,291
202609070900,joux,CHB,202609132100,1.9,0.8,8.4,307
202609070900,joux,CHB,202609132200,1.6,0.7,7.3,285
202609070900,joux,CHB,202609132300,1.7,0.6,7.1,276
202609070900,joux,CHB,202609140000,1.8,0.6,6.5,278
202609070900,joux,CHB,202609140100,1.7,0.6,5.8,341
202609070900,joux,CHB,202609140200,1.8,0.8,6.6,306
202609070900,joux,CHB,202609140300,1.7,0.6,5.1,320
202609070900,joux,CHB,202609140400,1.5,0.6,6.2,86
202609070900,joux,CHB,202609140500,1.7,0.7,6.4,9
202609070900,joux,CHB,202609140600,1.7,0.7,6.5,38
202609070900,joux,CHB,202609140700,1.9,0.9,6.4,53
202609070900,joux,CHB,202609140800,2.3,1.0,7.7,57
202609070900,joux,CHB,202609140900,2.5,1.1,7.9,44
202609070900,joux,CHB,202609141000,2.9,1.3,9.1,55
202609070900,joux,CHB,202609141100,2.9,1.4,9.7,48
202609070900,joux,CHB,202609141200,3.6,1.8,10.5,53
202609070900,joux,CHB,202609141300,3.7,1.7,11.0,44
202609070900,joux,CHB,202609141400,3.4,1.8,11.3,44
202609070900,joux,CHB,202609141500,3.3,1.8,11.4,36
202609070900,joux,CHB,202609141600,2.8,1.2,10.6,28
202609070900,joux,CHB,202609141700,2.8,1.3,10.3,31
202609070900,joux,CHB,202609141800,2.6,1.1,10.2,32
202609070900,joux,CHB,202609141900,2.1,1.0,8.2,39
202609070900,joux,CHB,202609142000,1.9,0.9,7.8,34
202609070900,joux,CHB,202609142100,1.8,0.8,7.2,33
202609070900,joux,CHB,202609142200,1.8,0.8,7.3,8
202609070900,joux,CHB,202609142300,1.5,0.6,6.5,358
202609070900,joux,CHB,202609150000,1.6,0.8,6.2,256
202609070900,joux,CHB,202609150100,1.4,0.6,6.0,236
202609070900,joux,CHB,202609150200,1.6,0.6,6.3,222
202609070900,joux,CHB,202609150300,1.6,0.6,6.0,220
202609070900,joux,CHB,202609150400,1.7,0.7,6.2,234
202609070900,joux,CHB,202609150500,1.6,0.7,6.5,217
202609070900,joux,CHB,202609150600,1.7,0.8,6.2,212
202609070900,joux,CHB,202609150700,1.8,0.8,6.7,212
202609070900,joux,CHB,202609150800,2.1,0.9,7.9,212
202609070900,joux,CHB,202609150900,2.3,1.1,8.2,208
202609070900,joux,CHB,202609151000,2.9,1.3,8.9,232
202609070900,joux,CHB,202609151100,3.3,1.5,10.5,293
202609070900,joux,CHB,202609151200,3.7,1.9,10.9,24
202609070900,joux,CHB,202609151300,3.6,1.6,10.5,82
202609070900,joux,CHB,202609151400,3.6,1.7,10.4,323
202609070900,joux,CHB,202609151500,3.6,1.7,11.1,318
202609070900,joux,CHB,202609151600,3.3,1.5,10.7,282
202609070900,joux,CHB,202609151700,2.9,1.4,10.4,269
202609070900,joux,CHB,202609151800,3.0,1.5,10.2,274
202609070900,joux,CHB,202609151900,2.4,1.0,8.7,268
202609070900,joux,CHB,202609152000,2.2,1.0,8.0,288
202609070900,joux,CHB,202609152100,2.1,0.9,8.3,277
202609070900,joux,CHB,202609152200,1.9,0.8,7.6,281
202609070900,joux,CHB,202609152300,1.9,0.8,7.4,259
202609070900,joux,CHB,202609160000,1.8,0.7,7.0,256
202609080900,cologny,GVE,202609072200,1.7,1.7,3.9,298
202609080900,cologny,GVE,202609072300,1.9,1.9,3.5,102
202609080900,cologny,GVE,202609080000,2.2,2.2,4.0,180
202609080900,cologny,GVE,202609080100,1.7,1.7,3.2,60
202609080900,cologny,GVE,202609080200,0.9,0.9,4.8,48
202609080900,cologny,GVE,202609080300,1.4,1.4,4.5,22
202609080900,cologny,GVE,202609080400,1.0,1.0,2.4,74
202609080900,cologny,GVE,202609080500,1.1,1.1,3.2,57
202609080900,cologny,GVE,202609080600,1.3,1.3,2.9,91
202609080900,cologny,GVE,202609080700,1.8,1.8,3.7,344
202609080900,cologny,GVE,202609080800,1.3,1.3,5.0,162
202609080900,cologny,GVE,202609080900,3.2,3.2,5.2,160
202609080900,cologny,GVE,202609081000,6.2,4.2,9.2,227
202609080900,cologny,GVE,202609081100,8.5,5.6,13.0,215
202609080900,cologny,GVE,202609081200,10.8,8.1,17.2,209
202609080900,cologny,GVE,202609081300,12.9,10.0,22.1,205
202609080900,cologny,GVE,202609081400,15.0,11.8,26.9,203
202609080900,cologny,GVE,202609081500,8.6,5.1,28.3,226
202609080900,cologny,GVE,202609081600,9.2,5.9,25.3,233
202609080900,cologny,GVE,202609081700,7.7,4.3,19.8,234
202609080900,cologny,GVE,202609081800,6.8,3.8,18.8,232
202609080900,cologny,GVE,202609081900,6.0,3.4,14.9,236
202609080900,cologny,GVE,202609082000,5.7,2.9,14.0,225
202609080900,cologny,GVE,202609082100,4.9,2.4,14.4,230
202609080900,cologny,GVE,202609082200,4.4,2.3,12.2,227
202609080900,cologny,GVE,202609082300,4.6,2.2,12.3,223
202609080900,cologny,GVE,202609090000,4.4,2.2,11.5,215
202609080900,cologny,GVE,202609090100,4.7,2.5,11.6,221
202609080900,cologny,GVE,202609090200,4.5,2.2,10.7,214
202609080900,cologny,GVE,202609090300,4.4,2.2,11.2,211
202609080900,cologny,GVE,202609090400,4.5,2.4,10.4,207
202609080900,cologny,GVE,202609090500,4.3,2.4,10.7,217
202609080900,cologny,GVE,202609090600,3.8,2.2,9.6,210
202609080900,cologny,GVE,202609090700,3.2,1.7,9.4,221
202609080900,cologny,GVE,202609090800,3.4,1.7,9.2,206
202609080900,cologny,GVE,202609090900,3.0,1.6,8.6,216
202609080900,cologny,GVE,202609091000,2.9,1.7,7.8,211
202609080900,cologny,GVE,202609091100,3.3,2.1,8.5,221
202609080900,cologny,GVE,202609091200,3.2,1.9,8.5,219
202609080900,cologny,GVE,202609091300,3.1,1.9,9.3,288
202609080900,cologny,GVE,202609091400,3.8,2.3,9.7,350
202609080900,cologny,GVE,202609091500,4.3,2.5,9.7,1
202609080900,cologny,GVE,202609091600,4.8,2.8,10.0,29
202609080900,cologny,GVE,202609091700,5.1,2.9,11.6,38
202609080900,cologny,GVE,202609091800,4.4,2.5,11.5,31
202609080900,cologny,GVE,202609091900,4.4,2.3,10.4,37
202609080900,cologny,GVE,202609092000,4.9,2.6,12.4,33
202609080900,cologny,GVE,202609092100,5.6,3.2,13.1,34
202609080900,cologny,GVE,202609092200,5.7,3.1,12.6,33
202609080900,cologny,GVE,202609092300,5.5,3.1,12.2,36
202609080900,cologny,GVE,202609100000,5.2,2.8,13.0,36
202609080900,cologny,GVE,202609100100,5.0,2.6,12.4,38
202609080900,cologny,GVE,202609100200,5.3,3.1,12.4,44
202609080900,cologny,GVE,202609100300,4.9,2.6,12.4,45
202609080900,cologny,GVE,202609100400,5.0,2.8,10.9,47
202609080900,cologny,GVE,202609100500,4.4,2.4,11.2,50
202609080900,cologny,GVE,202609100600,4.6,2.4,10.2,52
202609080900,cologny,GVE,202609100700,5.5,3.3,13.1,51
202609080900,cologny,GVE,202609100800,8.4,4.8,18.4,41
202609080900,cologny,GVE,202609100900,9.0,5.2,19.2,39
202609080900,cologny,GVE,202609101000,9.8,6.0,20.0,39
202609080900,cologny,GVE,202609101100,8.7,5.3,19.7,35
202609080900,cologny,GVE,202609101200,8.9,5.3,18.3,37
202609080900,cologny,GVE,202609101300,8.6,5.2,19.1,37
202609080900,cologny,GVE,202609101400,8.4,4.9,18.0,35
202609080900,cologny,GVE,202609101500,7.8,4.8,17.1,35
202609080900,cologny,GVE,202609101600,7.6,4.6,15.6,31
202609080900,cologny,GVE,202609101700,7.0,4.0,14.4,28
202609080900,cologny,GVE,202609101800,5.1,2.9,10.9,28
202609080900,cologny,GVE,202609101900,4.1,2.2,9.0,30
202609080900,cologny,GVE,202609102000,2.9,1.6,8.8,36
202609080900,cologny,GVE,202609102100,2.5,1.3,7.1,45
202609080900,cologny,GVE,202609102200,1.8,0.9,5.3,67
202609080900,cologny,GVE,202609102300,1.8,0.8,3.4,87
202609080900,cologny,GVE,202609110000,1.8,0.9,3.1,86
202609080900,cologny,GVE,202609110100,1.8,0.9,3.2,96
202609080900,cologny,GVE,202609110200,1.7,0.9,2.6,108
202609080900,cologny,GVE,202609110300,1.5,0.9,2.5,103
202609080900,cologny,GVE,202609110400,1.6,0.8,2.5,109
202609080900,cologny,GVE,202609110500,1.6,0.8,2.2,103
202609080900,cologny,GVE,202609110600,1.7,0.9,2.4,119
202609080900,cologny,GVE,202609110700,1.7,0.9,2.4,131
202609080900,cologny,GVE,202609110800,1.8,0.9,3.2,142
202609080900,cologny,GVE,202609110900,2.2,1.1,5.5,39
202609080900,cologny,GVE,202609111000,2.5,1.4,7.9,357
202609080900,cologny,GVE,202609111100,2.9,1.7,8.0,15
202609080900,cologny,GVE,202609111200,3.3,2.0,8.9,9
202609080900,cologny,GVE,202609111300,3.7,2.2,9.9,27
202609080900,cologny,GVE,202609111400,4.1,2.3,10.1,16
202609080900,cologny,GVE,202609111500,4.1,2.3,10.3,16
202609080900,cologny,GVE,202609111600,4.2,2.4,10.9,20
202609080900,cologny,GVE,202609111700,4.2,2.3,10.0,24
202609080900,cologny,GVE,202609111800,3.5,1.9,9.1,19
202609080900,cologny,GVE,202609111900,2.8,1.5,8.7,36
202609080900,cologny,GVE,202609112000,2.9,1.6,7.4,53
202609080900,cologny,GVE,202609112100,2.5,1.3,7.6,56
202609080900,cologny,GVE,202609112200,2.3,1.3,7.7,49
202609080900,cologny,GVE,202609112300,2.1,1.0,5.6,57
202609080900,cologny,GVE,202609120000,2.0,1.0,5.2,62
202609080900,cologny,GVE,202609120100,1.7,0.9,5.0,63
202609080900,cologny,GVE,202609120200,1.7,0.8,4.4,67
202609080900,cologny,GVE,202609120300,2.0,1.0,3.7,69
202609080900,cologny,GVE,202609120400,1.8,1.0,4.3,72
202609080900,cologny,GVE,202609120500,1.9,1.0,3.6,69
202609080900,cologny,GVE,202609120600,2.2,1.1,5.5,65
202609080900,cologny,GVE,202609120700,2.8,1.2,7.9,53
202609080900,cologny,GVE,202609120800,3.5,1.7,8.9,30
202609080900,cologny,GVE,202609120900,4.6,2.3,12.2,31
202609080900,cologny,GVE,202609121000,6.5,3.6,14.1,32
202609080900,cologny,GVE,202609121100,6.8,3.8,16.0,34
202609080900,cologny,GVE,202609121200,7.2,4.4,15.4,33
202609080900,cologny,GVE,202609121300,7.1,4.0,16.1,38
202609080900,cologny,GVE,202609121400,7.1,4.0,16.1,37
202609080900,cologny,GVE,202609121500,7.6,4.5,16.3,34
202609080900,cologny,GVE,202609121600,6.5,3.7,15.0,37
202609080900,cologny,GVE,202609121700,5.2,3.1,15.0,34
202609080900,cologny,GVE,202609121800,4.0,2.2,11.2,27
202609080900,cologny,GVE,202609121900,3.6,1.6,10.0,40
202609080900,cologny,GVE,202609122000,3.2,1.6,9.0,47
202609080900,cologny,GVE,202609122100,3.1,1.5,8.7,62
202609080900,cologny,GVE,202609122200,2.9,1.4,8.1,69
202609080900,cologny,GVE,202609122300,2.7,1.2,7.0,77
202609080900,cologny,GVE,202609130000,2.2,1.1,6.2,82
202609080900,cologny,GVE,202609130100,1.2,0.6,4.3,115
202609080900,cologny,GVE,202609130200,1.5,0.6,4.5,144
202609080900,cologny,GVE,202609130300,1.4,0.6,3.8,148
202609080900,cologny,GVE,202609130400,1.5,0.7,4.5,134
202609080900,cologny,GVE,202609130500,1.6,0.8,4.2,147
202609080900,cologny,GVE,202609130600,1.5,0.6,5.6,119
202609080900,cologny,GVE,202609130700,1.5,0.7,5.9,110
202609080900,cologny,GVE,202609130800,1.7,0.7,7.1,58
202609080900,cologny,GVE,202609130900,2.1,1.0,7.6,74
202609080900,cologny,GVE,202609131000,2.7,1.2,8.0,41
202609080900,cologny,GVE,202609131100,2.6,1.3,8.3,59
202609080900,cologny,GVE,202609131200,3.0,1.3,9.8,57
202609080900,cologny,GVE,202609131300,3.2,1.5,9.4,40
202609080900,cologny,GVE,202609131400,3.3,1.6,9.6,51
202609080900,cologny,GVE,202609131500,3.1,1.5,9.8,53
202609080900,cologny,GVE,202609131600,3.0,1.4,9.6,57
202609080900,cologny,GVE,202609131700,2.6,1.5,8.7,56
202609080900,cologny,GVE,202609131800,2.5,1.2,8.5,61
202609080900,cologny,GVE,202609131900,1.9,0.9,7.5,51
202609080900,cologny,GVE,202609132000,2.1,1.0,6.4,23
202609080900,cologny,GVE,202609132100,1.8,0.7,6.1,93
202609080900,cologny,GVE,202609132200,1.5,0.7,5.9,95
202609080900,cologny,GVE,202609132300,1.3,0.5,5.2,102
202609080900,cologny,GVE,202609140000,1.3,0.6,4.3,91
202609080900,cologny,GVE,202609140100,1.3,0.5,4.7,96
202609080900,cologny,GVE,202609140200,1.2,0.5,4.3,108
202609080900,cologny,GVE,202609140300,1.3,0.6,4.7,113
202609080900,cologny,GVE,202609140400,1.5,0.6,5.5,111
202609080900,cologny,GVE,202609140500,1.5,0.7,5.3,127
202609080900,cologny,GVE,202609140600,1.5,0.6,4.3,130
202609080900,cologny,GVE,202609140700,1.6,0.7,6.2,101
202609080900,cologny,GVE,202609140800,1.9,0.8,6.7,67
202609080900,cologny,GVE,202609140900,2.2,1.0,7.0,52
202609080900,cologny,GVE,202609141000,2.3,1.2,7.5,54
202609080900,cologny,GVE,202609141100,2.8,1.3,9.1,33
202609080900,cologny,GVE,202609141200,3.3,1.7,9.6,33
202609080900,cologny,GVE,202609141300,3.5,1.8,9.4,37
202609080900,cologny,GVE,202609141400,3.2,1.7,9.9,22
202609080900,cologny,GVE,202609141500,3.2,1.6,9.3,25
202609080900,cologny,GVE,202609141600,3.0,1.5,10.3,30
202609080900,cologny,GVE,202609141700,2.9,1.2,9.3,16
202609080900,cologny,GVE,202609141800,2.4,1.1,9.4,30
202609080900,cologny,GVE,202609141900,2.2,1.0,8.5,28
202609080900,cologny,GVE,202609142000,2.2,1.0,8.0,46
202609080900,cologny,GVE,202609142100,2.0,0.8,8.0,44
202609080900,cologny,GVE,202609142200,1.6,0.7,6.6,64
202609080900,cologny,GVE,202609142300,1.4,0.5,7.4,160
202609080900,cologny,GVE,202609150000,1.2,0.5,5.6,127
202609080900,cologny,GVE,202609150100,1.6,0.6,5.9,91
202609080900,cologny,GVE,202609150200,1.3,0.6,6.4,95
202609080900,cologny,GVE,202609150300,1.5,0.6,5.0,139
202609080900,cologny,GVE,202609150400,1.4,0.6,5.1,142
202609080900,cologny,GVE,202609150500,1.5,0.7,4.5,139
202609080900,cologny,GVE,202609150600,1.5,0.7,4.9,127
202609080900,cologny,GVE,202609150700,1.5,0.6,6.3,141
202609080900,cologny,GVE,202609150800,1.8,0.8,6.4,183
202609080900,cologny,GVE,202609150900,2.1,1.0,7.3,186
202609080900,cologny,GVE,202609151000,2.3,1.1,7.7,199
202609080900,cologny,GVE,202609151100,2.6,1.2,9.4,173
202609080900,cologny,GVE,202609151200,3.1,1.6,9.3,233
202609080900,cologny,GVE,202609151300,3.0,1.7,9.2,236
202609080900,cologny,GVE,202609151400,3.1,1.6,9.5,244
202609080900,cologny,GVE,202609151500,3.0,1.3,10.3,237
202609080900,cologny,GVE,202609151600,2.8,1.5,9.7,240
202609080900,cologny,GVE,202609151700,2.7,1.2,9.3,241
202609080900,cologny,GVE,202609151800,2.4,1.2,9.0,239
202609080900,cologny,GVE,202609151900,2.1,1.0,8.0,227
202609080900,cologny,GVE,202609152000,2.2,1.0,7.5,227
202609080900,cologny,GVE,202609152100,1.9,0.8,7.3,193
202609080900,cologny,GVE,202609152200,1.7,0.7,7.6,215
202609080900,cologny,GVE,202609152300,1.9,0.8,7.2,197
202609080900,cologny,GVE,202609160000,1.7,0.7,6.2,171
202609080900,cologny,GVE,202609160100,1.8,0.8,6.3,165
202609080900,cologny,GVE,202609160200,1.5,0.8,5.9,187
202609080900,cologny,GVE,202609160300,1.8,0.7,6.4,171
202609080900,cologny,GVE,202609160400,1.7,0.7,6.7,191
202609080900,cologny,GVE,202609160500,1.7,0.8,6.5,183
202609080900,cologny,GVE,202609160600,1.7,0.8,7.0,164
202609080900,cologny,GVE,202609160700,1.9,0.8,7.0,190
202609080900,cologny,GVE,202609160800,2.1,0.9,7.6,189
202609080900,cologny,GVE,202609160900,2.4,1.1,8.5,181
202609080900,cologny,GVE,202609161000,2.9,1.5,8.2,241
202609080900,cologny,GVE,202609161100,3.3,1.6,10.0,220
202609080900,cologny,GVE,202609161200,3.9,1.8,10.0,242
202609080900,cologny,GVE,202609161300,3.8,1.8,10.6,287
202609080900,cologny,GVE,202609161400,3.8,1.9,10.5,305
202609080900,cologny,GVE,202609161500,3.6,1.8,10.9,318
202609080900,cologny,GVE,202609161600,3.5,1.9,10.3,359
202609080900,cologny,GVE,202609161700,3.5,1.8,10.2,24
202609080900,cologny,GVE,202609161800,3.0,1.3,9.8,23
202609080900,cologny,GVE,202609161900,2.9,1.3,8.9,20
202609080900,cologny,GVE,202609162000,2.6,1.2,8.4,36
202609080900,cologny,GVE,202609162100,2.4,1.1,8.1,42
202609080900,cologny,GVE,202609162200,2.1,0.9,7.7,48
202609080900,cologny,GVE,202609162300,1.9,0.8,7.7,46
202609080900,cologny,GVE,202609170000,1.9,0.8,7.5,43
202609080900,reposoir,GVE,202609072200,2.1,2.1,5.8,4
202609080900,reposoir,GVE,202609072300,1.6,1.6,4.2,272
202609080900,reposoir,GVE,202609080000,1.8,1.8,3.9,260
202609080900,reposoir,GVE,202609080100,1.6,1.6,3.4,305
202609080900,reposoir,GVE,202609080200,1.1,1.1,4.4,20
202609080900,reposoir,GVE,202609080300,1.7,1.7,4.7,301
202609080900,reposoir,GVE,202609080400,1.9,1.9,3.9,292
202609080900,reposoir,GVE,202609080500,1.5,1.5,4.4,316
202609080900,reposoir,GVE,202609080600,1.6,1.6,4.9,324
202609080900,reposoir,GVE,202609080700,1.5,1.5,4.6,281
202609080900,reposoir,GVE,202609080800,1.6,1.6,7.0,225
202609080900,reposoir,GVE,202609080900,4.8,4.8,9.2,220
202609080900,reposoir,GVE,202609081000,7.2,5.0,11.3,213
202609080900,reposoir,GVE,202609081100,9.1,6.3,14.0,209
202609080900,reposoir,GVE,202609081200,10.4,7.8,17.0,207
202609080900,reposoir,GVE,202609081300,10.4,7.8,20.0,212
202609080900,reposoir,GVE,202609081400,10.4,7.8,23.2,217
202609080900,reposoir,GVE,202609081500,8.4,5.0,26.8,218
202609080900,reposoir,GVE,202609081600,8.7,5.1,24.1,232
202609080900,reposoir,GVE,202609081700,6.5,4.0,18.2,232
202609080900,reposoir,GVE,202609081800,7.0,3.9,18.8,227
202609080900,reposoir,GVE,202609081900,5.1,2.9,14.8,232
202609080900,reposoir,GVE,202609082000,4.2,2.2,14.2,228
202609080900,reposoir,GVE,202609082100,3.3,1.6,12.1,246
202609080900,reposoir,GVE,202609082200,2.7,1.3,9.9,255
202609080900,reposoir,GVE,202609082300,2.5,1.2,9.1,247
202609080900,reposoir,GVE,202609090000,2.5,1.2,8.0,244
202609080900,reposoir,GVE,202609090100,2.8,1.3,8.4,232
202609080900,reposoir,GVE,202609090200,2.8,1.5,9.4,233
202609080900,reposoir,GVE,202609090300,2.9,1.4,9.6,243
202609080900,reposoir,GVE,202609090400,2.9,1.3,9.8,235
202609080900,reposoir,GVE,202609090500,2.4,1.3,8.0,233
202609080900,reposoir,GVE,202609090600,2.6,1.4,9.0,217
202609080900,reposoir,GVE,202609090700,2.9,1.6,8.4,226
202609080900,reposoir,GVE,202609090800,2.9,1.6,9.3,222
202609080900,reposoir,GVE,202609090900,2.9,1.6,8.6,238
202609080900,reposoir,GVE,202609091000,3.4,2.0,9.4,304
202609080900,reposoir,GVE,202609091100,3.5,2.1,9.7,276
202609080900,reposoir,GVE,202609091200,3.5,2.1,10.0,322
202609080900,reposoir,GVE,202609091300,4.0,2.5,10.4,325
202609080900,reposoir,GVE,202609091400,4.3,2.6,11.6,319
202609080900,reposoir,GVE,202609091500,4.9,3.2,12.3,332
202609080900,reposoir,GVE,202609091600,5.7,3.8,12.0,25
202609080900,reposoir,GVE,202609091700,6.3,3.8,12.7,34
202609080900,reposoir,GVE,202609091800,5.5,3.1,12.9,21
202609080900,reposoir,GVE,202609091900,5.2,3.1,12.5,12
202609080900,reposoir,GVE,202609092000,5.7,3.3,13.6,24
202609080900,reposoir,GVE,202609092100,6.2,3.7,14.5,26
202609080900,reposoir,GVE,202609092200,6.3,3.9,14.4,21
202609080900,reposoir,GVE,202609092300,6.3,3.5,15.7,18
202609080900,reposoir,GVE,202609100000,5.7,3.1,15.7,26
202609080900,reposoir,GVE,202609100100,5.9,3.4,14.8,29
202609080900,reposoir,GVE,202609100200,6.5,3.9,16.8,35
202609080900,reposoir,GVE,202609100300,7.0,4.0,17.4,34
202609080900,reposoir,GVE,202609100400,7.9,4.4,17.2,36
202609080900,reposoir,GVE,202609100500,7.6,4.3,17.3,37
202609080900,reposoir,GVE,202609100600,8.6,5.0,17.1,43
202609080900,reposoir,GVE,202609100700,9.7,5.8,20.5,44
202609080900,reposoir,GVE,202609100800,12.4,8.0,22.7,47
202609080900,reposoir,GVE,202609100900,12.2,8.2,23.0,46
202609080900,reposoir,GVE,202609101000,11.4,7.2,21.9,46
202609080900,reposoir,GVE,202609101100,11.2,7.4,20.9,52
202609080900,reposoir,GVE,202609101200,10.0,6.0,19.1,56
202609080900,reposoir,GVE,202609101300,9.9,6.3,18.1,51
202609080900,reposoir,GVE,202609101400,9.7,6.0,18.0,52
202609080900,reposoir,GVE,202609101500,9.2,5.6,16.5,55
202609080900,reposoir,GVE,202609101600,8.2,4.6,16.1,50
202609080900,reposoir,GVE,202609101700,7.5,4.3,14.4,43
202609080900,reposoir,GVE,202609101800,6.3,3.7,12.9,23
202609080900,reposoir,GVE,202609101900,4.9,2.4,10.7,15
202609080900,reposoir,GVE,202609102000,3.4,1.7,9.6,16
202609080900,reposoir,GVE,202609102100,2.7,1.3,9.1,11
202609080900,reposoir,GVE,202609102200,1.9,0.9,7.8,357
202609080900,reposoir,GVE,202609102300,1.8,0.9,5.8,341
202609080900,reposoir,GVE,202609110000,1.7,0.9,4.0,322
202609080900,reposoir,GVE,202609110100,1.7,0.9,3.0,305
202609080900,reposoir,GVE,202609110200,1.6,0.9,2.4,282
202609080900,reposoir,GVE,202609110300,1.6,0.8,2.5,270
202609080900,reposoir,GVE,202609110400,1.5,0.8,2.3,285
202609080900,reposoir,GVE,202609110500,1.5,0.8,2.5,281
202609080900,reposoir,GVE,202609110600,1.6,0.8,2.4,269
202609080900,reposoir,GVE,202609110700,1.7,0.9,2.7,231
202609080900,reposoir,GVE,202609110800,1.7,0.9,2.5,154
202609080900,reposoir,GVE,202609110900,1.9,1.1,3.5,104
202609080900,reposoir,GVE,202609111000,2.4,1.2,5.6,87
202609080900,reposoir,GVE,202609111100,2.7,1.5,7.5,76
202609080900,reposoir,GVE,202609111200,3.1,1.9,8.5,78
202609080900,reposoir,GVE,202609111300,3.7,2.2,9.0,63
202609080900,reposoir,GVE,202609111400,3.8,2.1,9.6,68
202609080900,reposoir,GVE,202609111500,4.3,2.6,9.6,47
202609080900,reposoir,GVE,202609111600,4.2,2.3,9.7,29
202609080900,reposoir,GVE,202609111700,4.6,2.6,10.0,15
202609080900,reposoir,GVE,202609111800,4.3,2.3,10.1,1
202609080900,reposoir,GVE,202609111900,3.0,1.6,9.7,0
202609080900,reposoir,GVE,202609112000,2.5,1.3,8.5,21
202609080900,reposoir,GVE,202609112100,2.6,1.2,8.2,26
202609080900,reposoir,GVE,202609112200,2.2,1.1,7.3,11
202609080900,reposoir,GVE,202609112300,1.8,0.8,5.3,6
202609080900,reposoir,GVE,202609120000,2.0,1.0,4.8,4
202609080900,reposoir,GVE,202609120100,2.1,0.9,5.7,355
202609080900,reposoir,GVE,202609120200,1.9,0.9,5.9,9
202609080900,reposoir,GVE,202609120300,2.3,1.0,7.6,0
202609080900,reposoir,GVE,202609120400,2.2,1.0,7.6,6
202609080900,reposoir,GVE,202609120500,2.5,1.1,7.3,2
202609080900,reposoir,GVE,202609120600,2.5,1.1,8.0,26
202609080900,reposoir,GVE,202609120700,2.8,1.2,8.6,34
202609080900,reposoir,GVE,202609120800,3.7,1.6,9.9,44
202609080900,reposoir,GVE,202609120900,5.4,2.8,12.3,50
202609080900,reposoir,GVE,202609121000,6.4,3.8,13.5,54
202609080900,reposoir,GVE,202609121100,7.6,4.4,14.4,53
202609080900,reposoir,GVE,202609121200,7.6,4.8,15.7,54
202609080900,reposoir,GVE,202609121300,7.6,4.5,15.0,55
202609080900,reposoir,GVE,202609121400,7.6,4.5,15.2,60
202609080900,reposoir,GVE,202609121500,7.2,4.5,14.3,53
202609080900,reposoir,GVE,202609121600,6.9,4.0,14.7,49
202609080900,reposoir,GVE,202609121700,5.8,3.3,13.4,36
202609080900,reposoir,GVE,202609121800,4.8,2.5,12.4,14
202609080900,reposoir,GVE,202609121900,4.0,2.1,10.5,15
202609080900,reposoir,GVE,202609122000,2.9,1.2,9.1,24
202609080900,reposoir,GVE,202609122100,2.9,1.1,9.5,19
202609080900,reposoir,GVE,202609122200,2.4,1.0,8.5,14
202609080900,reposoir,GVE,202609122300,2.3,1.0,8.5,20
202609080900,reposoir,GVE,202609130000,2.2,1.0,8.2,19
202609080900,reposoir,GVE,202609130100,1.2,0.5,4.9,10
202609080900,reposoir,GVE,202609130200,1.1,0.5,4.5,359
202609080900,reposoir,GVE,202609130300,1.2,0.5,3.7,23
202609080900,reposoir,GVE,202609130400,1.2,0.5,3.7,11
202609080900,reposoir,GVE,202609130500,1.2,0.5,4.5,355
202609080900,reposoir,GVE,202609130600,1.3,0.6,4.8,32
202609080900,reposoir,GVE,202609130700,1.6,0.7,4.5,74
202609080900,reposoir,GVE,202609130800,1.8,0.8,7.2,90
202609080900,reposoir,GVE,202609130900,2.2,1.0,7.4,89
202609080900,reposoir,GVE,202609131000,2.2,1.0,8.2,92
202609080900,reposoir,GVE,202609131100,3.1,1.4,8.5,93
202609080900,reposoir,GVE,202609131200,3.2,1.6,9.3,106
202609080900,reposoir,GVE,202609131300,3.1,1.6,9.0,85
202609080900,reposoir,GVE,202609131400,3.0,1.5,10.2,121
202609080900,reposoir,GVE,202609131500,3.5,1.6,9.7,124
202609080900,reposoir,GVE,202609131600,2.8,1.5,9.7,133
202609080900,reposoir,GVE,202609131700,2.5,1.2,8.7,352
202609080900,reposoir,GVE,202609131800,2.3,1.0,8.2,350
202609080900,reposoir,GVE,202609131900,2.1,0.9,7.8,346
202609080900,reposoir,GVE,202609132000,1.8,0.8,7.0,344
202609080900,reposoir,GVE,202609132100,1.8,0.9,7.1,3
202609080900,reposoir,GVE,202609132200,1.4,0.6,4.6,12
202609080900,reposoir,GVE,202609132300,1.7,0.8,4.2,2
202609080900,reposoir,GVE,202609140000,1.6,0.6,4.2,355
202609080900,reposoir,GVE,202609140100,1.2,0.5,5.0,5
202609080900,reposoir,GVE,202609140200,1.3,0.5,4.6,22
202609080900,reposoir,GVE,202609140300,1.2,0.5,4.1,14
202609080900,reposoir,GVE,202609140400,1.3,0.5,4.5,53
202609080900,reposoir,GVE,202609140500,1.3,0.5,4.3,40
202609080900,reposoir,GVE,202609140600,1.2,0.5,4.8,26
202609080900,reposoir,GVE,202609140700,1.4,0.6,6.4,32
202609080900,reposoir,GVE,202609140800,1.7,0.8,6.4,56
202609080900,reposoir,GVE,202609140900,1.9,0.9,7.4,60
202609080900,reposoir,GVE,202609141000,2.3,1.0,8.2,71
202609080900,reposoir,GVE,202609141100,2.8,1.4,9.0,69
202609080900,reposoir,GVE,202609141200,2.9,1.5,9.9,68
202609080900,reposoir,GVE,202609141300,3.2,1.6,9.6,73
202609080900,reposoir,GVE,202609141400,2.9,1.4,10.4,57
202609080900,reposoir,GVE,202609141500,2.7,1.3,9.6,62
202609080900,reposoir,GVE,202609141600,2.8,1.5,8.9,27
202609080900,reposoir,GVE,202609141700,2.5,1.2,9.3,47
202609080900,reposoir,GVE,202609141800,2.5,1.1,8.4,14
202609080900,reposoir,GVE,202609141900,2.3,1.1,8.4,11
202609080900,reposoir,GVE,202609142000,1.9,0.8,7.6,23
202609080900,reposoir,GVE,202609142100,1.8,0.9,7.2,7
202609080900,reposoir,GVE,202609142200,1.6,0.7,7.2,5
202609080900,reposoir,GVE,202609142300,1.4,0.6,6.1,24
202609080900,reposoir,GVE,202609150000,1.2,0.5,7.0,8
202609080900,reposoir,GVE,202609150100,1.2,0.5,6.1,18
202609080900,reposoir,GVE,202609150200,1.3,0.5,6.0,24
202609080900,reposoir,GVE,202609150300,1.1,0.4,5.9,32
202609080900,reposoir,GVE,202609150400,1.1,0.5,4.5,50
202609080900,reposoir,GVE,202609150500,1.2,0.5,4.8,354
202609080900,reposoir,GVE,202609150600,1.2,0.6,4.9,195
202609080900,reposoir,GVE,202609150700,1.5,0.6,6.5,173
202609080900,reposoir,GVE,202609150800,1.8,0.8,6.7,147
202609080900,reposoir,GVE,202609150900,1.7,0.8,7.7,166
202609080900,reposoir,GVE,202609151000,2.3,1.2,8.6,162
202609080900,reposoir,GVE,202609151100,2.8,1.4,9.4,184
202609080900,reposoir,GVE,202609151200,3.2,1.6,10.2,173
202609080900,reposoir,GVE,202609151300,3.2,1.6,10.2,183
202609080900,reposoir,GVE,202609151400,3.1,1.6,9.7,204
202609080900,reposoir,GVE,202609151500,3.0,1.6,10.4,191
202609080900,reposoir,GVE,202609151600,2.8,1.3,10.0,237
202609080900,reposoir,GVE,202609151700,2.5,1.2,9.7,253
202609080900,reposoir,GVE,202609151800,2.3,1.1,9.1,281
202609080900,reposoir,GVE,202609151900,2.1,1.0,8.5,257
202609080900,reposoir,GVE,202609152000,1.8,0.8,8.5,244
202609080900,reposoir,GVE,202609152100,1.7,0.7,7.6,270
202609080900,reposoir,GVE,202609152200,1.6,0.6,6.9,286
202609080900,reposoir,GVE,202609152300,1.4,0.6,6.4,239
202609080900,reposoir,GVE,202609160000,1.5,0.6,6.6,250
202609080900,reposoir,GVE,202609160100,1.5,0.6,6.4,268
202609080900,reposoir,GVE,202609160200,1.3,0.6,7.0,250
202609080900,reposoir,GVE,202609160300,1.5,0.6,6.4,276
202609080900,reposoir,GVE,202609160400,1.5,0.6,6.1,228
202609080900,reposoir,GVE,202609160500,1.5,0.6,6.5,205
202609080900,reposoir,GVE,202609160600,1.5,0.7,7.5,301
202609080900,reposoir,GVE,202609160700,1.7,0.8,7.5,329
202609080900,reposoir,GVE,202609160800,1.9,0.8,7.6,148
202609080900,reposoir,GVE,202609160900,2.1,1.0,8.2,184
202609080900,reposoir,GVE,202609161000,2.6,1.3,9.1,180
202609080900,reposoir,GVE,202609161100,3.1,1.5,9.6,179
202609080900,reposoir,GVE,202609161200,3.6,1.8,10.6,209
202609080900,reposoir,GVE,202609161300,3.6,1.7,10.7,203
202609080900,reposoir,GVE,202609161400,3.2,1.6,10.9,321
202609080900,reposoir,GVE,202609161500,3.2,1.5,11.1,3
202609080900,reposoir,GVE,202609161600,3.3,1.6,10.4,327
202609080900,reposoir,GVE,202609161700,3.0,1.4,10.5,8
202609080900,reposoir,GVE,202609161800,2.7,1.2,10.3,8
202609080900,reposoir,GVE,202609161900,2.3,1.0,8.5,17
202609080900,reposoir,GVE,202609162000,2.3,1.0,8.3,10
202609080900,reposoir,GVE,202609162100,1.9,0.8,7.8,15
202609080900,reposoir,GVE,202609162200,1.7,0.7,7.8,7
202609080900,reposoir,GVE,202609162300,1.8,0.8,7.3,30
202609080900,reposoir,GVE,202609170000,1.8,0.8,7.4,15
202609080900,vengeron,GVE,202609072200,2.1,2.1,5.8,4
202609080900,vengeron,GVE,202609072300,1.6,1.6,4.2,272
202609080900,vengeron,GVE,202609080000,1.8,1.8,3.9,260
202609080900,vengeron,GVE,202609080100,1.6,1.6,3.4,305
202609080900,vengeron,GVE,202609080200,1.1,1.1,4.4,20
202609080900,vengeron,GVE,202609080300,1.7,1.7,4.7,301
202609080900,vengeron,GVE,202609080400,1.9,1.9,3.9,292
202609080900,vengeron,GVE,202609080500,1.5,1.5,4.4,316
202609080900,vengeron,GVE,202609080600,1.6,1.6,4.9,324
202609080900,vengeron,GVE,202609080700,1.5,1.5,4.6,281
202609080900,vengeron,GVE,202609080800,1.6,1.6,7.0,225
202609080900,vengeron,GVE,202609080900,4.8,4.8,9.2,220
202609080900,vengeron,GVE,202609081000,7.2,5.0,11.3,213
202609080900,vengeron,GVE,202609081100,9.1,6.3,14.0,209
202609080900,vengeron,GVE,202609081200,10.4,7.8,17.0,207
202609080900,vengeron,GVE,202609081300,10.4,7.8,20.0,212
202609080900,vengeron,GVE,202609081400,10.4,7.8,23.2,217
202609080900,vengeron,GVE,202609081500,8.4,5.0,26.8,218
202609080900,vengeron,GVE,202609081600,8.7,5.1,24.1,232
202609080900,vengeron,GVE,202609081700,6.5,4.0,18.2,232
202609080900,vengeron,GVE,202609081800,7.0,3.9,18.8,227
202609080900,vengeron,GVE,202609081900,5.1,2.9,14.8,232
202609080900,vengeron,GVE,202609082000,4.2,2.2,14.2,228
202609080900,vengeron,GVE,202609082100,3.3,1.6,12.1,246
202609080900,vengeron,GVE,202609082200,2.7,1.3,9.9,255
202609080900,vengeron,GVE,202609082300,2.5,1.2,9.1,247
202609080900,vengeron,GVE,202609090000,2.5,1.2,8.0,244
202609080900,vengeron,GVE,202609090100,2.8,1.3,8.4,232
202609080900,vengeron,GVE,202609090200,2.8,1.5,9.4,233
202609080900,vengeron,GVE,202609090300,2.9,1.4,9.6,243
202609080900,vengeron,GVE,202609090400,2.9,1.3,9.8,235
202609080900,vengeron,GVE,202609090500,2.4,1.3,8.0,233
202609080900,vengeron,GVE,202609090600,2.6,1.4,9.0,217
202609080900,vengeron,GVE,202609090700,2.9,1.6,8.4,226
202609080900,vengeron,GVE,202609090800,2.9,1.6,9.3,222
202609080900,vengeron,GVE,202609090900,2.9,1.6,8.6,238
202609080900,vengeron,GVE,202609091000,3.4,2.0,9.4,304
202609080900,vengeron,GVE,202609091100,3.5,2.1,9.7,276
202609080900,vengeron,GVE,202609091200,3.5,2.1,10.0,322
202609080900,vengeron,GVE,202609091300,4.0,2.5,10.4,325
202609080900,vengeron,GVE,202609091400,4.3,2.6,11.6,319
202609080900,vengeron,GVE,202609091500,4.9,3.2,12.3,332
202609080900,vengeron,GVE,202609091600,5.7,3.8,12.0,25
202609080900,vengeron,GVE,202609091700,6.3,3.8,12.7,34
202609080900,vengeron,GVE,202609091800,5.5,3.1,12.9,21
202609080900,vengeron,GVE,202609091900,5.2,3.1,12.5,12
202609080900,vengeron,GVE,202609092000,5.7,3.3,13.6,24
202609080900,vengeron,GVE,202609092100,6.2,3.7,14.5,26
202609080900,vengeron,GVE,202609092200,6.3,3.9,14.4,21
202609080900,vengeron,GVE,202609092300,6.3,3.5,15.7,18
202609080900,vengeron,GVE,202609100000,5.7,3.1,15.7,26
202609080900,vengeron,GVE,202609100100,5.9,3.4,14.8,29
202609080900,vengeron,GVE,202609100200,6.5,3.9,16.8,35
202609080900,vengeron,GVE,202609100300,7.0,4.0,17.4,34
202609080900,vengeron,GVE,202609100400,7.9,4.4,17.2,36
202609080900,vengeron,GVE,202609100500,7.6,4.3,17.3,37
202609080900,vengeron,GVE,202609100600,8.6,5.0,17.1,43
202609080900,vengeron,GVE,202609100700,9.7,5.8,20.5,44
202609080900,vengeron,GVE,202609100800,12.4,8.0,22.7,47
202609080900,vengeron,GVE,202609100900,12.2,8.2,23.0,46
202609080900,vengeron,GVE,202609101000,11.4,7.2,21.9,46
202609080900,vengeron,GVE,202609101100,11.2,7.4,20.9,52
202609080900,vengeron,GVE,202609101200,10.0,6.0,19.1,56
202609080900,vengeron,GVE,202609101300,9.9,6.3,18.1,51
202609080900,vengeron,GVE,202609101400,9.7,6.0,18.0,52
202609080900,vengeron,GVE,202609101500,9.2,5.6,16.5,55
202609080900,vengeron,GVE,202609101600,8.2,4.6,16.1,50
202609080900,vengeron,GVE,202609101700,7.5,4.3,14.4,43
202609080900,vengeron,GVE,202609101800,6.3,3.7,12.9,23
202609080900,vengeron,GVE,202609101900,4.9,2.4,10.7,15
202609080900,vengeron,GVE,202609102000,3.4,1.7,9.6,16
202609080900,vengeron,GVE,202609102100,2.7,1.3,9.1,11
202609080900,vengeron,GVE,202609102200,1.9,0.9,7.8,357
202609080900,vengeron,GVE,202609102300,1.8,0.9,5.8,341
202609080900,vengeron,GVE,202609110000,1.7,0.9,4.0,322
202609080900,vengeron,GVE,202609110100,1.7,0.9,3.0,305
202609080900,vengeron,GVE,202609110200,1.6,0.9,2.4,282
202609080900,vengeron,GVE,202609110300,1.6,0.8,2.5,270
202609080900,vengeron,GVE,202609110400,1.5,0.8,2.3,285
202609080900,vengeron,GVE,202609110500,1.5,0.8,2.5,281
202609080900,vengeron,GVE,202609110600,1.6,0.8,2.4,269
202609080900,vengeron,GVE,202609110700,1.7,0.9,2.7,231
202609080900,vengeron,GVE,202609110800,1.7,0.9,2.5,154
202609080900,vengeron,GVE,202609110900,1.9,1.1,3.5,104
202609080900,vengeron,GVE,202609111000,2.4,1.2,5.6,87
202609080900,vengeron,GVE,202609111100,2.7,1.5,7.5,76
202609080900,vengeron,GVE,202609111200,3.1,1.9,8.5,78
202609080900,vengeron,GVE,202609111300,3.7,2.2,9.0,63
202609080900,vengeron,GVE,202609111400,3.8,2.1,9.6,68
202609080900,vengeron,GVE,202609111500,4.3,2.6,9.6,47
202609080900,vengeron,GVE,202609111600,4.2,2.3,9.7,29
202609080900,vengeron,GVE,202609111700,4.6,2.6,10.0,15
202609080900,vengeron,GVE,202609111800,4.3,2.3,10.1,1
202609080900,vengeron,GVE,202609111900,3.0,1.6,9.7,0
202609080900,vengeron,GVE,202609112000,2.5,1.3,8.5,21
202609080900,vengeron,GVE,202609112100,2.6,1.2,8.2,26
202609080900,vengeron,GVE,202609112200,2.2,1.1,7.3,11
202609080900,vengeron,GVE,202609112300,1.8,0.8,5.3,6
202609080900,vengeron,GVE,202609120000,2.0,1.0,4.8,4
202609080900,vengeron,GVE,202609120100,2.1,0.9,5.7,355
202609080900,vengeron,GVE,202609120200,1.9,0.9,5.9,9
202609080900,vengeron,GVE,202609120300,2.3,1.0,7.6,0
202609080900,vengeron,GVE,202609120400,2.2,1.0,7.6,6
202609080900,vengeron,GVE,202609120500,2.5,1.1,7.3,2
202609080900,vengeron,GVE,202609120600,2.5,1.1,8.0,26
202609080900,vengeron,GVE,202609120700,2.8,1.2,8.6,34
202609080900,vengeron,GVE,202609120800,3.7,1.6,9.9,44
202609080900,vengeron,GVE,202609120900,5.4,2.8,12.3,50
202609080900,vengeron,GVE,202609121000,6.4,3.8,13.5,54
202609080900,vengeron,GVE,202609121100,7.6,4.4,14.4,53
202609080900,vengeron,GVE,202609121200,7.6,4.8,15.7,54
202609080900,vengeron,GVE,202609121300,7.6,4.5,15.0,55
202609080900,vengeron,GVE,202609121400,7.6,4.5,15.2,60
202609080900,vengeron,GVE,202609121500,7.2,4.5,14.3,53
202609080900,vengeron,GVE,202609121600,6.9,4.0,14.7,49
202609080900,vengeron,GVE,202609121700,5.8,3.3,13.4,36
202609080900,vengeron,GVE,202609121800,4.8,2.5,12.4,14
202609080900,vengeron,GVE,202609121900,4.0,2.1,10.5,15
202609080900,vengeron,GVE,202609122000,2.9,1.2,9.1,24
202609080900,vengeron,GVE,202609122100,2.9,1.1,9.5,19
202609080900,vengeron,GVE,202609122200,2.4,1.0,8.5,14
202609080900,vengeron,GVE,202609122300,2.3,1.0,8.5,20
202609080900,vengeron,GVE,202609130000,2.2,1.0,8.2,19
202609080900,vengeron,GVE,202609130100,1.2,0.5,4.9,10
202609080900,vengeron,GVE,202609130200,1.1,0.5,4.5,359
202609080900,vengeron,GVE,202609130300,1.2,0.5,3.7,23
202609080900,vengeron,GVE,202609130400,1.2,0.5,3.7,11
202609080900,vengeron,GVE,202609130500,1.2,0.5,4.5,355
202609080900,vengeron,GVE,202609130600,1.3,0.6,4.8,32
202609080900,vengeron,GVE,202609130700,1.6,0.7,4.5,74
202609080900,vengeron,GVE,202609130800,1.8,0.8,7.2,90
202609080900,vengeron,GVE,202609130900,2.2,1.0,7.4,89
202609080900,vengeron,GVE,202609131000,2.2,1.0,8.2,92
202609080900,vengeron,GVE,202609131100,3.1,1.4,8.5,93
202609080900,vengeron,GVE,202609131200,3.2,1.6,9.3,106
202609080900,vengeron,GVE,202609131300,3.1,1.6,9.0,85
202609080900,vengeron,GVE,202609131400,3.0,1.5,10.2,121
202609080900,vengeron,GVE,202609131500,3.5,1.6,9.7,124
202609080900,vengeron,GVE,202609131600,2.8,1.5,9.7,133
202609080900,vengeron,GVE,202609131700,2.5,1.2,8.7,352
202609080900,vengeron,GVE,202609131800,2.3,1.0,8.2,350
202609080900,vengeron,GVE,202609131900,2.1,0.9,7.8,346
202609080900,vengeron,GVE,202609132000,1.8,0.8,7.0,344
202609080900,vengeron,GVE,202609132100,1.8,0.9,7.1,3
202609080900,vengeron,GVE,202609132200,1.4,0.6,4.6,12
202609080900,vengeron,GVE,202609132300,1.7,0.8,4.2,2
202609080900,vengeron,GVE,202609140000,1.6,0.6,4.2,355
202609080900,vengeron,GVE,202609140100,1.2,0.5,5.0,5
202609080900,vengeron,GVE,202609140200,1.3,0.5,4.6,22
202609080900,vengeron,GVE,202609140300,1.2,0.5,4.1,14
202609080900,vengeron,GVE,202609140400,1.3,0.5,4.5,53
202609080900,vengeron,GVE,202609140500,1.3,0.5,4.3,40
202609080900,vengeron,GVE,202609140600,1.2,0.5,4.8,26
202609080900,vengeron,GVE,202609140700,1.4,0.6,6.4,32
202609080900,vengeron,GVE,202609140800,1.7,0.8,6.4,56
202609080900,vengeron,GVE,202609140900,1.9,0.9,7.4,60
202609080900,vengeron,GVE,202609141000,2.3,1.0,8.2,71
202609080900,vengeron,GVE,202609141100,2.8,1.4,9.0,69
202609080900,vengeron,GVE,202609141200,2.9,1.5,9.9,68
202609080900,vengeron,GVE,202609141300,3.2,1.6,9.6,73
202609080900,vengeron,GVE,202609141400,2.9,1.4,10.4,57
202609080900,vengeron,GVE,202609141500,2.7,1.3,9.6,62
202609080900,vengeron,GVE,202609141600,2.8,1.5,8.9,27
202609080900,vengeron,GVE,202609141700,2.5,1.2,9.3,47
202609080900,vengeron,GVE,202609141800,2.5,1.1,8.4,14
202609080900,vengeron,GVE,202609141900,2.3,1.1,8.4,11
202609080900,vengeron,GVE,202609142000,1.9,0.8,7.6,23
202609080900,vengeron,GVE,202609142100,1.8,0.9,7.2,7
202609080900,vengeron,GVE,202609142200,1.6,0.7,7.2,5
202609080900,vengeron,GVE,202609142300,1.4,0.6,6.1,24
202609080900,vengeron,GVE,202609150000,1.2,0.5,7.0,8
202609080900,vengeron,GVE,202609150100,1.2,0.5,6.1,18
202609080900,vengeron,GVE,202609150200,1.3,0.5,6.0,24
202609080900,vengeron,GVE,202609150300,1.1,0.4,5.9,32
202609080900,vengeron,GVE,202609150400,1.1,0.5,4.5,50
202609080900,vengeron,GVE,202609150500,1.2,0.5,4.8,354
202609080900,vengeron,GVE,202609150600,1.2,0.6,4.9,195
202609080900,vengeron,GVE,202609150700,1.5,0.6,6.5,173
202609080900,vengeron,GVE,202609150800,1.8,0.8,6.7,147
202609080900,vengeron,GVE,202609150900,1.7,0.8,7.7,166
202609080900,vengeron,GVE,202609151000,2.3,1.2,8.6,162
202609080900,vengeron,GVE,202609151100,2.8,1.4,9.4,184
202609080900,vengeron,GVE,202609151200,3.2,1.6,10.2,173
202609080900,vengeron,GVE,202609151300,3.2,1.6,10.2,183
202609080900,vengeron,GVE,202609151400,3.1,1.6,9.7,204
202609080900,vengeron,GVE,202609151500,3.0,1.6,10.4,191
202609080900,vengeron,GVE,202609151600,2.8,1.3,10.0,237
202609080900,vengeron,GVE,202609151700,2.5,1.2,9.7,253
202609080900,vengeron,GVE,202609151800,2.3,1.1,9.1,281
202609080900,vengeron,GVE,202609151900,2.1,1.0,8.5,257
202609080900,vengeron,GVE,202609152000,1.8,0.8,8.5,244
202609080900,vengeron,GVE,202609152100,1.7,0.7,7.6,270
202609080900,vengeron,GVE,202609152200,1.6,0.6,6.9,286
202609080900,vengeron,GVE,202609152300,1.4,0.6,6.4,239
202609080900,vengeron,GVE,202609160000,1.5,0.6,6.6,250
202609080900,vengeron,GVE,202609160100,1.5,0.6,6.4,268
202609080900,vengeron,GVE,202609160200,1.3,0.6,7.0,250
202609080900,vengeron,GVE,202609160300,1.5,0.6,6.4,276
202609080900,vengeron,GVE,202609160400,1.5,0.6,6.1,228
202609080900,vengeron,GVE,202609160500,1.5,0.6,6.5,205
202609080900,vengeron,GVE,202609160600,1.5,0.7,7.5,301
202609080900,vengeron,GVE,202609160700,1.7,0.8,7.5,329
202609080900,vengeron,GVE,202609160800,1.9,0.8,7.6,148
202609080900,vengeron,GVE,202609160900,2.1,1.0,8.2,184
202609080900,vengeron,GVE,202609161000,2.6,1.3,9.1,180
202609080900,vengeron,GVE,202609161100,3.1,1.5,9.6,179
202609080900,vengeron,GVE,202609161200,3.6,1.8,10.6,209
202609080900,vengeron,GVE,202609161300,3.6,1.7,10.7,203
202609080900,vengeron,GVE,202609161400,3.2,1.6,10.9,321
202609080900,vengeron,GVE,202609161500,3.2,1.5,11.1,3
202609080900,vengeron,GVE,202609161600,3.3,1.6,10.4,327
202609080900,vengeron,GVE,202609161700,3.0,1.4,10.5,8
202609080900,vengeron,GVE,202609161800,2.7,1.2,10.3,8
202609080900,vengeron,GVE,202609161900,2.3,1.0,8.5,17
202609080900,vengeron,GVE,202609162000,2.3,1.0,8.3,10
202609080900,vengeron,GVE,202609162100,1.9,0.8,7.8,15
202609080900,vengeron,GVE,202609162200,1.7,0.7,7.8,7
202609080900,vengeron,GVE,202609162300,1.8,0.8,7.3,30
202609080900,vengeron,GVE,202609170000,1.8,0.8,7.4,15
202609080900,coppet,CGI,202609072200,4.2,4.2,7.3,80
202609080900,coppet,CGI,202609072300,3.6,3.6,6.0,230
202609080900,coppet,CGI,202609080000,2.5,2.5,5.0,256
202609080900,coppet,CGI,202609080100,2.3,2.3,4.1,266
202609080900,coppet,CGI,202609080200,2.8,2.8,6.3,313
202609080900,coppet,CGI,202609080300,2.6,2.6,6.4,288
202609080900,coppet,CGI,202609080400,3.1,3.1,6.4,275
202609080900,coppet,CGI,202609080500,3.3,3.3,6.5,275
202609080900,coppet,CGI,202609080600,3.1,3.1,6.3,321
202609080900,coppet,CGI,202609080700,2.7,2.7,5.6,256
202609080900,coppet,CGI,202609080800,3.4,3.4,9.6,212
202609080900,coppet,CGI,202609080900,5.0,5.0,8.4,208
202609080900,coppet,CGI,202609081000,5.3,3.2,8.6,210
202609080900,coppet,CGI,202609081100,7.1,4.8,12.3,206
202609080900,coppet,CGI,202609081200,8.9,6.4,16.0,203
202609080900,coppet,CGI,202609081300,10.6,8.0,19.8,215
202609080900,coppet,CGI,202609081400,12.4,9.7,23.6,224
202609080900,coppet,CGI,202609081500,8.2,5.2,25.5,227
202609080900,coppet,CGI,202609081600,8.3,5.4,24.9,238
202609080900,coppet,CGI,202609081700,6.4,3.8,18.5,243
202609080900,coppet,CGI,202609081800,5.2,2.9,16.4,242
202609080900,coppet,CGI,202609081900,4.8,2.6,13.9,240
202609080900,coppet,CGI,202609082000,4.8,2.6,12.6,238
202609080900,coppet,CGI,202609082100,5.3,3.3,12.8,245
202609080900,coppet,CGI,202609082200,6.0,3.4,13.6,249
202609080900,coppet,CGI,202609082300,5.4,3.1,13.8,256
202609080900,coppet,CGI,202609090000,4.4,2.4,11.7,257
202609080900,coppet,CGI,202609090100,3.8,2.1,10.0,260
202609080900,coppet,CGI,202609090200,3.2,1.7,8.6,256
202609080900,coppet,CGI,202609090300,3.2,1.7,9.0,254
202609080900,coppet,CGI,202609090400,3.6,1.9,9.1,240
202609080900,coppet,CGI,202609090500,3.6,1.9,10.0,238
202609080900,coppet,CGI,202609090600,3.8,2.2,10.7,242
202609080900,coppet,CGI,202609090700,3.9,2.2,11.4,240
202609080900,coppet,CGI,202609090800,4.4,2.6,11.5,242
202609080900,coppet,CGI,202609090900,3.6,2.2,10.4,236
202609080900,coppet,CGI,202609091000,3.9,2.4,10.0,241
202609080900,coppet,CGI,202609091100,4.0,2.3,10.2,244
202609080900,coppet,CGI,202609091200,3.7,2.3,10.2,248
202609080900,coppet,CGI,202609091300,4.2,2.6,9.9,252
202609080900,coppet,CGI,202609091400,4.2,2.6,10.3,297
202609080900,coppet,CGI,202609091500,4.0,2.5,10.6,2
202609080900,coppet,CGI,202609091600,5.0,3.1,11.4,41
202609080900,coppet,CGI,202609091700,4.9,2.8,11.4,29
202609080900,coppet,CGI,202609091800,4.3,2.4,10.6,15
202609080900,coppet,CGI,202609091900,4.2,2.2,10.6,12
202609080900,coppet,CGI,202609092000,4.1,2.4,11.0,24
202609080900,coppet,CGI,202609092100,4.4,2.2,11.7,13
202609080900,coppet,CGI,202609092200,4.6,2.5,11.1,13
202609080900,coppet,CGI,202609092300,4.7,2.5,10.9,10
202609080900,coppet,CGI,202609100000,4.6,2.5,10.5,18
202609080900,coppet,CGI,202609100100,5.1,2.5,12.1,16
202609080900,coppet,CGI,202609100200,5.4,2.6,12.1,22
202609080900,coppet,CGI,202609100300,5.8,3.1,13.1,25
202609080900,coppet,CGI,202609100400,5.8,3.1,13.9,27
202609080900,coppet,CGI,202609100500,5.9,2.9,13.6,31
202609080900,coppet,CGI,202609100600,5.9,3.4,14.4,31
202609080900,coppet,CGI,202609100700,8.9,5.6,19.4,42
202609080900,coppet,CGI,202609100800,11.4,7.6,22.6,46
202609080900,coppet,CGI,202609100900,11.3,7.8,23.3,44
202609080900,coppet,CGI,202609101000,11.2,7.1,23.7,48
202609080900,coppet,CGI,202609101100,10.5,6.5,23.0,50
202609080900,coppet,CGI,202609101200,9.6,6.2,21.1,56
202609080900,coppet,CGI,202609101300,9.3,6.0,20.5,58
202609080900,coppet,CGI,202609101400,9.9,6.2,18.8,58
202609080900,coppet,CGI,202609101500,9.2,5.7,18.4,57
202609080900,coppet,CGI,202609101600,8.0,4.9,16.8,49
202609080900,coppet,CGI,202609101700,7.6,4.4,16.1,41
202609080900,coppet,CGI,202609101800,4.9,2.8,11.6,9
202609080900,coppet,CGI,202609101900,3.9,2.2,9.4,2
202609080900,coppet,CGI,202609102000,3.3,1.6,9.2,1
202609080900,coppet,CGI,202609102100,2.9,1.4,8.6,2
202609080900,coppet,CGI,202609102200,2.2,1.1,5.9,347
202609080900,coppet,CGI,202609102300,2.1,1.1,3.8,292
202609080900,coppet,CGI,202609110000,2.2,1.2,3.6,295
202609080900,coppet,CGI,202609110100,2.1,1.1,4.6,303
202609080900,coppet,CGI,202609110200,1.9,1.0,3.0,290
202609080900,coppet,CGI,202609110300,1.8,0.9,2.6,276
202609080900,coppet,CGI,202609110400,1.8,0.9,2.5,275
202609080900,coppet,CGI,202609110500,1.8,1.1,2.5,277
202609080900,coppet,CGI,202609110600,1.7,1.0,2.3,265
202609080900,coppet,CGI,202609110700,1.6,0.8,2.4,197
202609080900,coppet,CGI,202609110800,1.9,1.0,3.0,123
202609080900,coppet,CGI,202609110900,2.3,1.2,5.3,102
202609080900,coppet,CGI,202609111000,2.5,1.3,7.8,95
202609080900,coppet,CGI,202609111100,3.2,2.0,8.5,91
202609080900,coppet,CGI,202609111200,3.6,2.1,9.1,90
202609080900,coppet,CGI,202609111300,4.2,2.5,10.3,83
202609080900,coppet,CGI,202609111400,4.4,2.5,10.3,85
202609080900,coppet,CGI,202609111500,4.6,2.6,10.9,72
202609080900,coppet,CGI,202609111600,4.2,2.4,10.3,53
202609080900,coppet,CGI,202609111700,3.5,1.9,9.6,22
202609080900,coppet,CGI,202609111800,3.4,1.9,8.3,353
202609080900,coppet,CGI,202609111900,2.6,1.3,8.0,342
202609080900,coppet,CGI,202609112000,2.4,1.2,7.6,14
202609080900,coppet,CGI,202609112100,2.1,1.0,7.9,1
202609080900,coppet,CGI,202609112200,2.1,1.2,4.2,349
202609080900,coppet,CGI,202609112300,2.1,1.1,4.3,344
202609080900,coppet,CGI,202609120000,2.1,1.0,4.4,343
202609080900,coppet,CGI,202609120100,1.9,0.9,4.5,347
202609080900,coppet,CGI,202609120200,2.1,1.1,3.2,358
202609080900,coppet,CGI,202609120300,2.2,1.1,4.3,356
202609080900,coppet,CGI,202609120400,2.2,1.1,4.3,11
202609080900,coppet,CGI,202609120500,2.5,1.2,5.1,6
202609080900,coppet,CGI,202609120600,2.5,1.1,8.0,17
202609080900,coppet,CGI,202609120700,2.8,1.2,8.3,41
202609080900,coppet,CGI,202609120800,4.0,2.0,10.0,53
202609080900,coppet,CGI,202609120900,6.1,3.4,13.3,54
202609080900,coppet,CGI,202609121000,6.6,3.7,15.1,56
202609080900,coppet,CGI,202609121100,7.6,4.5,15.7,59
202609080900,coppet,CGI,202609121200,6.8,4.3,16.5,61
202609080900,coppet,CGI,202609121300,6.5,3.8,15.3,60
202609080900,coppet,CGI,202609121400,7.2,4.4,15.8,59
202609080900,coppet,CGI,202609121500,6.5,4.0,15.8,57
202609080900,coppet,CGI,202609121600,6.0,3.4,15.3,51
202609080900,coppet,CGI,202609121700,5.1,2.8,13.7,31
202609080900,coppet,CGI,202609121800,4.5,2.3,11.1,1
202609080900,coppet,CGI,202609121900,4.2,2.1,11.5,356
202609080900,coppet,CGI,202609122000,3.2,1.5,9.6,2
202609080900,coppet,CGI,202609122100,2.9,1.2,8.4,12
202609080900,coppet,CGI,202609122200,2.8,1.2,8.3,5
202609080900,coppet,CGI,202609122300,2.5,1.2,8.3,353
202609080900,coppet,CGI,202609130000,2.6,1.1,8.2,359
202609080900,coppet,CGI,202609130100,1.3,0.5,5.5,288
202609080900,coppet,CGI,202609130200,1.3,0.6,5.1,180
202609080900,coppet,CGI,202609130300,1.4,0.6,4.4,154
202609080900,coppet,CGI,202609130400,1.2,0.6,5.6,215
202609080900,coppet,CGI,202609130500,1.6,0.8,5.5,224
202609080900,coppet,CGI,202609130600,1.6,0.6,5.3,128
202609080900,coppet,CGI,202609130700,1.8,0.8,5.1,72
202609080900,coppet,CGI,202609130800,1.8,0.8,6.7,63
202609080900,coppet,CGI,202609130900,2.3,1.1,8.2,77
202609080900,coppet,CGI,202609131000,2.6,1.2,8.2,75
202609080900,coppet,CGI,202609131100,3.0,1.6,9.0,84
202609080900,coppet,CGI,202609131200,3.3,1.7,9.6,83
202609080900,coppet,CGI,202609131300,3.3,1.8,10.0,88
202609080900,coppet,CGI,202609131400,3.7,1.8,10.5,93
202609080900,coppet,CGI,202609131500,3.9,2.1,9.7,94
202609080900,coppet,CGI,202609131600,3.2,1.6,9.6,75
202609080900,coppet,CGI,202609131700,2.4,1.2,9.3,58
202609080900,coppet,CGI,202609131800,2.2,1.0,8.0,41
202609080900,coppet,CGI,202609131900,2.1,1.0,7.7,23
202609080900,coppet,CGI,202609132000,1.8,0.8,6.9,1
202609080900,coppet,CGI,202609132100,1.7,0.8,6.4,343
202609080900,coppet,CGI,202609132200,1.5,0.6,5.2,22
202609080900,coppet,CGI,202609132300,1.3,0.5,3.9,9
202609080900,coppet,CGI,202609140000,1.2,0.5,3.6,25
202609080900,coppet,CGI,202609140100,1.1,0.5,5.6,350
202609080900,coppet,CGI,202609140200,1.3,0.5,4.1,24
202609080900,coppet,CGI,202609140300,1.3,0.5,3.5,33
202609080900,coppet,CGI,202609140400,1.2,0.5,4.5,55
202609080900,coppet,CGI,202609140500,1.5,0.6,3.7,51
202609080900,coppet,CGI,202609140600,1.5,0.6,5.5,56
202609080900,coppet,CGI,202609140700,1.5,0.6,6.3,62
202609080900,coppet,CGI,202609140800,1.9,0.9,6.3,62
202609080900,coppet,CGI,202609140900,2.3,1.1,8.2,62
202609080900,coppet,CGI,202609141000,2.8,1.2,8.3,56
202609080900,coppet,CGI,202609141100,3.2,1.6,8.9,64
202609080900,coppet,CGI,202609141200,3.5,1.8,10.0,65
202609080900,coppet,CGI,202609141300,3.6,1.7,11.3,56
202609080900,coppet,CGI,202609141400,3.4,1.7,9.6,52
202609080900,coppet,CGI,202609141500,3.1,1.6,10.7,50
202609080900,coppet,CGI,202609141600,2.9,1.2,9.7,37
202609080900,coppet,CGI,202609141700,2.6,1.2,9.7,24
202609080900,coppet,CGI,202609141800,2.5,1.1,9.2,35
202609080900,coppet,CGI,202609141900,2.5,1.0,8.6,18
202609080900,coppet,CGI,202609142000,1.9,0.9,8.0,39
202609080900,coppet,CGI,202609142100,2.0,0.8,7.4,28
202609080900,coppet,CGI,202609142200,1.7,0.7,7.1,30
202609080900,coppet,CGI,202609142300,1.6,0.7,6.3,13
202609080900,coppet,CGI,202609150000,1.6,0.6,6.6,46
202609080900,coppet,CGI,202609150100,1.3,0.5,5.9,42
202609080900,coppet,CGI,202609150200,1.3,0.5,5.3,345
202609080900,coppet,CGI,202609150300,1.2,0.5,5.5,353
202609080900,coppet,CGI,202609150400,1.3,0.6,4.4,39
202609080900,coppet,CGI,202609150500,1.3,0.6,5.0,197
202609080900,coppet,CGI,202609150600,1.3,0.6,4.9,158
202609080900,coppet,CGI,202609150700,1.5,0.7,5.2,136
202609080900,coppet,CGI,202609150800,1.8,0.8,6.1,170
202609080900,coppet,CGI,202609150900,2.1,1.0,7.8,167
202609080900,coppet,CGI,202609151000,2.6,1.2,7.8,155
202609080900,coppet,CGI,202609151100,2.9,1.4,8.8,160
202609080900,coppet,CGI,202609151200,3.3,1.5,9.6,168
202609080900,coppet,CGI,202609151300,3.1,1.6,8.9,155
202609080900,coppet,CGI,202609151400,3.2,1.6,10.9,184
202609080900,coppet,CGI,202609151500,2.7,1.3,10.5,220
202609080900,coppet,CGI,202609151600,2.8,1.3,9.6,227
202609080900,coppet,CGI,202609151700,2.4,1.2,9.5,248
202609080900,coppet,CGI,202609151800,2.3,1.1,9.3,261
202609080900,coppet,CGI,202609151900,2.0,0.9,8.3,247
202609080900,coppet,CGI,202609152000,2.0,0.9,7.9,237
202609080900,coppet,CGI,202609152100,1.5,0.6,7.3,244
202609080900,coppet,CGI,202609152200,1.6,0.6,7.3,229
202609080900,coppet,CGI,202609152300,1.5,0.6,6.5,228
202609080900,coppet,CGI,202609160000,1.5,0.6,6.2,219
202609080900,coppet,CGI,202609160100,1.5,0.6,5.7,232
202609080900,coppet,CGI,202609160200,1.5,0.6,5.2,235
202609080900,coppet,CGI,202609160300,1.5,0.6,6.7,209
202609080900,coppet,CGI,202609160400,1.5,0.6,6.6,226
202609080900,coppet,CGI,202609160500,1.6,0.7,6.5,211
202609080900,coppet,CGI,202609160600,1.6,0.6,6.3,201
202609080900,coppet,CGI,202609160700,1.8,0.8,7.0,220
202609080900,coppet,CGI,202609160800,2.2,0.9,7.4,198
202609080900,coppet,CGI,202609160900,2.4,1.1,8.0,168
202609080900,coppet,CGI,202609161000,2.9,1.3,8.5,155
202609080900,coppet,CGI,202609161100,3.5,1.7,9.1,134
202609080900,coppet,CGI,202609161200,4.2,2.1,10.2,179
202609080900,coppet,CGI,202609161300,3.9,1.9,10.2,139
202609080900,coppet,CGI,202609161400,3.7,1.7,11.3,108
202609080900,coppet,CGI,202609161500,3.6,1.7,11.0,43
202609080900,coppet,CGI,202609161600,3.3,1.6,10.0,28
202609080900,coppet,CGI,202609161700,3.0,1.5,10.7,23
202609080900,coppet,CGI,202609161800,2.9,1.3,9.9,17
202609080900,coppet,CGI,202609161900,2.4,1.1,9.1,22
202609080900,coppet,CGI,202609162000,2.6,1.2,8.2,18
202609080900,coppet,CGI,202609162100,2.3,1.0,8.3,24
202609080900,coppet,CGI,202609162200,2.4,1.0,7.8,21
202609080900,coppet,CGI,202609162300,2.2,1.0,8.0,23
202609080900,coppet,CGI,202609170000,2.3,0.9,7.5,29
202609080900,nyon,CGI,202609072200,3.8,3.8,5.2,324
202609080900,nyon,CGI,202609072300,3.9,3.9,5.6,325
202609080900,nyon,CGI,202609080000,2.8,2.8,5.6,323
202609080900,nyon,CGI,202609080100,2.2,2.2,5.6,308
202609080900,nyon,CGI,202609080200,2.8,2.8,5.1,338
202609080900,nyon,CGI,202609080300,3.0,3.0,7.2,310
202609080900,nyon,CGI,202609080400,2.4,2.4,7.2,301
202609080900,nyon,CGI,202609080500,2.4,2.4,5.5,340
202609080900,nyon,CGI,202609080600,2.8,2.8,4.6,319
202609080900,nyon,CGI,202609080700,2.3,2.3,4.1,307
202609080900,nyon,CGI,202609080800,1.7,1.7,4.3,215
202609080900,nyon,CGI,202609080900,3.4,3.4,7.5,202
202609080900,nyon,CGI,202609081000,5.0,3.0,10.3,203
202609080900,nyon,CGI,202609081100,6.7,4.0,13.4,202
202609080900,nyon,CGI,202609081200,8.0,5.4,17.3,201
202609080900,nyon,CGI,202609081300,8.4,5.8,22.5,220
202609080900,nyon,CGI,202609081400,8.7,5.8,27.6,251
202609080900,nyon,CGI,202609081500,8.7,6.0,30.8,235
202609080900,nyon,CGI,202609081600,7.4,4.5,28.1,247
202609080900,nyon,CGI,202609081700,5.7,3.2,18.1,261
202609080900,nyon,CGI,202609081800,4.9,2.6,16.8,273
202609080900,nyon,CGI,202609081900,3.9,1.9,14.0,248
202609080900,nyon,CGI,202609082000,4.6,2.2,13.8,261
202609080900,nyon,CGI,202609082100,4.5,2.4,14.5,261
202609080900,nyon,CGI,202609082200,3.5,1.9,14.3,229
202609080900,nyon,CGI,202609082300,3.2,1.7,10.4,234
202609080900,nyon,CGI,202609090000,2.6,1.2,8.6,235
202609080900,nyon,CGI,202609090100,2.4,1.2,7.6,226
202609080900,nyon,CGI,202609090200,2.3,1.1,7.6,243
202609080900,nyon,CGI,202609090300,2.0,1.0,5.8,251
202609080900,nyon,CGI,202609090400,2.5,1.2,6.7,239
202609080900,nyon,CGI,202609090500,2.4,1.2,9.1,247
202609080900,nyon,CGI,202609090600,2.6,1.5,9.0,252
202609080900,nyon,CGI,202609090700,3.6,1.8,10.0,261
202609080900,nyon,CGI,202609090800,3.6,2.1,12.1,271
202609080900,nyon,CGI,202609090900,4.6,2.6,13.1,287
202609080900,nyon,CGI,202609091000,4.8,3.0,13.4,289
202609080900,nyon,CGI,202609091100,5.3,3.1,13.2,291
202609080900,nyon,CGI,202609091200,4.6,2.7,13.6,298
202609080900,nyon,CGI,202609091300,5.1,3.0,13.6,302
202609080900,nyon,CGI,202609091400,5.4,3.4,13.5,313
202609080900,nyon,CGI,202609091500,5.3,3.2,12.7,323
202609080900,nyon,CGI,202609091600,4.6,2.9,10.9,22
202609080900,nyon,CGI,202609091700,4.4,2.5,10.5,0
202609080900,nyon,CGI,202609091800,3.9,2.3,9.9,357
202609080900,nyon,CGI,202609091900,4.4,2.5,10.9,351
202609080900,nyon,CGI,202609092000,4.2,2.3,11.3,5
202609080900,nyon,CGI,202609092100,3.8,1.9,10.9,15
202609080900,nyon,CGI,202609092200,3.8,2.1,10.3,13
202609080900,nyon,CGI,202609092300,4.3,2.3,10.6,11
202609080900,nyon,CGI,202609100000,4.9,2.5,11.6,19
202609080900,nyon,CGI,202609100100,5.4,2.9,13.1,22
202609080900,nyon,CGI,202609100200,5.8,3.1,14.7,25
202609080900,nyon,CGI,202609100300,5.5,3.1,14.7,29
202609080900,nyon,CGI,202609100400,6.6,3.7,15.0,28
202609080900,nyon,CGI,202609100500,6.0,3.0,15.3,31
202609080900,nyon,CGI,202609100600,6.0,3.1,15.1,35
202609080900,nyon,CGI,202609100700,8.7,5.5,19.5,42
202609080900,nyon,CGI,202609100800,10.7,7.0,21.9,49
202609080900,nyon,CGI,202609100900,10.4,7.0,21.7,50
202609080900,nyon,CGI,202609101000,11.4,7.3,22.6,57
202609080900,nyon,CGI,202609101100,10.2,6.5,21.1,58
202609080900,nyon,CGI,202609101200,9.6,6.2,20.6,65
202609080900,nyon,CGI,202609101300,9.4,6.3,20.4,70
202609080900,nyon,CGI,202609101400,8.9,6.0,18.9,67
202609080900,nyon,CGI,202609101500,7.8,4.9,17.5,66
202609080900,nyon,CGI,202609101600,7.5,4.4,15.4,63
202609080900,nyon,CGI,202609101700,4.9,2.7,14.4,48
202609080900,nyon,CGI,202609101800,4.2,2.3,10.4,358
202609080900,nyon,CGI,202609101900,3.7,2.1,8.4,354
202609080900,nyon,CGI,202609102000,3.8,2.0,8.5,358
202609080900,nyon,CGI,202609102100,3.2,1.6,8.7,355
202609080900,nyon,CGI,202609102200,2.5,1.3,7.2,350
202609080900,nyon,CGI,202609102300,2.4,1.3,6.6,336
202609080900,nyon,CGI,202609110000,2.5,1.3,4.8,327
202609080900,nyon,CGI,202609110100,2.3,1.1,4.2,335
202609080900,nyon,CGI,202609110200,2.2,1.1,4.1,313
202609080900,nyon,CGI,202609110300,2.5,1.3,3.4,327
202609080900,nyon,CGI,202609110400,2.1,1.1,3.3,330
202609080900,nyon,CGI,202609110500,2.1,1.1,2.9,320
202609080900,nyon,CGI,202609110600,1.9,1.1,2.9,312
202609080900,nyon,CGI,202609110700,1.5,0.8,2.3,150
202609080900,nyon,CGI,202609110800,2.2,1.2,3.3,109
202609080900,nyon,CGI,202609110900,2.5,1.5,5.8,114
202609080900,nyon,CGI,202609111000,3.1,1.8,8.0,113
202609080900,nyon,CGI,202609111100,3.6,2.2,9.1,101
202609080900,nyon,CGI,202609111200,4.3,2.6,9.2,101
202609080900,nyon,CGI,202609111300,4.4,2.6,9.7,104
202609080900,nyon,CGI,202609111400,4.4,2.5,10.1,105
202609080900,nyon,CGI,202609111500,4.4,2.5,10.1,76
202609080900,nyon,CGI,202609111600,3.5,1.9,9.2,64
202609080900,nyon,CGI,202609111700,3.0,1.6,8.9,14
202609080900,nyon,CGI,202609111800,3.7,2.2,8.4,336
202609080900,nyon,CGI,202609111900,4.2,2.3,9.3,338
202609080900,nyon,CGI,202609112000,3.3,1.8,8.7,353
202609080900,nyon,CGI,202609112100,2.3,1.1,8.6,347
202609080900,nyon,CGI,202609112200,2.1,1.1,7.8,346
202609080900,nyon,CGI,202609112300,2.1,1.1,6.9,359
202609080900,nyon,CGI,202609120000,2.1,1.0,5.2,353
202609080900,nyon,CGI,202609120100,1.9,1.0,3.4,356
202609080900,nyon,CGI,202609120200,2.4,1.2,3.7,356
202609080900,nyon,CGI,202609120300,2.3,1.2,5.2,4
202609080900,nyon,CGI,202609120400,2.2,1.1,5.1,0
202609080900,nyon,CGI,202609120500,2.4,1.1,7.1,12
202609080900,nyon,CGI,202609120600,2.6,1.2,7.5,15
202609080900,nyon,CGI,202609120700,2.9,1.1,8.7,47
202609080900,nyon,CGI,202609120800,3.7,1.7,9.7,64
202609080900,nyon,CGI,202609120900,6.2,3.3,13.9,61
202609080900,nyon,CGI,202609121000,7.0,4.2,15.4,71
202609080900,nyon,CGI,202609121100,6.6,3.9,16.2,71
202609080900,nyon,CGI,202609121200,6.9,4.1,15.6,78
202609080900,nyon,CGI,202609121300,7.0,3.9,16.0,79
202609080900,nyon,CGI,202609121400,7.1,4.5,15.2,78
202609080900,nyon,CGI,202609121500,6.3,3.6,15.4,72
202609080900,nyon,CGI,202609121600,4.8,2.6,13.7,62
202609080900,nyon,CGI,202609121700,3.7,1.9,11.7,34
202609080900,nyon,CGI,202609121800,4.2,2.3,10.0,359
202609080900,nyon,CGI,202609121900,4.4,2.3,9.7,11
202609080900,nyon,CGI,202609122000,3.7,2.0,10.1,5
202609080900,nyon,CGI,202609122100,3.0,1.5,9.2,8
202609080900,nyon,CGI,202609122200,3.3,1.5,9.2,6
202609080900,nyon,CGI,202609122300,3.0,1.5,8.7,6
202609080900,nyon,CGI,202609130000,2.6,1.3,8.4,10
202609080900,nyon,CGI,202609130100,1.7,0.7,5.9,40
202609080900,nyon,CGI,202609130200,1.7,0.6,6.0,17
202609080900,nyon,CGI,202609130300,1.6,0.6,6.5,25
202609080900,nyon,CGI,202609130400,1.7,0.7,5.5,33
202609080900,nyon,CGI,202609130500,1.7,0.8,6.5,47
202609080900,nyon,CGI,202609130600,2.0,0.9,6.7,46
202609080900,nyon,CGI,202609130700,2.0,0.9,6.4,69
202609080900,nyon,CGI,202609130800,2.1,1.1,6.7,69
202609080900,nyon,CGI,202609130900,2.8,1.2,8.0,88
202609080900,nyon,CGI,202609131000,2.9,1.4,8.6,91
202609080900,nyon,CGI,202609131100,3.3,1.6,9.4,97
202609080900,nyon,CGI,202609131200,3.9,2.0,9.9,101
202609080900,nyon,CGI,202609131300,3.7,1.8,10.7,98
202609080900,nyon,CGI,202609131400,4.0,2.1,10.2,92
202609080900,nyon,CGI,202609131500,3.7,1.9,11.0,92
202609080900,nyon,CGI,202609131600,3.3,1.5,10.2,109
202609080900,nyon,CGI,202609131700,2.5,1.2,9.6,52
202609080900,nyon,CGI,202609131800,2.3,1.1,8.4,18
202609080900,nyon,CGI,202609131900,2.1,1.0,8.1,352
202609080900,nyon,CGI,202609132000,2.0,1.0,7.0,356
202609080900,nyon,CGI,202609132100,1.9,0.8,6.9,7
202609080900,nyon,CGI,202609132200,2.0,0.9,6.7,9
202609080900,nyon,CGI,202609132300,1.9,0.8,5.8,13
202609080900,nyon,CGI,202609140000,1.6,0.7,5.8,24
202609080900,nyon,CGI,202609140100,1.5,0.6,5.9,26
202609080900,nyon,CGI,202609140200,1.7,0.7,6.4,28
202609080900,nyon,CGI,202609140300,1.5,0.6,6.0,27
202609080900,nyon,CGI,202609140400,1.6,0.7,5.2,26
202609080900,nyon,CGI,202609140500,1.7,0.8,5.2,28
202609080900,nyon,CGI,202609140600,1.9,0.9,6.6,30
202609080900,nyon,CGI,202609140700,2.0,1.0,6.7,50
202609080900,nyon,CGI,202609140800,1.9,0.9,7.3,52
202609080900,nyon,CGI,202609140900,2.5,1.1,8.2,68
202609080900,nyon,CGI,202609141000,2.8,1.3,9.0,70
202609080900,nyon,CGI,202609141100,3.2,1.5,10.2,84
202609080900,nyon,CGI,202609141200,3.8,1.8,10.3,81
202609080900,nyon,CGI,202609141300,3.8,1.9,10.7,80
202609080900,nyon,CGI,202609141400,3.7,1.9,11.6,79
202609080900,nyon,CGI,202609141500,3.3,1.5,10.4,68
202609080900,nyon,CGI,202609141600,3.0,1.5,10.9,65
202609080900,nyon,CGI,202609141700,2.9,1.3,9.8,36
202609080900,nyon,CGI,202609141800,2.9,1.3,9.1,14
202609080900,nyon,CGI,202609141900,2.5,1.1,8.6,26
202609080900,nyon,CGI,202609142000,2.1,1.0,7.8,29
202609080900,nyon,CGI,202609142100,2.0,0.9,7.6,25
202609080900,nyon,CGI,202609142200,1.8,0.8,7.8,10
202609080900,nyon,CGI,202609142300,1.8,0.7,7.2,21
202609080900,nyon,CGI,202609150000,1.8,0.7,7.6,20
202609080900,nyon,CGI,202609150100,1.5,0.6,7.6,28
202609080900,nyon,CGI,202609150200,1.8,0.8,7.0,27
202609080900,nyon,CGI,202609150300,1.6,0.7,7.3,32
202609080900,nyon,CGI,202609150400,1.7,0.6,6.5,38
202609080900,nyon,CGI,202609150500,1.7,0.7,5.8,46
202609080900,nyon,CGI,202609150600,1.6,0.8,6.0,42
202609080900,nyon,CGI,202609150700,1.6,0.7,7.3,39
202609080900,nyon,CGI,202609150800,1.7,0.8,7.5,78
202609080900,nyon,CGI,202609150900,2.2,1.1,8.3,142
202609080900,nyon,CGI,202609151000,2.8,1.3,9.3,140
202609080900,nyon,CGI,202609151100,3.6,1.8,9.8,141
202609080900,nyon,CGI,202609151200,3.8,1.8,10.4,148
202609080900,nyon,CGI,202609151300,3.5,1.8,10.6,155
202609080900,nyon,CGI,202609151400,3.6,1.8,11.1,173
202609080900,nyon,CGI,202609151500,3.2,1.6,10.3,186
202609080900,nyon,CGI,202609151600,2.9,1.6,11.1,218
202609080900,nyon,CGI,202609151700,2.9,1.3,9.7,240
202609080900,nyon,CGI,202609151800,2.5,1.2,9.9,257
202609080900,nyon,CGI,202609151900,2.2,1.0,8.6,252
202609080900,nyon,CGI,202609152000,2.1,1.0,9.0,261
202609080900,nyon,CGI,202609152100,1.8,0.8,8.0,279
202609080900,nyon,CGI,202609152200,1.9,0.8,7.6,255
202609080900,nyon,CGI,202609152300,1.9,0.8,7.1,267
202609080900,nyon,CGI,202609160000,1.7,0.8,6.7,252
202609080900,nyon,CGI,202609160100,1.8,0.8,7.1,244
202609080900,nyon,CGI,202609160200,1.6,0.5,6.8,246
202609080900,nyon,CGI,202609160300,1.6,0.6,6.9,244
202609080900,nyon,CGI,202609160400,1.9,0.6,6.3,235
202609080900,nyon,CGI,202609160500,1.7,0.7,7.6,208
202609080900,nyon,CGI,202609160600,1.9,0.8,7.8,241
202609080900,nyon,CGI,202609160700,2.0,0.9,7.2,238
202609080900,nyon,CGI,202609160800,2.2,1.0,8.3,226
202609080900,nyon,CGI,202609160900,2.6,1.1,8.2,180
202609080900,nyon,CGI,202609161000,3.1,1.5,9.2,180
202609080900,nyon,CGI,202609161100,3.6,1.7,10.4,146
202609080900,nyon,CGI,202609161200,4.4,2.2,10.4,152
202609080900,nyon,CGI,202609161300,3.7,1.9,11.4,107
202609080900,nyon,CGI,202609161400,3.8,1.9,11.8,133
202609080900,nyon,CGI,202609161500,3.7,1.8,12.0,52
202609080900,nyon,CGI,202609161600,3.5,1.6,10.9,15
202609080900,nyon,CGI,202609161700,3.1,1.3,10.9,28
202609080900,nyon,CGI,202609161800,3.0,1.4,10.6,15
202609080900,nyon,CGI,202609161900,2.8,1.3,9.9,16
202609080900,nyon,CGI,202609162000,2.8,1.2,9.4,20
202609080900,nyon,CGI,202609162100,2.5,1.0,8.2,19
202609080900,nyon,CGI,202609162200,2.6,1.1,8.0,30
202609080900,nyon,CGI,202609162300,2.5,1.1,7.9,23
202609080900,nyon,CGI,202609170000,2.6,1.1,7.8,25
202609080900,preverenges,PRE,202609072200,3.3,3.3,6.2,321
202609080900,preverenges,PRE,202609072300,3.3,3.3,6.2,320
202609080900,preverenges,PRE,202609080000,2.9,2.9,6.0,288
202609080900,preverenges,PRE,202609080100,3.9,3.9,6.0,314
202609080900,preverenges,PRE,202609080200,3.0,3.0,5.6,321
202609080900,preverenges,PRE,202609080300,2.6,2.6,5.2,334
202609080900,preverenges,PRE,202609080400,2.4,2.4,5.2,342
202609080900,preverenges,PRE,202609080500,2.6,2.6,3.9,342
202609080900,preverenges,PRE,202609080600,3.1,3.1,5.2,328
202609080900,preverenges,PRE,202609080700,2.3,2.3,5.2,267
202609080900,preverenges,PRE,202609080800,2.6,2.6,5.2,206
202609080900,preverenges,PRE,202609080900,4.2,4.2,8.0,193
202609080900,preverenges,PRE,202609081000,5.1,3.7,10.3,201
202609080900,preverenges,PRE,202609081100,5.3,3.9,10.7,193
202609080900,preverenges,PRE,202609081200,5.1,3.5,10.8,185
202609080900,preverenges,PRE,202609081300,4.3,2.6,10.0,177
202609080900,preverenges,PRE,202609081400,3.5,1.3,9.2,163
202609080900,preverenges,PRE,202609081500,6.6,3.8,26.9,233
202609080900,preverenges,PRE,202609081600,7.1,4.0,29.3,248
202609080900,preverenges,PRE,202609081700,6.5,3.5,20.4,260
202609080900,preverenges,PRE,202609081800,5.8,2.9,16.3,265
202609080900,preverenges,PRE,202609081900,5.3,2.8,15.9,262
202609080900,preverenges,PRE,202609082000,5.3,2.9,12.8,254
202609080900,preverenges,PRE,202609082100,5.5,3.2,12.1,245
202609080900,preverenges,PRE,202609082200,6.5,3.7,11.9,243
202609080900,preverenges,PRE,202609082300,6.4,3.4,12.8,247
202609080900,preverenges,PRE,202609090000,6.3,3.6,11.6,246
202609080900,preverenges,PRE,202609090100,5.3,2.9,12.1,247
202609080900,preverenges,PRE,202609090200,5.2,2.8,11.7,251
202609080900,preverenges,PRE,202609090300,5.2,2.8,11.0,253
202609080900,preverenges,PRE,202609090400,4.4,2.3,10.9,250
202609080900,preverenges,PRE,202609090500,3.8,2.0,11.1,246
202609080900,preverenges,PRE,202609090600,4.2,2.2,11.3,250
202609080900,preverenges,PRE,202609090700,4.1,2.3,11.3,238
202609080900,preverenges,PRE,202609090800,4.1,2.3,12.4,239
202609080900,preverenges,PRE,202609090900,3.8,2.2,10.4,233
202609080900,preverenges,PRE,202609091000,3.8,2.4,9.8,214
202609080900,preverenges,PRE,202609091100,4.5,2.7,10.7,190
202609080900,preverenges,PRE,202609091200,4.4,2.6,10.9,168
202609080900,preverenges,PRE,202609091300,4.5,3.0,10.5,151
202609080900,preverenges,PRE,202609091400,4.4,2.8,11.2,133
202609080900,preverenges,PRE,202609091500,4.3,2.5,11.3,64
202609080900,preverenges,PRE,202609091600,5.2,3.1,11.3,31
202609080900,preverenges,PRE,202609091700,6.0,3.7,12.4,22
202609080900,preverenges,PRE,202609091800,6.3,3.6,13.0,13
202609080900,preverenges,PRE,202609091900,6.7,3.8,12.4,13
202609080900,preverenges,PRE,202609092000,7.2,3.8,13.6,8
202609080900,preverenges,PRE,202609092100,6.8,4.0,12.9,8
202609080900,preverenges,PRE,202609092200,7.8,4.7,14.0,7
202609080900,preverenges,PRE,202609092300,8.2,4.8,14.8,11
202609080900,preverenges,PRE,202609100000,9.4,5.2,17.0,11
202609080900,preverenges,PRE,202609100100,9.8,5.6,16.6,13
202609080900,preverenges,PRE,202609100200,9.9,5.6,17.4,15
202609080900,preverenges,PRE,202609100300,10.0,6.3,17.6,14
202609080900,preverenges,PRE,202609100400,9.8,5.9,18.5,14
202609080900,preverenges,PRE,202609100500,10.4,5.9,19.0,20
202609080900,preverenges,PRE,202609100600,10.7,6.4,19.4,16
202609080900,preverenges,PRE,202609100700,11.5,7.1,19.8,24
202609080900,preverenges,PRE,202609100800,12.1,7.6,21.2,30
202609080900,preverenges,PRE,202609100900,11.6,7.3,22.0,35
202609080900,preverenges,PRE,202609101000,11.4,7.6,22.7,36
202609080900,preverenges,PRE,202609101100,11.0,7.1,21.9,37
202609080900,preverenges,PRE,202609101200,9.9,6.1,20.2,41
202609080900,preverenges,PRE,202609101300,9.4,6.1,19.1,43
202609080900,preverenges,PRE,202609101400,8.6,5.4,19.0,47
202609080900,preverenges,PRE,202609101500,8.0,5.0,18.1,48
202609080900,preverenges,PRE,202609101600,8.3,4.7,17.1,39
202609080900,preverenges,PRE,202609101700,7.6,4.3,15.5,28
202609080900,preverenges,PRE,202609101800,6.6,3.9,13.0,357
202609080900,preverenges,PRE,202609101900,7.0,3.9,11.5,359
202609080900,preverenges,PRE,202609102000,7.6,4.3,12.4,0
202609080900,preverenges,PRE,202609102100,6.9,3.8,12.5,3
202609080900,preverenges,PRE,202609102200,5.4,2.8,11.0,0
202609080900,preverenges,PRE,202609102300,4.6,2.3,10.0,7
202609080900,preverenges,PRE,202609110000,3.9,2.1,8.7,6
202609080900,preverenges,PRE,202609110100,3.6,1.8,8.6,6
202609080900,preverenges,PRE,202609110200,3.5,1.7,8.2,7
202609080900,preverenges,PRE,202609110300,3.6,1.8,7.9,3
202609080900,preverenges,PRE,202609110400,3.2,1.6,7.5,6
202609080900,preverenges,PRE,202609110500,3.3,1.7,6.9,5
202609080900,preverenges,PRE,202609110600,3.0,1.5,7.6,8
202609080900,preverenges,PRE,202609110700,2.8,1.4,7.9,15
202609080900,preverenges,PRE,202609110800,2.9,1.5,8.4,48
202609080900,preverenges,PRE,202609110900,2.8,1.5,8.7,81
202609080900,preverenges,PRE,202609111000,3.1,1.7,8.5,108
202609080900,preverenges,PRE,202609111100,3.2,1.9,8.8,127
202609080900,preverenges,PRE,202609111200,3.6,2.0,8.8,130
202609080900,preverenges,PRE,202609111300,3.8,2.3,9.5,138
202609080900,preverenges,PRE,202609111400,4.0,2.3,10.0,130
202609080900,preverenges,PRE,202609111500,3.5,1.9,9.7,129
202609080900,preverenges,PRE,202609111600,3.7,2.1,9.9,67
202609080900,preverenges,PRE,202609111700,3.2,1.7,9.0,10
202609080900,preverenges,PRE,202609111800,3.7,2.0,8.7,3
202609080900,preverenges,PRE,202609111900,4.4,2.5,9.4,355
202609080900,preverenges,PRE,202609112000,4.6,2.5,9.9,354
202609080900,preverenges,PRE,202609112100,4.6,2.4,9.2,3
202609080900,preverenges,PRE,202609112200,4.3,2.4,9.6,8
202609080900,preverenges,PRE,202609112300,4.2,2.3,9.1,10
202609080900,preverenges,PRE,202609120000,4.0,2.1,9.4,9
202609080900,preverenges,PRE,202609120100,4.2,2.3,9.4,14
202609080900,preverenges,PRE,202609120200,4.9,2.6,9.3,11
202609080900,preverenges,PRE,202609120300,4.9,2.4,9.3,12
202609080900,preverenges,PRE,202609120400,5.0,2.5,9.6,12
202609080900,preverenges,PRE,202609120500,5.6,2.9,10.5,16
202609080900,preverenges,PRE,202609120600,6.3,3.3,11.0,18
202609080900,preverenges,PRE,202609120700,6.4,3.3,13.6,22
202609080900,preverenges,PRE,202609120800,7.8,4.5,15.9,30
202609080900,preverenges,PRE,202609120900,8.0,4.9,15.9,35
202609080900,preverenges,PRE,202609121000,7.7,4.4,16.6,40
202609080900,preverenges,PRE,202609121100,7.2,4.3,16.0,50
202609080900,preverenges,PRE,202609121200,7.5,4.0,15.6,56
202609080900,preverenges,PRE,202609121300,6.5,3.9,15.6,59
202609080900,preverenges,PRE,202609121400,6.5,3.8,14.2,59
202609080900,preverenges,PRE,202609121500,6.3,3.6,14.6,59
202609080900,preverenges,PRE,202609121600,5.6,3.1,15.0,50
202609080900,preverenges,PRE,202609121700,5.0,2.7,13.2,27
202609080900,preverenges,PRE,202609121800,5.3,2.9,12.9,3
202609080900,preverenges,PRE,202609121900,6.4,3.5,13.0,1
202609080900,preverenges,PRE,202609122000,6.2,3.6,12.3,358
202609080900,preverenges,PRE,202609122100,5.6,2.8,12.9,4
202609080900,preverenges,PRE,202609122200,4.9,2.4,10.8,7
202609080900,preverenges,PRE,202609122300,4.4,2.1,10.7,5
202609080900,preverenges,PRE,202609130000,4.0,1.9,9.7,7
202609080900,preverenges,PRE,202609130100,2.0,0.8,7.5,19
202609080900,preverenges,PRE,202609130200,1.8,0.8,6.2,12
202609080900,preverenges,PRE,202609130300,1.8,0.8,6.2,10
202609080900,preverenges,PRE,202609130400,1.9,0.9,6.5,16
202609080900,preverenges,PRE,202609130500,1.9,0.9,7.1,23
202609080900,preverenges,PRE,202609130600,2.2,0.9,6.7,25
202609080900,preverenges,PRE,202609130700,2.2,0.9,7.0,40
202609080900,preverenges,PRE,202609130800,2.3,1.1,8.0,53
202609080900,preverenges,PRE,202609130900,2.8,1.2,8.0,76
202609080900,preverenges,PRE,202609131000,3.0,1.4,8.8,84
202609080900,preverenges,PRE,202609131100,3.5,1.6,9.7,97
202609080900,preverenges,PRE,202609131200,3.9,2.0,9.8,104
202609080900,preverenges,PRE,202609131300,3.9,1.9,11.2,108
202609080900,preverenges,PRE,202609131400,4.0,2.1,11.6,101
202609080900,preverenges,PRE,202609131500,3.6,1.8,11.3,109
202609080900,preverenges,PRE,202609131600,3.3,1.6,9.9,88
202609080900,preverenges,PRE,202609131700,2.9,1.5,9.2,52
202609080900,preverenges,PRE,202609131800,2.8,1.3,9.9,16
202609080900,preverenges,PRE,202609131900,2.5,1.1,8.7,10
202609080900,preverenges,PRE,202609132000,2.8,1.3,7.2,1
202609080900,preverenges,PRE,202609132100,2.6,1.2,7.1,10
202609080900,preverenges,PRE,202609132200,2.6,1.2,7.1,7
202609080900,preverenges,PRE,202609132300,2.5,1.0,6.2,15
202609080900,preverenges,PRE,202609140000,2.0,0.8,6.0,19
202609080900,preverenges,PRE,202609140100,2.2,0.9,7.5,11
202609080900,preverenges,PRE,202609140200,2.6,1.0,7.0,23
202609080900,preverenges,PRE,202609140300,2.4,1.0,7.4,17
202609080900,preverenges,PRE,202609140400,2.6,1.0,7.1,21
202609080900,preverenges,PRE,202609140500,2.8,1.2,7.1,19
202609080900,preverenges,PRE,202609140600,2.6,1.2,7.6,16
202609080900,preverenges,PRE,202609140700,2.8,1.3,7.4,28
202609080900,preverenges,PRE,202609140800,2.5,1.1,7.9,36
202609080900,preverenges,PRE,202609140900,2.8,1.4,8.6,40
202609080900,preverenges,PRE,202609141000,2.9,1.5,8.2,62
202609080900,preverenges,PRE,202609141100,3.6,1.6,9.4,65
202609080900,preverenges,PRE,202609141200,4.0,1.9,10.6,80
202609080900,preverenges,PRE,202609141300,3.8,1.8,12.0,66
202609080900,preverenges,PRE,202609141400,3.3,1.7,12.0,54
202609080900,preverenges,PRE,202609141500,3.7,1.7,11.7,42
202609080900,preverenges,PRE,202609141600,3.5,1.6,11.5,24
202609080900,preverenges,PRE,202609141700,3.2,1.5,10.0,13
202609080900,preverenges,PRE,202609141800,3.3,1.5,9.9,7
202609080900,preverenges,PRE,202609141900,2.9,1.4,9.3,9
202609080900,preverenges,PRE,202609142000,2.6,1.2,8.9,16
202609080900,preverenges,PRE,202609142100,2.3,0.9,7.8,17
202609080900,preverenges,PRE,202609142200,2.5,1.1,7.9,13
202609080900,preverenges,PRE,202609142300,2.4,1.0,7.6,17
202609080900,preverenges,PRE,202609150000,2.3,0.9,7.6,17
202609080900,preverenges,PRE,202609150100,2.2,0.9,7.8,14
202609080900,preverenges,PRE,202609150200,2.3,1.0,7.2,21
202609080900,preverenges,PRE,202609150300,2.4,1.0,6.3,15
202609080900,preverenges,PRE,202609150400,2.1,0.9,6.7,20
202609080900,preverenges,PRE,202609150500,2.3,0.9,6.8,17
202609080900,preverenges,PRE,202609150600,2.2,0.9,7.0,33
202609080900,preverenges,PRE,202609150700,2.2,0.9,7.0,36
202609080900,preverenges,PRE,202609150800,2.1,1.0,7.2,52
202609080900,preverenges,PRE,202609150900,2.2,1.0,7.7,91
202609080900,preverenges,PRE,202609151000,2.8,1.3,9.1,114
202609080900,preverenges,PRE,202609151100,3.2,1.5,9.6,156
202609080900,preverenges,PRE,202609151200,3.8,1.8,10.8,152
202609080900,preverenges,PRE,202609151300,3.5,1.9,10.5,175
202609080900,preverenges,PRE,202609151400,3.6,1.7,11.3,152
202609080900,preverenges,PRE,202609151500,3.1,1.5,10.4,172
202609080900,preverenges,PRE,202609151600,3.0,1.5,10.5,209
202609080900,preverenges,PRE,202609151700,2.7,1.4,9.8,246
202609080900,preverenges,PRE,202609151800,2.6,1.2,10.3,279
202609080900,preverenges,PRE,202609151900,2.5,1.1,9.3,287
202609080900,preverenges,PRE,202609152000,2.1,1.0,8.1,296
202609080900,preverenges,PRE,202609152100,2.1,0.8,8.0,298
202609080900,preverenges,PRE,202609152200,2.1,0.9,8.0,283
202609080900,preverenges,PRE,202609152300,1.8,0.8,7.0,289
202609080900,preverenges,PRE,202609160000,1.8,0.6,6.8,288
202609080900,preverenges,PRE,202609160100,2.0,0.8,6.4,292
202609080900,preverenges,PRE,202609160200,1.9,0.8,6.5,287
202609080900,preverenges,PRE,202609160300,2.3,1.0,7.2,296
202609080900,preverenges,PRE,202609160400,2.2,0.9,7.3,342
202609080900,preverenges,PRE,202609160500,2.2,0.9,7.5,324
202609080900,preverenges,PRE,202609160600,2.5,1.0,7.0,2
202609080900,preverenges,PRE,202609160700,2.2,0.9,7.6,316
202609080900,preverenges,PRE,202609160800,2.3,1.0,7.9,219
202609080900,preverenges,PRE,202609160900,2.9,1.3,9.1,230
202609080900,preverenges,PRE,202609161000,3.3,1.6,9.6,144
202609080900,preverenges,PRE,202609161100,3.8,1.8,10.6,169
202609080900,preverenges,PRE,202609161200,4.3,2.2,10.6,175
202609080900,preverenges,PRE,202609161300,4.3,2.1,11.0,148
202609080900,preverenges,PRE,202609161400,3.9,2.1,12.1,74
202609080900,preverenges,PRE,202609161500,3.6,1.7,11.7,28
202609080900,preverenges,PRE,202609161600,3.5,1.6,12.0,24
202609080900,preverenges,PRE,202609161700,3.8,1.8,11.1,16
202609080900,preverenges,PRE,202609161800,3.9,2.0,10.6,11
202609080900,preverenges,PRE,202609161900,3.3,1.6,10.2,18
202609080900,preverenges,PRE,202609162000,3.1,1.3,9.5,13
202609080900,preverenges,PRE,202609162100,3.5,1.6,9.0,18
202609080900,preverenges,PRE,202609162200,3.4,1.5,8.3,15
202609080900,preverenges,PRE,202609162300,3.3,1.4,7.7,14
202609080900,preverenges,PRE,202609170000,3.4,1.3,8.6,12
202609080900,bouveret,BOU,202609072200,2.6,2.6,9.3,127
202609080900,bouveret,BOU,202609072300,2.2,2.2,9.3,89
202609080900,bouveret,BOU,202609080000,1.3,1.3,2.8,118
202609080900,bouveret,BOU,202609080100,3.2,3.2,9.9,161
202609080900,bouveret,BOU,202609080200,2.3,2.3,9.9,295
202609080900,bouveret,BOU,202609080300,2.2,2.2,4.4,129
202609080900,bouveret,BOU,202609080400,1.7,1.7,4.4,352
202609080900,bouveret,BOU,202609080500,4.2,4.2,10.9,40
202609080900,bouveret,BOU,202609080600,5.0,5.0,14.0,267
202609080900,bouveret,BOU,202609080700,2.6,2.6,11.2,189
202609080900,bouveret,BOU,202609080800,2.1,2.1,5.5,213
202609080900,bouveret,BOU,202609080900,3.5,3.5,8.5,271
202609080900,bouveret,BOU,202609081000,3.3,1.7,8.5,264
202609080900,bouveret,BOU,202609081100,3.3,1.5,8.0,249
202609080900,bouveret,BOU,202609081200,3.1,1.4,7.4,234
202609080900,bouveret,BOU,202609081300,2.4,1.1,6.2,229
202609080900,bouveret,BOU,202609081400,1.8,0.6,5.1,220
202609080900,bouveret,BOU,202609081500,3.1,1.8,12.3,335
202609080900,bouveret,BOU,202609081600,4.5,2.4,18.0,346
202609080900,bouveret,BOU,202609081700,5.5,3.1,19.4,141
202609080900,bouveret,BOU,202609081800,5.7,3.1,17.0,137
202609080900,bouveret,BOU,202609081900,4.8,2.5,18.5,121
202609080900,bouveret,BOU,202609082000,4.8,2.2,14.8,115
202609080900,bouveret,BOU,202609082100,4.2,1.9,16.5,121
202609080900,bouveret,BOU,202609082200,5.4,2.8,16.6,312
202609080900,bouveret,BOU,202609082300,8.2,4.5,21.7,311
202609080900,bouveret,BOU,202609090000,7.5,4.3,21.1,326
202609080900,bouveret,BOU,202609090100,5.5,2.8,18.5,337
202609080900,bouveret,BOU,202609090200,5.2,2.9,15.9,353
202609080900,bouveret,BOU,202609090300,4.7,2.4,14.5,31
202609080900,bouveret,BOU,202609090400,6.9,3.8,16.7,315
202609080900,bouveret,BOU,202609090500,6.7,3.8,19.9,311
202609080900,bouveret,BOU,202609090600,6.0,3.1,17.7,311
202609080900,bouveret,BOU,202609090700,6.4,3.3,18.4,307
202609080900,bouveret,BOU,202609090800,6.8,3.9,18.8,312
202609080900,bouveret,BOU,202609090900,7.5,4.2,17.0,316
202609080900,bouveret,BOU,202609091000,6.7,4.1,16.4,317
202609080900,bouveret,BOU,202609091100,6.9,4.4,14.6,316
202609080900,bouveret,BOU,202609091200,6.9,4.5,14.4,314
202609080900,bouveret,BOU,202609091300,6.3,3.8,12.6,312
202609080900,bouveret,BOU,202609091400,5.4,3.4,12.3,305
202609080900,bouveret,BOU,202609091500,5.3,3.4,12.4,306
202609080900,bouveret,BOU,202609091600,5.0,2.9,11.3,305
202609080900,bouveret,BOU,202609091700,4.6,2.6,11.8,309
202609080900,bouveret,BOU,202609091800,3.9,2.3,11.6,305
202609080900,bouveret,BOU,202609091900,4.0,2.2,9.9,300
202609080900,bouveret,BOU,202609092000,3.6,2.1,10.8,283
202609080900,bouveret,BOU,202609092100,3.2,1.8,9.3,268
202609080900,bouveret,BOU,202609092200,2.5,1.3,9.0,156
202609080900,bouveret,BOU,202609092300,2.1,1.1,6.4,130
202609080900,bouveret,BOU,202609100000,2.1,1.2,4.6,129
202609080900,bouveret,BOU,202609100100,1.9,1.0,4.3,114
202609080900,bouveret,BOU,202609100200,2.1,1.2,3.7,131
202609080900,bouveret,BOU,202609100300,1.8,1.0,3.7,122
202609080900,bouveret,BOU,202609100400,1.8,1.0,3.1,113
202609080900,bouveret,BOU,202609100500,2.1,1.0,3.5,122
202609080900,bouveret,BOU,202609100600,2.1,1.1,3.2,119
202609080900,bouveret,BOU,202609100700,2.3,1.2,5.5,146
202609080900,bouveret,BOU,202609100800,2.5,1.5,7.2,300
202609080900,bouveret,BOU,202609100900,2.8,1.5,7.4,303
202609080900,bouveret,BOU,202609101000,3.2,1.8,8.6,301
202609080900,bouveret,BOU,202609101100,3.6,2.3,9.1,304
202609080900,bouveret,BOU,202609101200,4.4,2.7,10.2,301
202609080900,bouveret,BOU,202609101300,5.5,3.2,11.6,297
202609080900,bouveret,BOU,202609101400,5.9,3.6,13.3,294
202609080900,bouveret,BOU,202609101500,6.2,3.7,13.9,300
202609080900,bouveret,BOU,202609101600,5.4,3.1,12.6,307
202609080900,bouveret,BOU,202609101700,4.9,2.8,11.7,300
202609080900,bouveret,BOU,202609101800,3.9,2.2,9.5,279
202609080900,bouveret,BOU,202609101900,3.1,1.7,8.3,239
202609080900,bouveret,BOU,202609102000,2.4,1.2,7.3,147
202609080900,bouveret,BOU,202609102100,2.1,1.1,3.8,152
202609080900,bouveret,BOU,202609102200,2.2,1.0,5.8,171
202609080900,bouveret,BOU,202609102300,2.2,1.1,6.9,140
202609080900,bouveret,BOU,202609110000,2.3,1.2,5.5,137
202609080900,bouveret,BOU,202609110100,2.2,1.0,6.6,141
202609080900,bouveret,BOU,202609110200,2.3,1.2,5.8,130
202609080900,bouveret,BOU,202609110300,2.1,1.0,4.7,114
202609080900,bouveret,BOU,202609110400,2.2,1.1,5.9,122
202609080900,bouveret,BOU,202609110500,2.1,1.0,4.0,129
202609080900,bouveret,BOU,202609110600,2.0,1.0,3.3,124
202609080900,bouveret,BOU,202609110700,2.2,1.1,4.7,144
202609080900,bouveret,BOU,202609110800,2.5,1.3,7.8,296
202609080900,bouveret,BOU,202609110900,2.9,1.7,8.3,302
202609080900,bouveret,BOU,202609111000,3.9,2.3,9.1,299
202609080900,bouveret,BOU,202609111100,4.2,2.6,9.0,296
202609080900,bouveret,BOU,202609111200,4.2,2.5,10.0,299
202609080900,bouveret,BOU,202609111300,4.0,2.3,9.8,297
202609080900,bouveret,BOU,202609111400,4.1,2.5,10.0,302
202609080900,bouveret,BOU,202609111500,3.9,2.4,9.3,299
202609080900,bouveret,BOU,202609111600,4.3,2.5,10.0,296
202609080900,bouveret,BOU,202609111700,3.9,2.3,9.7,287
202609080900,bouveret,BOU,202609111800,3.1,1.8,8.8,278
202609080900,bouveret,BOU,202609111900,2.9,1.5,8.7,239
202609080900,bouveret,BOU,202609112000,2.7,1.5,8.6,247
202609080900,bouveret,BOU,202609112100,2.3,1.2,8.2,164
202609080900,bouveret,BOU,202609112200,2.5,1.3,7.3,126
202609080900,bouveret,BOU,202609112300,2.4,1.2,7.1,127
202609080900,bouveret,BOU,202609120000,2.2,1.0,6.7,126
202609080900,bouveret,BOU,202609120100,2.5,1.3,6.3,124
202609080900,bouveret,BOU,202609120200,2.2,1.0,5.9,132
202609080900,bouveret,BOU,202609120300,2.3,1.2,3.5,120
202609080900,bouveret,BOU,202609120400,2.3,1.2,4.3,125
202609080900,bouveret,BOU,202609120500,2.5,1.2,4.2,119
202609080900,bouveret,BOU,202609120600,2.1,1.1,3.1,122
202609080900,bouveret,BOU,202609120700,2.2,1.1,4.8,127
202609080900,bouveret,BOU,202609120800,2.2,1.2,6.1,143
202609080900,bouveret,BOU,202609120900,2.6,1.5,7.7,309
202609080900,bouveret,BOU,202609121000,3.2,1.8,8.9,303
202609080900,bouveret,BOU,202609121100,3.7,2.1,9.8,302
202609080900,bouveret,BOU,202609121200,4.5,2.6,11.3,303
202609080900,bouveret,BOU,202609121300,5.3,3.1,12.9,311
202609080900,bouveret,BOU,202609121400,5.9,3.3,13.1,302
202609080900,bouveret,BOU,202609121500,5.6,3.5,13.2,307
202609080900,bouveret,BOU,202609121600,4.8,2.8,12.5,305
202609080900,bouveret,BOU,202609121700,3.9,2.3,10.9,301
202609080900,bouveret,BOU,202609121800,3.1,1.7,9.3,241
202609080900,bouveret,BOU,202609121900,2.8,1.5,8.2,154
202609080900,bouveret,BOU,202609122000,2.3,1.3,6.6,141
202609080900,bouveret,BOU,202609122100,2.2,1.2,4.2,140
202609080900,bouveret,BOU,202609122200,2.1,1.2,3.3,124
202609080900,bouveret,BOU,202609122300,2.2,1.1,3.7,128
202609080900,bouveret,BOU,202609130000,2.2,1.0,4.3,122
202609080900,bouveret,BOU,202609130100,1.7,0.8,6.6,118
202609080900,bouveret,BOU,202609130200,1.8,0.8,5.0,110
202609080900,bouveret,BOU,202609130300,1.8,0.8,6.3,112
202609080900,bouveret,BOU,202609130400,1.9,0.8,6.2,121
202609080900,bouveret,BOU,202609130500,1.9,0.8,5.7,114
202609080900,bouveret,BOU,202609130600,1.9,0.9,7.2,119
202609080900,bouveret,BOU,202609130700,1.8,0.8,7.3,132
202609080900,bouveret,BOU,202609130800,1.6,0.8,7.2,342
202609080900,bouveret,BOU,202609130900,2.3,1.0,8.5,295
202609080900,bouveret,BOU,202609131000,2.5,1.2,8.7,296
202609080900,bouveret,BOU,202609131100,3.1,1.5,9.3,293
202609080900,bouveret,BOU,202609131200,3.5,1.8,10.6,295
202609080900,bouveret,BOU,202609131300,3.6,1.8,10.3,297
202609080900,bouveret,BOU,202609131400,3.4,1.8,10.5,293
202609080900,bouveret,BOU,202609131500,3.0,1.6,11.0,297
202609080900,bouveret,BOU,202609131600,3.0,1.6,9.9,307
202609080900,bouveret,BOU,202609131700,2.4,1.1,9.3,291
202609080900,bouveret,BOU,202609131800,2.6,1.3,8.3,280
202609080900,bouveret,BOU,202609131900,2.5,1.2,8.2,107
202609080900,bouveret,BOU,202609132000,2.3,1.0,7.5,112
202609080900,bouveret,BOU,202609132100,2.1,0.9,6.5,113
202609080900,bouveret,BOU,202609132200,2.0,0.8,6.9,106
202609080900,bouveret,BOU,202609132300,2.1,0.8,5.9,107
202609080900,bouveret,BOU,202609140000,2.0,0.9,6.7,105
202609080900,bouveret,BOU,202609140100,1.8,0.8,6.7,110
202609080900,bouveret,BOU,202609140200,2.0,0.9,6.7,109
202609080900,bouveret,BOU,202609140300,2.0,0.8,6.6,110
202609080900,bouveret,BOU,202609140400,2.1,0.9,7.0,108
202609080900,bouveret,BOU,202609140500,1.9,0.8,6.7,109
202609080900,bouveret,BOU,202609140600,2.2,0.9,7.1,109
202609080900,bouveret,BOU,202609140700,1.9,0.9,6.9,111
202609080900,bouveret,BOU,202609140800,1.8,1.0,7.7,131
202609080900,bouveret,BOU,202609140900,1.9,0.9,8.2,236
202609080900,bouveret,BOU,202609141000,2.8,1.2,8.3,276
202609080900,bouveret,BOU,202609141100,3.0,1.5,9.8,295
202609080900,bouveret,BOU,202609141200,3.5,1.8,10.1,286
202609080900,bouveret,BOU,202609141300,3.6,1.8,10.0,287
202609080900,bouveret,BOU,202609141400,3.4,1.6,10.0,296
202609080900,bouveret,BOU,202609141500,3.5,1.7,10.2,292
202609080900,bouveret,BOU,202609141600,2.9,1.6,10.0,312
202609080900,bouveret,BOU,202609141700,2.8,1.3,10.3,212
202609080900,bouveret,BOU,202609141800,2.2,1.1,9.0,116
202609080900,bouveret,BOU,202609141900,2.6,1.1,9.3,119
202609080900,bouveret,BOU,202609142000,2.1,1.0,8.2,102
202609080900,bouveret,BOU,202609142100,2.2,1.0,8.0,123
202609080900,bouveret,BOU,202609142200,2.2,0.9,7.6,103
202609080900,bouveret,BOU,202609142300,1.9,0.8,7.0,110
202609080900,bouveret,BOU,202609150000,2.2,0.9,6.7,108
202609080900,bouveret,BOU,202609150100,2.2,0.9,6.5,100
202609080900,bouveret,BOU,202609150200,1.9,0.8,6.4,109
202609080900,bouveret,BOU,202609150300,1.8,0.8,5.8,114
202609080900,bouveret,BOU,202609150400,1.8,0.8,6.2,118
202609080900,bouveret,BOU,202609150500,1.9,0.8,6.4,112
202609080900,bouveret,BOU,202609150600,2.0,0.9,6.8,112
202609080900,bouveret,BOU,202609150700,1.9,0.8,7.2,119
202609080900,bouveret,BOU,202609150800,1.9,0.9,8.0,120
202609080900,bouveret,BOU,202609150900,1.9,0.8,8.2,242
202609080900,bouveret,BOU,202609151000,2.3,1.1,8.7,294
202609080900,bouveret,BOU,202609151100,2.6,1.4,9.2,302
202609080900,bouveret,BOU,202609151200,3.2,1.6,9.1,288
202609080900,bouveret,BOU,202609151300,3.2,1.7,10.5,292
202609080900,bouveret,BOU,202609151400,3.3,1.8,10.4,278
202609080900,bouveret,BOU,202609151500,3.1,1.6,9.7,317
202609080900,bouveret,BOU,202609151600,2.9,1.5,9.8,309
202609080900,bouveret,BOU,202609151700,2.8,1.2,10.2,127
202609080900,bouveret,BOU,202609151800,2.5,1.3,9.1,123
202609080900,bouveret,BOU,202609151900,2.4,1.1,8.3,116
202609080900,bouveret,BOU,202609152000,2.2,1.0,8.9,111
202609080900,bouveret,BOU,202609152100,2.2,1.0,7.8,111
202609080900,bouveret,BOU,202609152200,2.1,0.8,7.2,106
202609080900,bouveret,BOU,202609152300,2.1,0.8,7.2,100
202609080900,bouveret,BOU,202609160000,1.9,0.9,7.3,106
202609080900,bouveret,BOU,202609160100,1.8,0.8,7.6,105
202609080900,bouveret,BOU,202609160200,1.9,0.8,7.2,105
202609080900,bouveret,BOU,202609160300,1.9,0.8,7.0,93
202609080900,bouveret,BOU,202609160400,1.9,0.8,7.4,118
202609080900,bouveret,BOU,202609160500,2.1,0.9,7.2,107
202609080900,bouveret,BOU,202609160600,2.1,0.9,7.5,117
202609080900,bouveret,BOU,202609160700,2.1,1.0,7.7,119
202609080900,bouveret,BOU,202609160800,2.1,0.9,7.7,149
202609080900,bouveret,BOU,202609160900,2.0,0.9,8.7,293
202609080900,bouveret,BOU,202609161000,2.4,1.2,9.6,302
202609080900,bouveret,BOU,202609161100,2.8,1.4,10.3,302
202609080900,bouveret,BOU,202609161200,3.5,1.6,11.1,297
202609080900,bouveret,BOU,202609161300,3.6,1.9,11.0,308
202609080900,bouveret,BOU,202609161400,3.3,1.7,11.2,305
202609080900,bouveret,BOU,202609161500,3.5,1.7,10.9,304
202609080900,bouveret,BOU,202609161600,3.0,1.5,11.3,302
202609080900,bouveret,BOU,202609161700,2.6,1.3,10.2,305
202609080900,bouveret,BOU,202609161800,2.9,1.3,9.7,332
202609080900,bouveret,BOU,202609161900,2.4,1.0,8.8,317
202609080900,bouveret,BOU,202609162000,2.1,1.0,8.4,67
202609080900,bouveret,BOU,202609162100,1.7,0.8,7.5,67
202609080900,bouveret,BOU,202609162200,1.6,0.8,7.3,83
202609080900,bouveret,BOU,202609162300,1.5,0.6,7.6,100
202609080900,bouveret,BOU,202609170000,1.5,0.7,7.2,106
202609080900,joux,CHB,202609072200,1.2,1.2,2.7,264
202609080900,joux,CHB,202609072300,1.3,1.3,3.1,283
202609080900,joux,CHB,202609080000,1.5,1.5,3.1,275
202609080900,joux,CHB,202609080100,1.4,1.4,2.9,281
202609080900,joux,CHB,202609080200,1.5,1.5,3.1,282
202609080900,joux,CHB,202609080300,1.5,1.5,3.1,275
202609080900,joux,CHB,202609080400,1.5,1.5,3.1,278
202609080900,joux,CHB,202609080500,1.5,1.5,3.1,277
202609080900,joux,CHB,202609080600,1.3,1.3,2.9,267
202609080900,joux,CHB,202609080700,0.9,0.9,2.5,155
202609080900,joux,CHB,202609080800,1.1,1.1,4.3,121
202609080900,joux,CHB,202609080900,4.0,4.0,16.4,129
202609080900,joux,CHB,202609081000,7.0,4.3,25.5,233
202609080900,joux,CHB,202609081100,8.9,6.0,22.5,222
202609080900,joux,CHB,202609081200,10.2,7.6,20.5,216
202609080900,joux,CHB,202609081300,9.9,7.2,20.5,224
202609080900,joux,CHB,202609081400,9.8,6.7,20.6,232
202609080900,joux,CHB,202609081500,8.2,5.3,26.2,233
202609080900,joux,CHB,202609081600,7.5,4.3,28.3,231
202609080900,joux,CHB,202609081700,5.3,3.0,21.7,251
202609080900,joux,CHB,202609081800,5.2,2.9,17.6,248
202609080900,joux,CHB,202609081900,4.9,2.7,17.7,245
202609080900,joux,CHB,202609082000,4.9,2.8,17.0,254
202609080900,joux,CHB,202609082100,5.4,3.0,16.8,258
202609080900,joux,CHB,202609082200,4.4,2.6,15.2,244
202609080900,joux,CHB,202609082300,4.0,2.2,13.2,243
202609080900,joux,CHB,202609090000,4.0,2.4,11.9,239
202609080900,joux,CHB,202609090100,4.4,2.5,13.3,243
202609080900,joux,CHB,202609090200,4.5,2.6,12.9,238
202609080900,joux,CHB,202609090300,4.3,2.3,13.4,240
202609080900,joux,CHB,202609090400,4.5,2.5,14.1,253
202609080900,joux,CHB,202609090500,4.4,2.5,13.9,260
202609080900,joux,CHB,202609090600,4.5,2.7,14.7,265
202609080900,joux,CHB,202609090700,4.5,2.6,14.6,269
202609080900,joux,CHB,202609090800,4.8,2.9,14.2,265
202609080900,joux,CHB,202609090900,4.6,2.8,14.8,270
202609080900,joux,CHB,202609091000,5.0,3.3,15.3,279
202609080900,joux,CHB,202609091100,5.1,3.1,15.1,281
202609080900,joux,CHB,202609091200,5.3,3.3,15.2,290
202609080900,joux,CHB,202609091300,5.4,3.4,15.4,289
202609080900,joux,CHB,202609091400,5.0,3.2,14.4,297
202609080900,joux,CHB,202609091500,4.9,3.1,14.1,302
202609080900,joux,CHB,202609091600,5.5,3.2,15.2,344
202609080900,joux,CHB,202609091700,4.3,2.7,14.4,351
202609080900,joux,CHB,202609091800,3.1,1.7,12.3,354
202609080900,joux,CHB,202609091900,2.5,1.4,9.9,357
202609080900,joux,CHB,202609092000,2.8,1.5,11.3,4
202609080900,joux,CHB,202609092100,2.8,1.5,11.2,16
202609080900,joux,CHB,202609092200,2.6,1.5,10.3,20
202609080900,joux,CHB,202609092300,2.8,1.5,10.4,20
202609080900,joux,CHB,202609100000,2.9,1.5,10.7,25
202609080900,joux,CHB,202609100100,2.9,1.5,11.7,28
202609080900,joux,CHB,202609100200,3.0,1.5,13.0,36
202609080900,joux,CHB,202609100300,3.0,1.6,13.3,36
202609080900,joux,CHB,202609100400,3.1,1.6,13.9,43
202609080900,joux,CHB,202609100500,3.0,1.6,14.3,46
202609080900,joux,CHB,202609100600,3.7,1.9,14.8,45
202609080900,joux,CHB,202609100700,4.5,2.4,17.1,56
202609080900,joux,CHB,202609100800,7.4,4.3,18.4,62
202609080900,joux,CHB,202609100900,7.3,4.5,19.5,65
202609080900,joux,CHB,202609101000,7.5,4.8,19.0,62
202609080900,joux,CHB,202609101100,7.1,4.5,18.9,65
202609080900,joux,CHB,202609101200,6.4,3.7,17.6,64
202609080900,joux,CHB,202609101300,6.1,3.8,16.4,69
202609080900,joux,CHB,202609101400,6.2,3.8,15.2,66
202609080900,joux,CHB,202609101500,5.4,3.5,15.1,68
202609080900,joux,CHB,202609101600,5.3,3.0,13.9,63
202609080900,joux,CHB,202609101700,4.3,2.5,12.4,60
202609080900,joux,CHB,202609101800,2.4,1.3,10.3,41
202609080900,joux,CHB,202609101900,1.9,1.1,8.7,38
202609080900,joux,CHB,202609102000,2.1,1.1,8.4,41
202609080900,joux,CHB,202609102100,1.7,0.9,8.2,37
202609080900,joux,CHB,202609102200,1.8,1.0,7.5,9
202609080900,joux,CHB,202609102300,1.8,0.9,7.2,287
202609080900,joux,CHB,202609110000,1.9,1.0,3.4,284
202609080900,joux,CHB,202609110100,1.8,0.9,4.5,258
202609080900,joux,CHB,202609110200,1.8,0.9,3.4,256
202609080900,joux,CHB,202609110300,1.9,1.0,3.1,255
202609080900,joux,CHB,202609110400,2.3,1.2,3.2,249
202609080900,joux,CHB,202609110500,2.2,1.2,3.3,245
202609080900,joux,CHB,202609110600,2.2,1.2,4.0,246
202609080900,joux,CHB,202609110700,2.1,1.1,6.8,237
202609080900,joux,CHB,202609110800,2.3,1.1,8.5,336
202609080900,joux,CHB,202609110900,2.9,1.7,9.7,315
202609080900,joux,CHB,202609111000,3.3,1.8,10.8,352
202609080900,joux,CHB,202609111100,3.7,2.4,11.0,333
202609080900,joux,CHB,202609111200,4.2,2.5,12.4,327
202609080900,joux,CHB,202609111300,4.3,2.6,12.3,323
202609080900,joux,CHB,202609111400,4.8,2.9,13.7,327
202609080900,joux,CHB,202609111500,5.2,3.1,14.3,335
202609080900,joux,CHB,202609111600,5.1,3.1,13.6,338
202609080900,joux,CHB,202609111700,3.9,2.2,12.4,338
202609080900,joux,CHB,202609111800,2.6,1.5,10.0,321
202609080900,joux,CHB,202609111900,2.6,1.5,9.4,304
202609080900,joux,CHB,202609112000,2.3,1.2,9.0,301
202609080900,joux,CHB,202609112100,2.1,1.1,8.9,308
202609080900,joux,CHB,202609112200,1.9,1.0,8.1,321
202609080900,joux,CHB,202609112300,1.8,1.0,6.9,332
202609080900,joux,CHB,202609120000,1.8,1.0,5.5,335
202609080900,joux,CHB,202609120100,1.8,0.9,7.0,338
202609080900,joux,CHB,202609120200,1.7,0.9,6.2,347
202609080900,joux,CHB,202609120300,1.8,0.9,7.2,359
202609080900,joux,CHB,202609120400,1.8,0.9,7.2,9
202609080900,joux,CHB,202609120500,1.7,0.9,6.6,28
202609080900,joux,CHB,202609120600,1.9,1.0,7.2,38
202609080900,joux,CHB,202609120700,2.3,1.1,9.3,56
202609080900,joux,CHB,202609120800,3.3,1.8,11.6,55
202609080900,joux,CHB,202609120900,4.2,2.3,14.4,60
202609080900,joux,CHB,202609121000,5.0,2.8,14.5,64
202609080900,joux,CHB,202609121100,4.8,2.9,14.3,67
202609080900,joux,CHB,202609121200,5.3,3.2,14.8,58
202609080900,joux,CHB,202609121300,5.1,2.9,14.2,58
202609080900,joux,CHB,202609121400,5.0,3.2,14.6,57
202609080900,joux,CHB,202609121500,5.1,3.0,14.5,55
202609080900,joux,CHB,202609121600,4.8,3.0,13.1,52
202609080900,joux,CHB,202609121700,3.5,1.9,13.3,49
202609080900,joux,CHB,202609121800,2.4,1.2,11.8,31
202609080900,joux,CHB,202609121900,2.3,1.2,10.6,33
202609080900,joux,CHB,202609122000,2.1,1.0,9.8,18
202609080900,joux,CHB,202609122100,2.0,1.0,8.6,25
202609080900,joux,CHB,202609122200,2.2,1.0,8.4,0
202609080900,joux,CHB,202609122300,2.1,1.0,8.7,332
202609080900,joux,CHB,202609130000,2.3,1.1,8.2,296
202609080900,joux,CHB,202609130100,1.5,0.6,5.0,282
202609080900,joux,CHB,202609130200,1.5,0.6,4.3,228
202609080900,joux,CHB,202609130300,1.4,0.5,5.3,199
202609080900,joux,CHB,202609130400,1.6,0.6,4.9,198
202609080900,joux,CHB,202609130500,1.7,0.7,5.2,192
202609080900,joux,CHB,202609130600,1.5,0.6,5.6,219
202609080900,joux,CHB,202609130700,1.7,0.7,7.0,65
202609080900,joux,CHB,202609130800,1.9,0.9,7.9,66
202609080900,joux,CHB,202609130900,2.5,1.1,8.3,59
202609080900,joux,CHB,202609131000,2.9,1.3,9.0,56
202609080900,joux,CHB,202609131100,3.1,1.5,9.0,47
202609080900,joux,CHB,202609131200,3.5,1.7,9.8,48
202609080900,joux,CHB,202609131300,3.7,1.8,10.4,38
202609080900,joux,CHB,202609131400,4.1,2.1,11.2,28
202609080900,joux,CHB,202609131500,4.2,2.1,10.7,9
202609080900,joux,CHB,202609131600,3.7,1.7,10.2,355
202609080900,joux,CHB,202609131700,3.2,1.5,10.0,352
202609080900,joux,CHB,202609131800,2.6,1.2,9.0,269
202609080900,joux,CHB,202609131900,2.3,1.0,8.0,265
202609080900,joux,CHB,202609132000,1.9,0.9,7.8,270
202609080900,joux,CHB,202609132100,1.6,0.7,7.5,240
202609080900,joux,CHB,202609132200,1.4,0.6,6.5,249
202609080900,joux,CHB,202609132300,1.6,0.7,6.2,288
202609080900,joux,CHB,202609140000,1.5,0.6,4.5,310
202609080900,joux,CHB,202609140100,1.6,0.6,4.8,326
202609080900,joux,CHB,202609140200,1.3,0.5,4.3,337
202609080900,joux,CHB,202609140300,1.3,0.6,5.5,358
202609080900,joux,CHB,202609140400,1.4,0.6,5.6,70
202609080900,joux,CHB,202609140500,1.3,0.6,5.8,37
202609080900,joux,CHB,202609140600,1.6,0.7,6.2,88
202609080900,joux,CHB,202609140700,1.6,0.7,6.9,68
202609080900,joux,CHB,202609140800,2.1,0.9,7.3,50
202609080900,joux,CHB,202609140900,2.1,1.0,8.3,61
202609080900,joux,CHB,202609141000,2.7,1.2,8.7,61
202609080900,joux,CHB,202609141100,3.0,1.5,9.8,49
202609080900,joux,CHB,202609141200,3.5,1.7,10.3,47
202609080900,joux,CHB,202609141300,3.8,1.7,11.3,38
202609080900,joux,CHB,202609141400,3.3,1.7,10.3,42
202609080900,joux,CHB,202609141500,2.9,1.6,10.8,40
202609080900,joux,CHB,202609141600,2.5,1.2,10.9,53
202609080900,joux,CHB,202609141700,2.6,1.2,9.8,48
202609080900,joux,CHB,202609141800,2.3,1.0,9.0,38
202609080900,joux,CHB,202609141900,1.9,0.9,7.9,51
202609080900,joux,CHB,202609142000,2.0,0.9,7.9,38
202609080900,joux,CHB,202609142100,1.7,0.7,7.8,72
202609080900,joux,CHB,202609142200,1.8,0.7,7.6,55
202609080900,joux,CHB,202609142300,1.5,0.7,7.0,232
202609080900,joux,CHB,202609150000,1.8,0.8,6.4,184
202609080900,joux,CHB,202609150100,1.6,0.6,6.1,199
202609080900,joux,CHB,202609150200,1.7,0.6,7.1,199
202609080900,joux,CHB,202609150300,1.7,0.8,5.9,227
202609080900,joux,CHB,202609150400,1.6,0.7,6.8,223
202609080900,joux,CHB,202609150500,1.8,0.7,5.2,217
202609080900,joux,CHB,202609150600,1.8,0.8,6.9,209
202609080900,joux,CHB,202609150700,1.9,0.8,7.3,218
202609080900,joux,CHB,202609150800,2.1,0.9,7.8,209
202609080900,joux,CHB,202609150900,2.4,1.1,7.7,219
202609080900,joux,CHB,202609151000,2.4,1.1,9.0,202
202609080900,joux,CHB,202609151100,2.8,1.5,9.7,207
202609080900,joux,CHB,202609151200,3.2,1.6,10.3,225
202609080900,joux,CHB,202609151300,3.2,1.5,10.4,231
202609080900,joux,CHB,202609151400,3.1,1.6,10.4,218
202609080900,joux,CHB,202609151500,3.2,1.6,9.7,241
202609080900,joux,CHB,202609151600,3.0,1.3,10.0,237
202609080900,joux,CHB,202609151700,2.7,1.3,9.7,245
202609080900,joux,CHB,202609151800,2.7,1.2,9.2,241
202609080900,joux,CHB,202609151900,2.4,1.0,9.1,249
202609080900,joux,CHB,202609152000,2.6,1.0,8.3,245
202609080900,joux,CHB,202609152100,2.5,1.1,8.3,245
202609080900,joux,CHB,202609152200,2.4,0.9,8.0,238
202609080900,joux,CHB,202609152300,2.5,1.1,8.5,243
202609080900,joux,CHB,202609160000,2.2,0.9,8.6,239
202609080900,joux,CHB,202609160100,2.5,1.0,8.3,246
202609080900,joux,CHB,202609160200,2.4,0.9,7.9,243
202609080900,joux,CHB,202609160300,2.4,1.0,8.5,236
202609080900,joux,CHB,202609160400,2.4,1.0,7.7,242
202609080900,joux,CHB,202609160500,2.4,1.0,8.9,246
202609080900,joux,CHB,202609160600,2.6,1.1,7.9,234
202609080900,joux,CHB,202609160700,2.5,1.1,8.7,238
202609080900,joux,CHB,202609160800,3.1,1.3,9.4,240
202609080900,joux,CHB,202609160900,3.0,1.3,9.5,242
202609080900,joux,CHB,202609161000,3.8,1.7,10.3,248
202609080900,joux,CHB,202609161100,4.3,2.1,11.4,266
202609080900,joux,CHB,202609161200,4.6,2.2,12.1,356
202609080900,joux,CHB,202609161300,4.3,2.3,11.8,299
202609080900,joux,CHB,202609161400,4.3,2.1,12.4,322
202609080900,joux,CHB,202609161500,4.3,2.0,12.6,330
202609080900,joux,CHB,202609161600,4.2,1.8,12.7,346
202609080900,joux,CHB,202609161700,3.7,1.8,11.8,341
202609080900,joux,CHB,202609161800,3.3,1.5,12.1,7
202609080900,joux,CHB,202609161900,3.1,1.5,10.7,2
202609080900,joux,CHB,202609162000,2.5,1.1,9.7,351
202609080900,joux,CHB,202609162100,2.2,0.9,9.9,7
202609080900,joux,CHB,202609162200,2.0,0.9,8.9,2
202609080900,joux,CHB,202609162300,1.9,0.8,7.8,0
202609080900,joux,CHB,202609170000,1.9,0.8,7.5,16
