emission,spot,station,echeance,lead_h,prevu_kn,mesure_kn,erreur_kn
202609030500,cologny,GVE,202609030500,0.0,1.7,2.2,-0.5
202609030500,reposoir,GVE,202609030500,0.0,1.8,2.2,-0.4
202609030500,vengeron,GVE,202609030500,0.0,1.8,2.2,-0.4
202609030500,coppet,CGI,202609030500,0.0,2.8,1.6,1.2
202609030500,nyon,CGI,202609030500,0.0,1.6,1.6,0.0
202609030500,preverenges,PRE,202609030500,0.0,3.2,3.7,-0.5
202609030500,bouveret,BOU,202609030500,0.0,2.5,5.5,-3.0
202609030500,joux,CHB,202609030500,0.0,1.9,1.7,0.2
202609030500,cologny,GVE,202609031000,5.0,1.9,3.3,-1.4
202609030500,reposoir,GVE,202609031000,5.0,2.7,3.3,-0.6
202609030500,vengeron,GVE,202609031000,5.0,2.7,3.3,-0.6
202609030500,coppet,CGI,202609031000,5.0,2.8,2.3,0.5
202609030500,nyon,CGI,202609031000,5.0,3.4,2.3,1.1
202609030500,preverenges,PRE,202609031000,5.0,3.3,3.3,0.0
202609030500,bouveret,BOU,202609031000,5.0,4.5,3.9,0.6
202609030500,joux,CHB,202609031000,5.0,3.5,3.1,0.4
202609030500,cologny,GVE,202609031400,9.0,3.1,4.1,-1.0
202609030500,reposoir,GVE,202609031400,9.0,3.0,4.1,-1.1
202609030500,vengeron,GVE,202609031400,9.0,3.0,4.1,-1.1
202609030500,coppet,CGI,202609031400,9.0,3.6,2.9,0.7
202609030500,nyon,CGI,202609031400,9.0,3.8,2.9,0.9
202609030500,preverenges,PRE,202609031400,9.0,3.1,2.7,0.4
202609030500,bouveret,BOU,202609031400,9.0,3.1,2.3,0.8
202609030500,joux,CHB,202609031400,9.0,3.6,1.7,1.9
202609030500,cologny,GVE,202609031800,13.0,3.1,2.7,0.4
202609030500,reposoir,GVE,202609031800,13.0,3.2,2.7,0.5
202609030500,vengeron,GVE,202609031800,13.0,3.2,2.7,0.5
202609030500,coppet,CGI,202609031800,13.0,2.5,6.8,-4.3
202609030500,nyon,CGI,202609031800,13.0,3.5,6.8,-3.3
202609030500,preverenges,PRE,202609031800,13.0,2.0,2.2,-0.2
202609030500,bouveret,BOU,202609031800,13.0,2.7,2.9,-0.2
202609030500,joux,CHB,202609031800,13.0,2.2,4.5,-2.3
202609030500,cologny,GVE,202609032100,16.0,2.8,1.3,1.5
202609030500,reposoir,GVE,202609032100,16.0,1.7,1.3,0.4
202609030500,vengeron,GVE,202609032100,16.0,1.7,1.3,0.4
202609030500,coppet,CGI,202609032100,16.0,2.1,3.9,-1.8
202609030500,nyon,CGI,202609032100,16.0,2.5,3.9,-1.4
202609030500,preverenges,PRE,202609032100,16.0,2.9,3.1,-0.2
202609030500,bouveret,BOU,202609032100,16.0,2.2,3.1,-0.9
202609030500,joux,CHB,202609032100,16.0,2.2,2.3,-0.1
202609030500,cologny,GVE,202609040000,19.0,2.1,1.7,0.4
202609030500,reposoir,GVE,202609040000,19.0,1.7,1.7,-0.0
202609030500,vengeron,GVE,202609040000,19.0,1.7,1.7,-0.0
202609030500,coppet,CGI,202609040000,19.0,1.7,1.6,0.1
202609030500,nyon,CGI,202609040000,19.0,2.2,1.6,0.6
202609030500,preverenges,PRE,202609040000,19.0,2.7,5.2,-2.5
202609030500,bouveret,BOU,202609040000,19.0,2.2,5.6,-3.4
202609030500,joux,CHB,202609040000,19.0,2.1,1.6,0.5
202609030500,cologny,GVE,202609040400,23.0,1.9,1.3,0.6
202609030500,reposoir,GVE,202609040400,23.0,1.6,1.3,0.3
202609030500,vengeron,GVE,202609040400,23.0,1.6,1.3,0.3
202609030500,coppet,CGI,202609040400,23.0,1.5,2.7,-1.2
202609030500,nyon,CGI,202609040400,23.0,1.9,2.7,-0.8
202609030500,preverenges,PRE,202609040400,23.0,2.5,2.7,-0.2
202609030500,bouveret,BOU,202609040400,23.0,2.3,3.9,-1.6
202609030500,joux,CHB,202609040400,23.0,2.3,1.9,0.4
202609030500,cologny,GVE,202609040900,28.0,1.8,1.0,0.8
202609030500,reposoir,GVE,202609040900,28.0,1.7,1.0,0.7
202609030500,vengeron,GVE,202609040900,28.0,1.7,1.0,0.7
202609030500,coppet,CGI,202609040900,28.0,1.9,2.7,-0.8
202609030500,nyon,CGI,202609040900,28.0,2.2,2.7,-0.5
202609030500,preverenges,PRE,202609040900,28.0,2.4,2.7,-0.3
202609030500,bouveret,BOU,202609040900,28.0,2.6,4.9,-2.3
202609030500,joux,CHB,202609040900,28.0,2.8,1.7,1.1
202609040900,cologny,GVE,202609040900,0.0,1.4,1.0,0.4
202609040900,reposoir,GVE,202609040900,0.0,1.9,1.0,0.9
202609040900,vengeron,GVE,202609040900,0.0,1.9,1.0,0.9
202609040900,coppet,CGI,202609040900,0.0,2.5,2.7,-0.2
202609040900,nyon,CGI,202609040900,0.0,2.6,2.7,-0.1
202609040900,preverenges,PRE,202609040900,0.0,3.3,2.7,0.6
202609040900,bouveret,BOU,202609040900,0.0,3.8,4.9,-1.1
202609040900,joux,CHB,202609040900,0.0,2.3,1.7,0.6
202609030500,cologny,GVE,202609041400,33.0,6.4,4.9,1.5
202609030500,reposoir,GVE,202609041400,33.0,5.6,4.9,0.7
202609030500,vengeron,GVE,202609041400,33.0,5.6,4.9,0.7
202609030500,coppet,CGI,202609041400,33.0,4.6,1.7,2.9
202609030500,nyon,CGI,202609041400,33.0,4.8,1.7,3.1
202609030500,preverenges,PRE,202609041400,33.0,3.4,3.1,0.3
202609030500,bouveret,BOU,202609041400,33.0,2.6,2.2,0.4
202609030500,joux,CHB,202609041400,33.0,6.3,10.9,-4.6
202609040900,cologny,GVE,202609041400,5.0,3.8,4.9,-1.1
202609040900,reposoir,GVE,202609041400,5.0,5.2,4.9,0.3
202609040900,vengeron,GVE,202609041400,5.0,5.2,4.9,0.3
202609040900,coppet,CGI,202609041400,5.0,4.1,1.7,2.4
202609040900,nyon,CGI,202609041400,5.0,2.8,1.7,1.1
202609040900,preverenges,PRE,202609041400,5.0,2.9,3.1,-0.2
202609040900,bouveret,BOU,202609041400,5.0,1.3,2.2,-0.9
202609040900,joux,CHB,202609041400,5.0,6.9,10.9,-4.0
202609030500,cologny,GVE,202609041700,36.0,4.8,7.4,-2.6
202609030500,reposoir,GVE,202609041700,36.0,4.1,7.4,-3.3
202609030500,vengeron,GVE,202609041700,36.0,4.1,7.4,-3.3
202609030500,coppet,CGI,202609041700,36.0,4.6,7.6,-3.0
202609030500,nyon,CGI,202609041700,36.0,3.9,7.6,-3.7
202609030500,preverenges,PRE,202609041700,36.0,2.9,2.2,0.7
202609030500,bouveret,BOU,202609041700,36.0,2.5,1.3,1.2
202609030500,joux,CHB,202609041700,36.0,5.8,3.9,1.9
202609040900,cologny,GVE,202609041700,8.0,5.7,7.4,-1.7
202609040900,reposoir,GVE,202609041700,8.0,4.4,7.4,-3.0
202609040900,vengeron,GVE,202609041700,8.0,4.4,7.4,-3.0
202609040900,coppet,CGI,202609041700,8.0,3.8,7.6,-3.8
202609040900,nyon,CGI,202609041700,8.0,3.6,7.6,-4.0
202609040900,preverenges,PRE,202609041700,8.0,2.4,2.2,0.2
202609040900,bouveret,BOU,202609041700,8.0,2.2,1.3,0.9
202609040900,joux,CHB,202609041700,8.0,5.3,3.9,1.4
202609030500,cologny,GVE,202609042000,39.0,1.9,3.1,-1.2
202609030500,reposoir,GVE,202609042000,39.0,1.7,3.1,-1.4
202609030500,vengeron,GVE,202609042000,39.0,1.7,3.1,-1.4
202609030500,coppet,CGI,202609042000,39.0,1.8,5.8,-4.0
202609030500,nyon,CGI,202609042000,39.0,3.0,5.8,-2.8
202609030500,preverenges,PRE,202609042000,39.0,3.0,1.9,1.1
202609030500,bouveret,BOU,202609042000,39.0,2.0,3.3,-1.3
202609030500,joux,CHB,202609042000,39.0,4.7,1.6,3.1
202609040900,cologny,GVE,202609042000,11.0,2.5,3.1,-0.6
202609040900,reposoir,GVE,202609042000,11.0,2.0,3.1,-1.1
202609040900,vengeron,GVE,202609042000,11.0,2.0,3.1,-1.1
202609040900,coppet,CGI,202609042000,11.0,1.9,5.8,-3.9
202609040900,nyon,CGI,202609042000,11.0,2.6,5.8,-3.2
202609040900,preverenges,PRE,202609042000,11.0,3.3,1.9,1.4
202609040900,bouveret,BOU,202609042000,11.0,1.8,3.3,-1.5
202609040900,joux,CHB,202609042000,11.0,3.4,1.6,1.8
202609030500,cologny,GVE,202609042300,42.0,2.1,2.5,-0.4
202609030500,reposoir,GVE,202609042300,42.0,1.7,2.5,-0.8
202609030500,vengeron,GVE,202609042300,42.0,1.7,2.5,-0.8
202609030500,coppet,CGI,202609042300,42.0,1.7,3.3,-1.6
202609030500,nyon,CGI,202609042300,42.0,2.1,3.3,-1.2
202609030500,preverenges,PRE,202609042300,42.0,2.7,1.3,1.4
202609030500,bouveret,BOU,202609042300,42.0,1.8,2.2,-0.4
202609030500,joux,CHB,202609042300,42.0,4.2,2.5,1.7
202609040900,cologny,GVE,202609042300,14.0,2.3,2.5,-0.2
202609040900,reposoir,GVE,202609042300,14.0,1.6,2.5,-0.9
202609040900,vengeron,GVE,202609042300,14.0,1.6,2.5,-0.9
202609040900,coppet,CGI,202609042300,14.0,1.7,3.3,-1.6
202609040900,nyon,CGI,202609042300,14.0,1.7,3.3,-1.6
202609040900,preverenges,PRE,202609042300,14.0,3.0,1.3,1.7
202609040900,bouveret,BOU,202609042300,14.0,1.7,2.2,-0.5
202609040900,joux,CHB,202609042300,14.0,3.2,2.5,0.7
202609030500,cologny,GVE,202609050100,44.0,2.2,2.5,-0.3
202609030500,reposoir,GVE,202609050100,44.0,1.8,2.5,-0.7
202609030500,vengeron,GVE,202609050100,44.0,1.8,2.5,-0.7
202609030500,coppet,CGI,202609050100,44.0,1.6,2.7,-1.1
202609030500,nyon,CGI,202609050100,44.0,2.2,2.7,-0.5
202609030500,preverenges,PRE,202609050100,44.0,2.5,1.7,0.8
202609030500,bouveret,BOU,202609050100,44.0,2.0,1.9,0.1
202609030500,joux,CHB,202609050100,44.0,3.3,1.3,2.0
202609040900,cologny,GVE,202609050100,16.0,2.4,2.5,-0.1
202609040900,reposoir,GVE,202609050100,16.0,2.0,2.5,-0.5
202609040900,vengeron,GVE,202609050100,16.0,2.0,2.5,-0.5
202609040900,coppet,CGI,202609050100,16.0,2.0,2.7,-0.7
202609040900,nyon,CGI,202609050100,16.0,2.1,2.7,-0.6
202609040900,preverenges,PRE,202609050100,16.0,2.9,1.7,1.2
202609040900,bouveret,BOU,202609050100,16.0,1.8,1.9,-0.1
202609040900,joux,CHB,202609050100,16.0,3.0,1.3,1.7
202609030500,cologny,GVE,202609050600,49.0,1.8,1.7,0.1
202609030500,reposoir,GVE,202609050600,49.0,1.4,1.7,-0.3
202609030500,vengeron,GVE,202609050600,49.0,1.4,1.7,-0.3
202609030500,coppet,CGI,202609050600,49.0,1.7,3.5,-1.8
202609030500,nyon,CGI,202609050600,49.0,1.6,3.5,-1.9
202609030500,preverenges,PRE,202609050600,49.0,2.4,1.6,0.8
202609030500,bouveret,BOU,202609050600,49.0,2.1,4.1,-2.0
202609030500,joux,CHB,202609050600,49.0,3.1,1.2,1.9
202609040900,cologny,GVE,202609050600,21.0,2.4,1.7,0.7
202609040900,reposoir,GVE,202609050600,21.0,1.8,1.7,0.1
202609040900,vengeron,GVE,202609050600,21.0,1.8,1.7,0.1
202609040900,coppet,CGI,202609050600,21.0,2.0,3.5,-1.5
202609040900,nyon,CGI,202609050600,21.0,1.7,3.5,-1.8
202609040900,preverenges,PRE,202609050600,21.0,2.5,1.6,0.9
202609040900,bouveret,BOU,202609050600,21.0,2.2,4.1,-1.9
202609040900,joux,CHB,202609050600,21.0,2.6,1.2,1.4
202609030500,cologny,GVE,202609050800,51.0,1.6,2.7,-1.1
202609030500,reposoir,GVE,202609050800,51.0,1.6,2.7,-1.1
202609030500,vengeron,GVE,202609050800,51.0,1.6,2.7,-1.1
202609030500,coppet,CGI,202609050800,51.0,1.6,2.7,-1.1
202609030500,nyon,CGI,202609050800,51.0,1.8,2.7,-0.9
202609030500,preverenges,PRE,202609050800,51.0,1.7,5.6,-3.9
202609030500,bouveret,BOU,202609050800,51.0,2.3,7.6,-5.3
202609030500,joux,CHB,202609050800,51.0,3.8,6.6,-2.8
202609040900,cologny,GVE,202609050800,23.0,1.7,2.7,-1.0
202609040900,reposoir,GVE,202609050800,23.0,1.7,2.7,-1.0
202609040900,vengeron,GVE,202609050800,23.0,1.7,2.7,-1.0
202609040900,coppet,CGI,202609050800,23.0,2.6,2.7,-0.1
202609040900,nyon,CGI,202609050800,23.0,1.8,2.7,-0.9
202609040900,preverenges,PRE,202609050800,23.0,1.7,5.6,-3.9
202609040900,bouveret,BOU,202609050800,23.0,2.4,7.6,-5.2
202609040900,joux,CHB,202609050800,23.0,3.6,6.6,-3.0
202609050800,cologny,GVE,202609050800,0.0,3.3,2.7,0.6
202609050800,reposoir,GVE,202609050800,0.0,1.9,2.7,-0.8
202609050800,vengeron,GVE,202609050800,0.0,1.9,2.7,-0.8
202609050800,coppet,CGI,202609050800,0.0,3.5,2.7,0.8
202609050800,nyon,CGI,202609050800,0.0,2.6,2.7,-0.1
202609050800,preverenges,PRE,202609050800,0.0,4.3,5.6,-1.3
202609050800,bouveret,BOU,202609050800,0.0,3.7,7.6,-3.9
202609050800,joux,CHB,202609050800,0.0,1.5,6.6,-5.1
202609030500,cologny,GVE,202609051000,53.0,2.6,6.2,-3.6
202609030500,reposoir,GVE,202609051000,53.0,2.2,6.2,-4.0
202609030500,vengeron,GVE,202609051000,53.0,2.2,6.2,-4.0
202609030500,coppet,CGI,202609051000,53.0,2.8,3.9,-1.1
202609030500,nyon,CGI,202609051000,53.0,3.3,3.9,-0.6
202609030500,preverenges,PRE,202609051000,53.0,2.6,5.2,-2.6
202609030500,bouveret,BOU,202609051000,53.0,3.2,2.5,0.7
202609030500,joux,CHB,202609051000,53.0,4.3,7.4,-3.1
202609040900,cologny,GVE,202609051000,25.0,3.1,6.2,-3.1
202609040900,reposoir,GVE,202609051000,25.0,2.4,6.2,-3.8
202609040900,vengeron,GVE,202609051000,25.0,2.4,6.2,-3.8
202609040900,coppet,CGI,202609051000,25.0,2.9,3.9,-1.0
202609040900,nyon,CGI,202609051000,25.0,3.3,3.9,-0.6
202609040900,preverenges,PRE,202609051000,25.0,2.6,5.2,-2.6
202609040900,bouveret,BOU,202609051000,25.0,3.5,2.5,1.0
202609040900,joux,CHB,202609051000,25.0,4.6,7.4,-2.8
202609050800,cologny,GVE,202609051000,2.0,2.7,6.2,-3.5
202609050800,reposoir,GVE,202609051000,2.0,3.1,6.2,-3.1
202609050800,vengeron,GVE,202609051000,2.0,3.1,6.2,-3.1
202609050800,coppet,CGI,202609051000,2.0,3.1,3.9,-0.8
202609050800,nyon,CGI,202609051000,2.0,3.2,3.9,-0.7
202609050800,preverenges,PRE,202609051000,2.0,3.3,5.2,-1.9
202609050800,bouveret,BOU,202609051000,2.0,2.2,2.5,-0.3
202609050800,joux,CHB,202609051000,2.0,4.2,7.4,-3.2
202609030500,cologny,GVE,202609051300,56.0,4.4,8.5,-4.1
202609030500,reposoir,GVE,202609051300,56.0,4.3,8.5,-4.2
202609030500,vengeron,GVE,202609051300,56.0,4.3,8.5,-4.2
202609030500,coppet,CGI,202609051300,56.0,4.2,6.0,-1.8
202609030500,nyon,CGI,202609051300,56.0,4.6,6.0,-1.4
202609030500,preverenges,PRE,202609051300,56.0,4.3,5.2,-0.9
202609030500,bouveret,BOU,202609051300,56.0,3.2,1.3,1.9
202609030500,joux,CHB,202609051300,56.0,5.4,4.5,0.9
202609040900,cologny,GVE,202609051300,28.0,4.3,8.5,-4.2
202609040900,reposoir,GVE,202609051300,28.0,4.4,8.5,-4.1
202609040900,vengeron,GVE,202609051300,28.0,4.4,8.5,-4.1
202609040900,coppet,CGI,202609051300,28.0,4.4,6.0,-1.6
202609040900,nyon,CGI,202609051300,28.0,4.8,6.0,-1.2
202609040900,preverenges,PRE,202609051300,28.0,3.7,5.2,-1.5
202609040900,bouveret,BOU,202609051300,28.0,3.0,1.3,1.7
202609040900,joux,CHB,202609051300,28.0,5.0,4.5,0.5
202609050800,cologny,GVE,202609051300,5.0,6.3,8.5,-2.2
202609050800,reposoir,GVE,202609051300,5.0,8.8,8.5,0.3
202609050800,vengeron,GVE,202609051300,5.0,8.8,8.5,0.3
202609050800,coppet,CGI,202609051300,5.0,6.3,6.0,0.3
202609050800,nyon,CGI,202609051300,5.0,7.6,6.0,1.6
202609050800,preverenges,PRE,202609051300,5.0,3.0,5.2,-2.2
202609050800,bouveret,BOU,202609051300,5.0,3.0,1.3,1.7
202609050800,joux,CHB,202609051300,5.0,9.2,4.5,4.7
202609030500,cologny,GVE,202609051600,59.0,6.2,3.9,2.3
202609030500,reposoir,GVE,202609051600,59.0,5.9,3.9,2.0
202609030500,vengeron,GVE,202609051600,59.0,5.9,3.9,2.0
202609030500,coppet,CGI,202609051600,59.0,5.4,8.4,-3.0
202609030500,nyon,CGI,202609051600,59.0,5.3,8.4,-3.1
202609030500,preverenges,PRE,202609051600,59.0,3.6,5.1,-1.5
202609030500,bouveret,BOU,202609051600,59.0,3.1,5.8,-2.7
202609030500,joux,CHB,202609051600,59.0,5.6,3.7,1.9
202609040900,cologny,GVE,202609051600,31.0,7.1,3.9,3.2
202609040900,reposoir,GVE,202609051600,31.0,7.2,3.9,3.3
202609040900,vengeron,GVE,202609051600,31.0,7.2,3.9,3.3
202609040900,coppet,CGI,202609051600,31.0,6.3,8.4,-2.1
202609040900,nyon,CGI,202609051600,31.0,6.2,8.4,-2.2
202609040900,preverenges,PRE,202609051600,31.0,3.9,5.1,-1.2
202609040900,bouveret,BOU,202609051600,31.0,3.1,5.8,-2.7
202609040900,joux,CHB,202609051600,31.0,5.9,3.7,2.2
202609050800,cologny,GVE,202609051600,8.0,5.4,3.9,1.5
202609050800,reposoir,GVE,202609051600,8.0,5.9,3.9,2.0
202609050800,vengeron,GVE,202609051600,8.0,5.9,3.9,2.0
202609050800,coppet,CGI,202609051600,8.0,5.1,8.4,-3.3
202609050800,nyon,CGI,202609051600,8.0,5.6,8.4,-2.8
202609050800,preverenges,PRE,202609051600,8.0,4.9,5.1,-0.2
202609050800,bouveret,BOU,202609051600,8.0,4.2,5.8,-1.6
202609050800,joux,CHB,202609051600,8.0,4.8,3.7,1.1
202609030500,cologny,GVE,202609051900,62.0,3.6,3.1,0.5
202609030500,reposoir,GVE,202609051900,62.0,2.6,3.1,-0.5
202609030500,vengeron,GVE,202609051900,62.0,2.6,3.1,-0.5
202609030500,coppet,CGI,202609051900,62.0,2.8,4.1,-1.3
202609030500,nyon,CGI,202609051900,62.0,2.8,4.1,-1.3
202609030500,preverenges,PRE,202609051900,62.0,5.2,7.6,-2.4
202609030500,bouveret,BOU,202609051900,62.0,3.0,7.0,-4.0
202609030500,joux,CHB,202609051900,62.0,2.3,1.2,1.1
202609040900,cologny,GVE,202609051900,34.0,3.9,3.1,0.8
202609040900,reposoir,GVE,202609051900,34.0,3.5,3.1,0.4
202609040900,vengeron,GVE,202609051900,34.0,3.5,3.1,0.4
202609040900,coppet,CGI,202609051900,34.0,3.7,4.1,-0.4
202609040900,nyon,CGI,202609051900,34.0,2.8,4.1,-1.3
202609040900,preverenges,PRE,202609051900,34.0,6.1,7.6,-1.5
202609040900,bouveret,BOU,202609051900,34.0,3.8,7.0,-3.2
202609040900,joux,CHB,202609051900,34.0,2.3,1.2,1.1
202609050800,cologny,GVE,202609051900,11.0,5.6,3.1,2.5
202609050800,reposoir,GVE,202609051900,11.0,4.9,3.1,1.8
202609050800,vengeron,GVE,202609051900,11.0,4.9,3.1,1.8
202609050800,coppet,CGI,202609051900,11.0,3.6,4.1,-0.5
202609050800,nyon,CGI,202609051900,11.0,2.9,4.1,-1.2
202609050800,preverenges,PRE,202609051900,11.0,6.2,7.6,-1.4
202609050800,bouveret,BOU,202609051900,11.0,4.0,7.0,-3.0
202609050800,joux,CHB,202609051900,11.0,2.4,1.2,1.2
202609030500,cologny,GVE,202609052100,64.0,3.9,2.7,1.2
202609030500,reposoir,GVE,202609052100,64.0,2.8,2.7,0.1
202609030500,vengeron,GVE,202609052100,64.0,2.8,2.7,0.1
202609030500,coppet,CGI,202609052100,64.0,3.2,4.6,-1.4
202609030500,nyon,CGI,202609052100,64.0,3.1,4.6,-1.5
202609030500,preverenges,PRE,202609052100,64.0,5.6,8.2,-2.6
202609030500,bouveret,BOU,202609052100,64.0,2.2,1.2,1.0
202609030500,joux,CHB,202609052100,64.0,1.9,1.9,-0.0
202609040900,cologny,GVE,202609052100,36.0,4.0,2.7,1.3
202609040900,reposoir,GVE,202609052100,36.0,3.2,2.7,0.5
202609040900,vengeron,GVE,202609052100,36.0,3.2,2.7,0.5
202609040900,coppet,CGI,202609052100,36.0,3.5,4.6,-1.1
202609040900,nyon,CGI,202609052100,36.0,3.5,4.6,-1.1
202609040900,preverenges,PRE,202609052100,36.0,6.1,8.2,-2.1
202609040900,bouveret,BOU,202609052100,36.0,1.7,1.2,0.5
202609040900,joux,CHB,202609052100,36.0,2.2,1.9,0.3
202609050800,cologny,GVE,202609052100,13.0,5.1,2.7,2.4
202609050800,reposoir,GVE,202609052100,13.0,3.8,2.7,1.1
202609050800,vengeron,GVE,202609052100,13.0,3.8,2.7,1.1
202609050800,coppet,CGI,202609052100,13.0,3.0,4.6,-1.6
202609050800,nyon,CGI,202609052100,13.0,3.0,4.6,-1.6
202609050800,preverenges,PRE,202609052100,13.0,6.9,8.2,-1.3
202609050800,bouveret,BOU,202609052100,13.0,2.5,1.2,1.3
202609050800,joux,CHB,202609052100,13.0,1.7,1.9,-0.2
202609030500,cologny,GVE,202609060000,67.0,2.1,1.9,0.2
202609030500,reposoir,GVE,202609060000,67.0,1.8,1.9,-0.1
202609030500,vengeron,GVE,202609060000,67.0,1.8,1.9,-0.1
202609030500,coppet,CGI,202609060000,67.0,2.5,5.6,-3.1
202609030500,nyon,CGI,202609060000,67.0,2.8,5.6,-2.8
202609030500,preverenges,PRE,202609060000,67.0,6.1,9.3,-3.2
202609030500,bouveret,BOU,202609060000,67.0,1.7,1.9,-0.2
202609030500,joux,CHB,202609060000,67.0,1.7,2.2,-0.5
202609040900,cologny,GVE,202609060000,39.0,1.9,1.9,-0.0
202609040900,reposoir,GVE,202609060000,39.0,1.9,1.9,-0.0
202609040900,vengeron,GVE,202609060000,39.0,1.9,1.9,-0.0
202609040900,coppet,CGI,202609060000,39.0,2.4,5.6,-3.2
202609040900,nyon,CGI,202609060000,39.0,2.9,5.6,-2.7
202609040900,preverenges,PRE,202609060000,39.0,7.1,9.3,-2.2
202609040900,bouveret,BOU,202609060000,39.0,1.7,1.9,-0.2
202609040900,joux,CHB,202609060000,39.0,1.7,2.2,-0.5
202609050800,cologny,GVE,202609060000,16.0,2.2,1.9,0.3
202609050800,reposoir,GVE,202609060000,16.0,1.8,1.9,-0.1
202609050800,vengeron,GVE,202609060000,16.0,1.8,1.9,-0.1
202609050800,coppet,CGI,202609060000,16.0,2.1,5.6,-3.5
202609050800,nyon,CGI,202609060000,16.0,2.7,5.6,-2.9
202609050800,preverenges,PRE,202609060000,16.0,7.8,9.3,-1.5
202609050800,bouveret,BOU,202609060000,16.0,1.8,1.9,-0.1
202609050800,joux,CHB,202609060000,16.0,1.4,2.2,-0.8
202609030500,cologny,GVE,202609060400,71.0,2.1,0.4,1.7
202609030500,reposoir,GVE,202609060400,71.0,1.8,0.4,1.4
202609030500,vengeron,GVE,202609060400,71.0,1.8,0.4,1.4
202609030500,coppet,CGI,202609060400,71.0,2.2,3.3,-1.1
202609030500,nyon,CGI,202609060400,71.0,2.9,3.3,-0.4
202609030500,preverenges,PRE,202609060400,71.0,7.3,8.5,-1.2
202609030500,bouveret,BOU,202609060400,71.0,1.8,3.5,-1.7
202609030500,joux,CHB,202609060400,71.0,1.6,1.6,0.0
202609040900,cologny,GVE,202609060400,43.0,1.7,0.4,1.3
202609040900,reposoir,GVE,202609060400,43.0,1.8,0.4,1.4
202609040900,vengeron,GVE,202609060400,43.0,1.8,0.4,1.4
202609040900,coppet,CGI,202609060400,43.0,2.4,3.3,-0.9
202609040900,nyon,CGI,202609060400,43.0,2.8,3.3,-0.5
202609040900,preverenges,PRE,202609060400,43.0,8.2,8.5,-0.3
202609040900,bouveret,BOU,202609060400,43.0,1.7,3.5,-1.8
202609040900,joux,CHB,202609060400,43.0,1.6,1.6,0.0
202609050800,cologny,GVE,202609060400,20.0,1.8,0.4,1.4
202609050800,reposoir,GVE,202609060400,20.0,1.7,0.4,1.3
202609050800,vengeron,GVE,202609060400,20.0,1.7,0.4,1.3
202609050800,coppet,CGI,202609060400,20.0,2.2,3.3,-1.1
202609050800,nyon,CGI,202609060400,20.0,2.3,3.3,-1.0
202609050800,preverenges,PRE,202609060400,20.0,8.4,8.5,-0.1
202609050800,bouveret,BOU,202609060400,20.0,1.8,3.5,-1.7
202609050800,joux,CHB,202609060400,20.0,1.5,1.6,-0.1
202609030500,cologny,GVE,202609060900,76.0,3.7,7.2,-3.5
202609030500,reposoir,GVE,202609060900,76.0,4.3,7.2,-2.9
202609030500,vengeron,GVE,202609060900,76.0,4.3,7.2,-2.9
202609030500,coppet,CGI,202609060900,76.0,4.5,8.2,-3.7
202609030500,nyon,CGI,202609060900,76.0,4.4,8.2,-3.8
202609030500,preverenges,PRE,202609060900,76.0,6.3,6.4,-0.1
202609030500,bouveret,BOU,202609060900,76.0,3.5,5.1,-1.6
202609030500,joux,CHB,202609060900,76.0,3.0,7.0,-4.0
202609040900,cologny,GVE,202609060900,48.0,4.3,7.2,-2.9
202609040900,reposoir,GVE,202609060900,48.0,4.5,7.2,-2.7
202609040900,vengeron,GVE,202609060900,48.0,4.5,7.2,-2.7
202609040900,coppet,CGI,202609060900,48.0,4.7,8.2,-3.5
202609040900,nyon,CGI,202609060900,48.0,3.5,8.2,-4.7
202609040900,preverenges,PRE,202609060900,48.0,6.6,6.4,0.2
202609040900,bouveret,BOU,202609060900,48.0,3.1,5.1,-2.0
202609040900,joux,CHB,202609060900,48.0,2.7,7.0,-4.3
202609050800,cologny,GVE,202609060900,25.0,3.6,7.2,-3.6
202609050800,reposoir,GVE,202609060900,25.0,4.5,7.2,-2.7
202609050800,vengeron,GVE,202609060900,25.0,4.5,7.2,-2.7
202609050800,coppet,CGI,202609060900,25.0,4.8,8.2,-3.4
202609050800,nyon,CGI,202609060900,25.0,4.2,8.2,-4.0
202609050800,preverenges,PRE,202609060900,25.0,6.6,6.4,0.2
202609050800,bouveret,BOU,202609060900,25.0,3.3,5.1,-1.8
202609050800,joux,CHB,202609060900,25.0,3.0,7.0,-4.0
202609060900,cologny,GVE,202609060900,0.0,3.7,7.2,-3.5
202609060900,reposoir,GVE,202609060900,0.0,5.0,7.2,-2.2
202609060900,vengeron,GVE,202609060900,0.0,5.0,7.2,-2.2
202609060900,coppet,CGI,202609060900,0.0,4.4,8.2,-3.8
202609060900,nyon,CGI,202609060900,0.0,5.4,8.2,-2.8
202609060900,preverenges,PRE,202609060900,0.0,8.6,6.4,2.2
202609060900,bouveret,BOU,202609060900,0.0,3.3,5.1,-1.8
202609060900,joux,CHB,202609060900,0.0,5.8,7.0,-1.2
202609030500,cologny,GVE,202609061300,80.0,3.9,5.2,-1.3
202609030500,reposoir,GVE,202609061300,80.0,4.5,5.2,-0.7
202609030500,vengeron,GVE,202609061300,80.0,4.5,5.2,-0.7
202609030500,coppet,CGI,202609061300,80.0,4.3,3.7,0.6
202609030500,nyon,CGI,202609061300,80.0,4.0,3.7,0.3
202609030500,preverenges,PRE,202609061300,80.0,3.6,4.1,-0.5
202609030500,bouveret,BOU,202609061300,80.0,3.6,2.3,1.3
202609030500,joux,CHB,202609061300,80.0,3.7,7.2,-3.5
202609040900,cologny,GVE,202609061300,52.0,3.6,5.2,-1.6
202609040900,reposoir,GVE,202609061300,52.0,4.0,5.2,-1.2
202609040900,vengeron,GVE,202609061300,52.0,4.0,5.2,-1.2
202609040900,coppet,CGI,202609061300,52.0,3.7,3.7,0.0
202609040900,nyon,CGI,202609061300,52.0,4.2,3.7,0.5
202609040900,preverenges,PRE,202609061300,52.0,2.9,4.1,-1.2
202609040900,bouveret,BOU,202609061300,52.0,3.7,2.3,1.4
202609040900,joux,CHB,202609061300,52.0,3.6,7.2,-3.6
202609050800,cologny,GVE,202609061300,29.0,3.7,5.2,-1.5
202609050800,reposoir,GVE,202609061300,29.0,4.4,5.2,-0.8
202609050800,vengeron,GVE,202609061300,29.0,4.4,5.2,-0.8
202609050800,coppet,CGI,202609061300,29.0,4.2,3.7,0.5
202609050800,nyon,CGI,202609061300,29.0,4.3,3.7,0.6
202609050800,preverenges,PRE,202609061300,29.0,3.4,4.1,-0.7
202609050800,bouveret,BOU,202609061300,29.0,3.3,2.3,1.0
202609050800,joux,CHB,202609061300,29.0,4.2,7.2,-3.0
202609060900,cologny,GVE,202609061300,4.0,3.8,5.2,-1.4
202609060900,reposoir,GVE,202609061300,4.0,5.1,5.2,-0.1
202609060900,vengeron,GVE,202609061300,4.0,5.1,5.2,-0.1
202609060900,coppet,CGI,202609061300,4.0,5.5,3.7,1.8
202609060900,nyon,CGI,202609061300,4.0,4.4,3.7,0.7
202609060900,preverenges,PRE,202609061300,4.0,4.4,4.1,0.3
202609060900,bouveret,BOU,202609061300,4.0,3.2,2.3,0.9
202609060900,joux,CHB,202609061300,4.0,6.2,7.2,-1.0
202609030500,cologny,GVE,202609061700,84.0,3.3,3.7,-0.4
202609030500,reposoir,GVE,202609061700,84.0,3.4,3.7,-0.3
202609030500,vengeron,GVE,202609061700,84.0,3.4,3.7,-0.3
202609030500,coppet,CGI,202609061700,84.0,2.9,2.2,0.7
202609030500,nyon,CGI,202609061700,84.0,2.3,2.2,0.1
202609030500,preverenges,PRE,202609061700,84.0,3.1,1.9,1.2
202609030500,bouveret,BOU,202609061700,84.0,2.2,1.7,0.5
202609030500,joux,CHB,202609061700,84.0,3.0,4.3,-1.3
202609040900,cologny,GVE,202609061700,56.0,3.2,3.7,-0.5
202609040900,reposoir,GVE,202609061700,56.0,3.8,3.7,0.1
202609040900,vengeron,GVE,202609061700,56.0,3.8,3.7,0.1
202609040900,coppet,CGI,202609061700,56.0,3.2,2.2,1.0
202609040900,nyon,CGI,202609061700,56.0,2.6,2.2,0.4
202609040900,preverenges,PRE,202609061700,56.0,2.3,1.9,0.4
202609040900,bouveret,BOU,202609061700,56.0,2.3,1.7,0.6
202609040900,joux,CHB,202609061700,56.0,2.6,4.3,-1.7
202609050800,cologny,GVE,202609061700,33.0,3.7,3.7,0.0
202609050800,reposoir,GVE,202609061700,33.0,3.9,3.7,0.2
202609050800,vengeron,GVE,202609061700,33.0,3.9,3.7,0.2
202609050800,coppet,CGI,202609061700,33.0,3.5,2.2,1.3
202609050800,nyon,CGI,202609061700,33.0,2.5,2.2,0.3
202609050800,preverenges,PRE,202609061700,33.0,2.1,1.9,0.2
202609050800,bouveret,BOU,202609061700,33.0,2.1,1.7,0.4
202609050800,joux,CHB,202609061700,33.0,3.0,4.3,-1.3
202609060900,cologny,GVE,202609061700,8.0,4.1,3.7,0.4
202609060900,reposoir,GVE,202609061700,8.0,5.0,3.7,1.3
202609060900,vengeron,GVE,202609061700,8.0,5.0,3.7,1.3
202609060900,coppet,CGI,202609061700,8.0,4.0,2.2,1.8
202609060900,nyon,CGI,202609061700,8.0,3.1,2.2,0.9
202609060900,preverenges,PRE,202609061700,8.0,2.6,1.9,0.7
202609060900,bouveret,BOU,202609061700,8.0,2.5,1.7,0.8
202609060900,joux,CHB,202609061700,8.0,2.9,4.3,-1.4
202609030500,cologny,GVE,202609061900,86.0,2.1,2.7,-0.6
202609030500,reposoir,GVE,202609061900,86.0,1.9,2.7,-0.8
202609030500,vengeron,GVE,202609061900,86.0,1.9,2.7,-0.8
202609030500,coppet,CGI,202609061900,86.0,2.4,4.9,-2.5
202609030500,nyon,CGI,202609061900,86.0,2.6,4.9,-2.3
202609030500,preverenges,PRE,202609061900,86.0,4.0,3.5,0.5
202609030500,bouveret,BOU,202609061900,86.0,1.9,3.1,-1.2
202609030500,joux,CHB,202609061900,86.0,2.4,1.2,1.2
202609040900,cologny,GVE,202609061900,58.0,2.4,2.7,-0.3
202609040900,reposoir,GVE,202609061900,58.0,2.4,2.7,-0.3
202609040900,vengeron,GVE,202609061900,58.0,2.4,2.7,-0.3
202609040900,coppet,CGI,202609061900,58.0,2.7,4.9,-2.2
202609040900,nyon,CGI,202609061900,58.0,2.6,4.9,-2.3
202609040900,preverenges,PRE,202609061900,58.0,3.1,3.5,-0.4
202609040900,bouveret,BOU,202609061900,58.0,2.4,3.1,-0.7
202609040900,joux,CHB,202609061900,58.0,2.2,1.2,1.0
202609050800,cologny,GVE,202609061900,35.0,2.4,2.7,-0.3
202609050800,reposoir,GVE,202609061900,35.0,2.5,2.7,-0.2
202609050800,vengeron,GVE,202609061900,35.0,2.5,2.7,-0.2
202609050800,coppet,CGI,202609061900,35.0,2.9,4.9,-2.0
202609050800,nyon,CGI,202609061900,35.0,2.8,4.9,-2.1
202609050800,preverenges,PRE,202609061900,35.0,3.7,3.5,0.2
202609050800,bouveret,BOU,202609061900,35.0,2.2,3.1,-0.9
202609050800,joux,CHB,202609061900,35.0,1.6,1.2,0.4
202609060900,cologny,GVE,202609061900,10.0,2.6,2.7,-0.1
202609060900,reposoir,GVE,202609061900,10.0,3.3,2.7,0.6
202609060900,vengeron,GVE,202609061900,10.0,3.3,2.7,0.6
202609060900,coppet,CGI,202609061900,10.0,3.3,4.9,-1.6
202609060900,nyon,CGI,202609061900,10.0,2.8,4.9,-2.1
202609060900,preverenges,PRE,202609061900,10.0,3.9,3.5,0.4
202609060900,bouveret,BOU,202609061900,10.0,2.3,3.1,-0.8
202609060900,joux,CHB,202609061900,10.0,1.6,1.2,0.4
202609030500,cologny,GVE,202609062100,88.0,2.1,2.7,-0.6
202609030500,reposoir,GVE,202609062100,88.0,1.7,2.7,-1.0
202609030500,vengeron,GVE,202609062100,88.0,1.7,2.7,-1.0
202609030500,coppet,CGI,202609062100,88.0,2.2,2.5,-0.3
202609030500,nyon,CGI,202609062100,88.0,2.5,2.5,-0.0
202609030500,preverenges,PRE,202609062100,88.0,4.2,1.3,2.9
202609030500,bouveret,BOU,202609062100,88.0,2.4,2.9,-0.5
202609030500,joux,CHB,202609062100,88.0,2.5,1.3,1.2
202609040900,cologny,GVE,202609062100,60.0,2.1,2.7,-0.6
202609040900,reposoir,GVE,202609062100,60.0,1.4,2.7,-1.3
202609040900,vengeron,GVE,202609062100,60.0,1.4,2.7,-1.3
202609040900,coppet,CGI,202609062100,60.0,1.9,2.5,-0.6
202609040900,nyon,CGI,202609062100,60.0,2.1,2.5,-0.4
202609040900,preverenges,PRE,202609062100,60.0,2.7,1.3,1.4
202609040900,bouveret,BOU,202609062100,60.0,3.2,2.9,0.3
202609040900,joux,CHB,202609062100,60.0,2.4,1.3,1.1
202609050800,cologny,GVE,202609062100,37.0,1.8,2.7,-0.9
202609050800,reposoir,GVE,202609062100,37.0,1.9,2.7,-0.8
202609050800,vengeron,GVE,202609062100,37.0,1.9,2.7,-0.8
202609050800,coppet,CGI,202609062100,37.0,1.9,2.5,-0.6
202609050800,nyon,CGI,202609062100,37.0,2.3,2.5,-0.2
202609050800,preverenges,PRE,202609062100,37.0,4.3,1.3,3.0
202609050800,bouveret,BOU,202609062100,37.0,2.1,2.9,-0.8
202609050800,joux,CHB,202609062100,37.0,1.7,1.3,0.4
202609060900,cologny,GVE,202609062100,12.0,1.7,2.7,-1.0
202609060900,reposoir,GVE,202609062100,12.0,1.7,2.7,-1.0
202609060900,vengeron,GVE,202609062100,12.0,1.7,2.7,-1.0
202609060900,coppet,CGI,202609062100,12.0,1.7,2.5,-0.8
202609060900,nyon,CGI,202609062100,12.0,2.1,2.5,-0.4
202609060900,preverenges,PRE,202609062100,12.0,6.7,1.3,5.4
202609060900,bouveret,BOU,202609062100,12.0,2.0,2.9,-0.9
202609060900,joux,CHB,202609062100,12.0,1.8,1.3,0.5
202609030500,cologny,GVE,202609070000,91.0,1.9,0.8,1.1
202609030500,reposoir,GVE,202609070000,91.0,1.9,0.8,1.1
202609030500,vengeron,GVE,202609070000,91.0,1.9,0.8,1.1
202609030500,coppet,CGI,202609070000,91.0,1.7,3.5,-1.8
202609030500,nyon,CGI,202609070000,91.0,1.8,3.5,-1.7
202609030500,preverenges,PRE,202609070000,91.0,3.0,2.3,0.7
202609030500,bouveret,BOU,202609070000,91.0,2.3,3.7,-1.4
202609030500,joux,CHB,202609070000,91.0,3.1,1.2,1.9
202609040900,cologny,GVE,202609070000,63.0,1.7,0.8,0.9
202609040900,reposoir,GVE,202609070000,63.0,1.6,0.8,0.8
202609040900,vengeron,GVE,202609070000,63.0,1.6,0.8,0.8
202609040900,coppet,CGI,202609070000,63.0,1.7,3.5,-1.8
202609040900,nyon,CGI,202609070000,63.0,1.8,3.5,-1.7
202609040900,preverenges,PRE,202609070000,63.0,2.5,2.3,0.2
202609040900,bouveret,BOU,202609070000,63.0,3.1,3.7,-0.6
202609040900,joux,CHB,202609070000,63.0,3.1,1.2,1.9
202609050800,cologny,GVE,202609070000,40.0,1.9,0.8,1.1
202609050800,reposoir,GVE,202609070000,40.0,1.8,0.8,1.0
202609050800,vengeron,GVE,202609070000,40.0,1.8,0.8,1.0
202609050800,coppet,CGI,202609070000,40.0,1.7,3.5,-1.8
202609050800,nyon,CGI,202609070000,40.0,1.8,3.5,-1.7
202609050800,preverenges,PRE,202609070000,40.0,2.6,2.3,0.3
202609050800,bouveret,BOU,202609070000,40.0,2.8,3.7,-0.9
202609050800,joux,CHB,202609070000,40.0,1.8,1.2,0.6
202609060900,cologny,GVE,202609070000,15.0,2.3,0.8,1.5
202609060900,reposoir,GVE,202609070000,15.0,2.5,0.8,1.7
202609060900,vengeron,GVE,202609070000,15.0,2.5,0.8,1.7
202609060900,coppet,CGI,202609070000,15.0,2.0,3.5,-1.5
202609060900,nyon,CGI,202609070000,15.0,2.3,3.5,-1.2
202609060900,preverenges,PRE,202609070000,15.0,3.1,2.3,0.8
202609060900,bouveret,BOU,202609070000,15.0,3.1,3.7,-0.6
202609060900,joux,CHB,202609070000,15.0,2.6,1.2,1.4
202609030500,cologny,GVE,202609070500,96.0,2.0,1.3,0.7
202609030500,reposoir,GVE,202609070500,96.0,1.6,1.3,0.3
202609030500,vengeron,GVE,202609070500,96.0,1.6,1.3,0.3
202609030500,coppet,CGI,202609070500,96.0,1.6,4.3,-2.7
202609030500,nyon,CGI,202609070500,96.0,2.1,4.3,-2.2
202609030500,preverenges,PRE,202609070500,96.0,2.6,3.9,-1.3
202609030500,bouveret,BOU,202609070500,96.0,2.5,13.2,-10.7
202609030500,joux,CHB,202609070500,96.0,3.1,1.3,1.8
202609040900,cologny,GVE,202609070500,68.0,2.3,1.3,1.0
202609040900,reposoir,GVE,202609070500,68.0,1.8,1.3,0.5
202609040900,vengeron,GVE,202609070500,68.0,1.8,1.3,0.5
202609040900,coppet,CGI,202609070500,68.0,2.0,4.3,-2.3
202609040900,nyon,CGI,202609070500,68.0,2.1,4.3,-2.2
202609040900,preverenges,PRE,202609070500,68.0,2.8,3.9,-1.1
202609040900,bouveret,BOU,202609070500,68.0,3.1,13.2,-10.1
202609040900,joux,CHB,202609070500,68.0,4.1,1.3,2.8
202609050800,cologny,GVE,202609070500,45.0,2.2,1.3,0.9
202609050800,reposoir,GVE,202609070500,45.0,1.8,1.3,0.5
202609050800,vengeron,GVE,202609070500,45.0,1.8,1.3,0.5
202609050800,coppet,CGI,202609070500,45.0,2.0,4.3,-2.3
202609050800,nyon,CGI,202609070500,45.0,2.2,4.3,-2.1
202609050800,preverenges,PRE,202609070500,45.0,2.9,3.9,-1.0
202609050800,bouveret,BOU,202609070500,45.0,3.6,13.2,-9.6
202609050800,joux,CHB,202609070500,45.0,3.7,1.3,2.4
202609060900,cologny,GVE,202609070500,20.0,2.3,1.3,1.0
202609060900,reposoir,GVE,202609070500,20.0,2.5,1.3,1.2
202609060900,vengeron,GVE,202609070500,20.0,2.5,1.3,1.2
202609060900,coppet,CGI,202609070500,20.0,2.0,4.3,-2.3
202609060900,nyon,CGI,202609070500,20.0,2.2,4.3,-2.1
202609060900,preverenges,PRE,202609070500,20.0,2.8,3.9,-1.1
202609060900,bouveret,BOU,202609070500,20.0,7.2,13.2,-6.0
202609060900,joux,CHB,202609070500,20.0,2.4,1.3,1.1
202609030500,cologny,GVE,202609070900,100.0,2.8,2.5,0.3
202609030500,reposoir,GVE,202609070900,100.0,2.3,2.5,-0.2
202609030500,vengeron,GVE,202609070900,100.0,2.3,2.5,-0.2
202609030500,coppet,CGI,202609070900,100.0,2.4,1.6,0.8
202609030500,nyon,CGI,202609070900,100.0,2.6,1.6,1.0
202609030500,preverenges,PRE,202609070900,100.0,3.5,3.7,-0.2
202609030500,bouveret,BOU,202609070900,100.0,3.2,7.0,-3.8
202609030500,joux,CHB,202609070900,100.0,4.1,6.8,-2.7
202609040900,cologny,GVE,202609070900,72.0,2.6,2.5,0.1
202609040900,reposoir,GVE,202609070900,72.0,2.5,2.5,-0.0
202609040900,vengeron,GVE,202609070900,72.0,2.5,2.5,-0.0
202609040900,coppet,CGI,202609070900,72.0,3.0,1.6,1.4
202609040900,nyon,CGI,202609070900,72.0,3.5,1.6,1.9
202609040900,preverenges,PRE,202609070900,72.0,3.3,3.7,-0.4
202609040900,bouveret,BOU,202609070900,72.0,3.1,7.0,-3.9
202609040900,joux,CHB,202609070900,72.0,4.8,6.8,-2.0
202609050800,cologny,GVE,202609070900,49.0,2.5,2.5,-0.0
202609050800,reposoir,GVE,202609070900,49.0,2.5,2.5,-0.0
202609050800,vengeron,GVE,202609070900,49.0,2.5,2.5,-0.0
202609050800,coppet,CGI,202609070900,49.0,2.8,1.6,1.2
202609050800,nyon,CGI,202609070900,49.0,3.1,1.6,1.5
202609050800,preverenges,PRE,202609070900,49.0,3.0,3.7,-0.7
202609050800,bouveret,BOU,202609070900,49.0,4.1,7.0,-2.9
202609050800,joux,CHB,202609070900,49.0,4.6,6.8,-2.2
202609060900,cologny,GVE,202609070900,24.0,2.1,2.5,-0.4
202609060900,reposoir,GVE,202609070900,24.0,2.3,2.5,-0.2
202609060900,vengeron,GVE,202609070900,24.0,2.3,2.5,-0.2
202609060900,coppet,CGI,202609070900,24.0,3.0,1.6,1.4
202609060900,nyon,CGI,202609070900,24.0,2.8,1.6,1.2
202609060900,preverenges,PRE,202609070900,24.0,2.8,3.7,-0.9
202609060900,bouveret,BOU,202609070900,24.0,3.1,7.0,-3.9
202609060900,joux,CHB,202609070900,24.0,5.8,6.8,-1.0
202609070900,cologny,GVE,202609070900,0.0,2.3,2.5,-0.2
202609070900,reposoir,GVE,202609070900,0.0,3.1,2.5,0.6
202609070900,vengeron,GVE,202609070900,0.0,3.1,2.5,0.6
202609070900,coppet,CGI,202609070900,0.0,3.8,1.6,2.2
202609070900,nyon,CGI,202609070900,0.0,2.6,1.6,1.0
202609070900,preverenges,PRE,202609070900,0.0,3.1,3.7,-0.6
202609070900,bouveret,BOU,202609070900,0.0,6.7,7.0,-0.3
202609070900,joux,CHB,202609070900,0.0,3.8,6.8,-3.0
202609030500,cologny,GVE,202609071000,101.0,3.0,2.5,0.5
202609030500,reposoir,GVE,202609071000,101.0,2.8,2.5,0.3
202609030500,vengeron,GVE,202609071000,101.0,2.8,2.5,0.3
202609030500,coppet,CGI,202609071000,101.0,3.2,2.3,0.9
202609030500,nyon,CGI,202609071000,101.0,3.3,2.3,1.0
202609030500,preverenges,PRE,202609071000,101.0,3.6,4.9,-1.3
202609030500,bouveret,BOU,202609071000,101.0,3.6,1.6,2.0
202609030500,joux,CHB,202609071000,101.0,4.6,9.7,-5.1
202609040900,cologny,GVE,202609071000,73.0,3.8,2.5,1.3
202609040900,reposoir,GVE,202609071000,73.0,3.5,2.5,1.0
202609040900,vengeron,GVE,202609071000,73.0,3.5,2.5,1.0
202609040900,coppet,CGI,202609071000,73.0,3.9,2.3,1.6
202609040900,nyon,CGI,202609071000,73.0,4.5,2.3,2.2
202609040900,preverenges,PRE,202609071000,73.0,3.6,4.9,-1.3
202609040900,bouveret,BOU,202609071000,73.0,3.0,1.6,1.4
202609040900,joux,CHB,202609071000,73.0,5.6,9.7,-4.1
202609050800,cologny,GVE,202609071000,50.0,3.1,2.5,0.6
202609050800,reposoir,GVE,202609071000,50.0,2.8,2.5,0.3
202609050800,vengeron,GVE,202609071000,50.0,2.8,2.5,0.3
202609050800,coppet,CGI,202609071000,50.0,3.7,2.3,1.4
202609050800,nyon,CGI,202609071000,50.0,3.7,2.3,1.4
202609050800,preverenges,PRE,202609071000,50.0,3.1,4.9,-1.8
202609050800,bouveret,BOU,202609071000,50.0,3.3,1.6,1.7
202609050800,joux,CHB,202609071000,50.0,5.4,9.7,-4.3
202609060900,cologny,GVE,202609071000,25.0,3.8,2.5,1.3
202609060900,reposoir,GVE,202609071000,25.0,3.2,2.5,0.7
202609060900,vengeron,GVE,202609071000,25.0,3.2,2.5,0.7
202609060900,coppet,CGI,202609071000,25.0,3.6,2.3,1.3
202609060900,nyon,CGI,202609071000,25.0,4.0,2.3,1.7
202609060900,preverenges,PRE,202609071000,25.0,3.0,4.9,-1.9
202609060900,bouveret,BOU,202609071000,25.0,2.8,1.6,1.2
202609060900,joux,CHB,202609071000,25.0,5.8,9.7,-3.9
202609070900,cologny,GVE,202609071000,1.0,2.6,2.5,0.1
202609070900,reposoir,GVE,202609071000,1.0,3.3,2.5,0.8
202609070900,vengeron,GVE,202609071000,1.0,3.3,2.5,0.8
202609070900,coppet,CGI,202609071000,1.0,2.8,2.3,0.5
202609070900,nyon,CGI,202609071000,1.0,2.9,2.3,0.6
202609070900,preverenges,PRE,202609071000,1.0,4.1,4.9,-0.8
202609070900,bouveret,BOU,202609071000,1.0,5.1,1.6,3.5
202609070900,joux,CHB,202609071000,1.0,5.7,9.7,-4.0
202609030500,cologny,GVE,202609071600,107.0,5.0,3.3,1.7
202609030500,reposoir,GVE,202609071600,107.0,5.2,3.3,1.9
202609030500,vengeron,GVE,202609071600,107.0,5.2,3.3,1.9
202609030500,coppet,CGI,202609071600,107.0,4.5,2.9,1.6
202609030500,nyon,CGI,202609071600,107.0,4.2,2.9,1.3
202609030500,preverenges,PRE,202609071600,107.0,4.3,2.5,1.8
202609030500,bouveret,BOU,202609071600,107.0,3.5,0.2,3.3
202609030500,joux,CHB,202609071600,107.0,4.8,5.8,-1.0
202609040900,cologny,GVE,202609071600,79.0,6.0,3.3,2.7
202609040900,reposoir,GVE,202609071600,79.0,6.1,3.3,2.8
202609040900,vengeron,GVE,202609071600,79.0,6.1,3.3,2.8
202609040900,coppet,CGI,202609071600,79.0,5.7,2.9,2.8
202609040900,nyon,CGI,202609071600,79.0,5.0,2.9,2.1
202609040900,preverenges,PRE,202609071600,79.0,4.0,2.5,1.5
202609040900,bouveret,BOU,202609071600,79.0,3.3,0.2,3.1
202609040900,joux,CHB,202609071600,79.0,6.7,5.8,0.9
202609050800,cologny,GVE,202609071600,56.0,5.7,3.3,2.4
202609050800,reposoir,GVE,202609071600,56.0,5.3,3.3,2.0
202609050800,vengeron,GVE,202609071600,56.0,5.3,3.3,2.0
202609050800,coppet,CGI,202609071600,56.0,5.3,2.9,2.4
202609050800,nyon,CGI,202609071600,56.0,5.3,2.9,2.4
202609050800,preverenges,PRE,202609071600,56.0,3.7,2.5,1.2
202609050800,bouveret,BOU,202609071600,56.0,2.9,0.2,2.7
202609050800,joux,CHB,202609071600,56.0,6.1,5.8,0.3
202609060900,cologny,GVE,202609071600,31.0,5.3,3.3,2.0
202609060900,reposoir,GVE,202609071600,31.0,5.0,3.3,1.7
202609060900,vengeron,GVE,202609071600,31.0,5.0,3.3,1.7
202609060900,coppet,CGI,202609071600,31.0,5.2,2.9,2.3
202609060900,nyon,CGI,202609071600,31.0,5.0,2.9,2.1
202609060900,preverenges,PRE,202609071600,31.0,4.2,2.5,1.7
202609060900,bouveret,BOU,202609071600,31.0,2.9,0.2,2.7
202609060900,joux,CHB,202609071600,31.0,5.9,5.8,0.1
202609070900,cologny,GVE,202609071600,7.0,4.9,3.3,1.6
202609070900,reposoir,GVE,202609071600,7.0,4.3,3.3,1.0
202609070900,vengeron,GVE,202609071600,7.0,4.3,3.3,1.0
202609070900,coppet,CGI,202609071600,7.0,5.6,2.9,2.7
202609070900,nyon,CGI,202609071600,7.0,4.2,2.9,1.3
202609070900,preverenges,PRE,202609071600,7.0,2.9,2.5,0.4
202609070900,bouveret,BOU,202609071600,7.0,2.4,0.2,2.2
202609070900,joux,CHB,202609071600,7.0,5.1,5.8,-0.7
202609030500,cologny,GVE,202609072000,111.0,2.0,1.2,0.8
202609030500,reposoir,GVE,202609072000,111.0,1.9,1.2,0.7
202609030500,vengeron,GVE,202609072000,111.0,1.9,1.2,0.7
202609030500,coppet,CGI,202609072000,111.0,1.8,3.9,-2.1
202609030500,nyon,CGI,202609072000,111.0,2.3,3.9,-1.6
202609030500,preverenges,PRE,202609072000,111.0,2.2,4.5,-2.3
202609030500,bouveret,BOU,202609072000,111.0,2.6,4.3,-1.7
202609030500,joux,CHB,202609072000,111.0,2.9,1.2,1.7
202609040900,cologny,GVE,202609072000,83.0,2.3,1.2,1.1
202609040900,reposoir,GVE,202609072000,83.0,1.7,1.2,0.5
202609040900,vengeron,GVE,202609072000,83.0,1.7,1.2,0.5
202609040900,coppet,CGI,202609072000,83.0,2.0,3.9,-1.9
202609040900,nyon,CGI,202609072000,83.0,2.1,3.9,-1.8
202609040900,preverenges,PRE,202609072000,83.0,2.8,4.5,-1.7
202609040900,bouveret,BOU,202609072000,83.0,2.3,4.3,-2.0
202609040900,joux,CHB,202609072000,83.0,3.3,1.2,2.1
202609050800,cologny,GVE,202609072000,60.0,2.5,1.2,1.3
202609050800,reposoir,GVE,202609072000,60.0,2.4,1.2,1.2
202609050800,vengeron,GVE,202609072000,60.0,2.4,1.2,1.2
202609050800,coppet,CGI,202609072000,60.0,1.9,3.9,-2.0
202609050800,nyon,CGI,202609072000,60.0,1.9,3.9,-2.0
202609050800,preverenges,PRE,202609072000,60.0,2.7,4.5,-1.8
202609050800,bouveret,BOU,202609072000,60.0,3.1,4.3,-1.2
202609050800,joux,CHB,202609072000,60.0,3.1,1.2,1.9
202609060900,cologny,GVE,202609072000,35.0,2.4,1.2,1.2
202609060900,reposoir,GVE,202609072000,35.0,1.4,1.2,0.2
202609060900,vengeron,GVE,202609072000,35.0,1.4,1.2,0.2
202609060900,coppet,CGI,202609072000,35.0,1.9,3.9,-2.0
202609060900,nyon,CGI,202609072000,35.0,1.9,3.9,-2.0
202609060900,preverenges,PRE,202609072000,35.0,3.1,4.5,-1.4
202609060900,bouveret,BOU,202609072000,35.0,3.3,4.3,-1.0
202609060900,joux,CHB,202609072000,35.0,3.0,1.2,1.8
202609070900,cologny,GVE,202609072000,11.0,3.0,1.2,1.8
202609070900,reposoir,GVE,202609072000,11.0,2.6,1.2,1.4
202609070900,vengeron,GVE,202609072000,11.0,2.6,1.2,1.4
202609070900,coppet,CGI,202609072000,11.0,2.6,3.9,-1.3
202609070900,nyon,CGI,202609072000,11.0,2.6,3.9,-1.3
202609070900,preverenges,PRE,202609072000,11.0,3.3,4.5,-1.2
202609070900,bouveret,BOU,202609072000,11.0,3.5,4.3,-0.8
202609070900,joux,CHB,202609072000,11.0,2.1,1.2,0.9
202609030500,cologny,GVE,202609072300,114.0,1.6,1.6,0.0
202609030500,reposoir,GVE,202609072300,114.0,1.3,1.6,-0.3
202609030500,vengeron,GVE,202609072300,114.0,1.3,1.6,-0.3
202609030500,coppet,CGI,202609072300,114.0,1.4,4.1,-2.7
202609030500,nyon,CGI,202609072300,114.0,1.7,4.1,-2.4
202609030500,preverenges,PRE,202609072300,114.0,1.9,4.3,-2.4
202609030500,bouveret,BOU,202609072300,114.0,2.2,2.5,-0.3
202609030500,joux,CHB,202609072300,114.0,2.5,1.3,1.2
202609040900,cologny,GVE,202609072300,86.0,1.8,1.6,0.2
202609040900,reposoir,GVE,202609072300,86.0,1.7,1.6,0.1
202609040900,vengeron,GVE,202609072300,86.0,1.7,1.6,0.1
202609040900,coppet,CGI,202609072300,86.0,1.6,4.1,-2.5
202609040900,nyon,CGI,202609072300,86.0,2.0,4.1,-2.1
202609040900,preverenges,PRE,202609072300,86.0,2.5,4.3,-1.8
202609040900,bouveret,BOU,202609072300,86.0,1.8,2.5,-0.7
202609040900,joux,CHB,202609072300,86.0,2.8,1.3,1.5
202609050800,cologny,GVE,202609072300,63.0,1.8,1.6,0.2
202609050800,reposoir,GVE,202609072300,63.0,1.5,1.6,-0.1
202609050800,vengeron,GVE,202609072300,63.0,1.5,1.6,-0.1
202609050800,coppet,CGI,202609072300,63.0,1.7,4.1,-2.4
202609050800,nyon,CGI,202609072300,63.0,1.9,4.1,-2.2
202609050800,preverenges,PRE,202609072300,63.0,2.8,4.3,-1.5
202609050800,bouveret,BOU,202609072300,63.0,2.7,2.5,0.2
202609050800,joux,CHB,202609072300,63.0,2.9,1.3,1.6
202609060900,cologny,GVE,202609072300,38.0,1.8,1.6,0.2
202609060900,reposoir,GVE,202609072300,38.0,1.3,1.6,-0.3
202609060900,vengeron,GVE,202609072300,38.0,1.3,1.6,-0.3
202609060900,coppet,CGI,202609072300,38.0,1.5,4.1,-2.6
202609060900,nyon,CGI,202609072300,38.0,1.9,4.1,-2.2
202609060900,preverenges,PRE,202609072300,38.0,2.3,4.3,-2.0
202609060900,bouveret,BOU,202609072300,38.0,3.1,2.5,0.6
202609060900,joux,CHB,202609072300,38.0,2.9,1.3,1.6
202609070900,cologny,GVE,202609072300,14.0,2.0,1.6,0.4
202609070900,reposoir,GVE,202609072300,14.0,1.3,1.6,-0.3
202609070900,vengeron,GVE,202609072300,14.0,1.3,1.6,-0.3
202609070900,coppet,CGI,202609072300,14.0,1.6,4.1,-2.5
202609070900,nyon,CGI,202609072300,14.0,2.2,4.1,-1.9
202609070900,preverenges,PRE,202609072300,14.0,2.5,4.3,-1.8
202609070900,bouveret,BOU,202609072300,14.0,2.5,2.5,-0.0
202609070900,joux,CHB,202609072300,14.0,2.1,1.3,0.8
202609030500,cologny,GVE,202609080500,120.0,1.8,1.3,0.5
202609030500,reposoir,GVE,202609080500,120.0,1.5,1.3,0.2
202609030500,vengeron,GVE,202609080500,120.0,1.5,1.3,0.2
202609030500,coppet,CGI,202609080500,120.0,1.5,3.3,-1.8
202609030500,nyon,CGI,202609080500,120.0,1.7,3.3,-1.6
202609030500,preverenges,PRE,202609080500,120.0,1.8,2.3,-0.5
202609030500,bouveret,BOU,202609080500,120.0,2.1,2.9,-0.8
202609030500,joux,CHB,202609080500,120.0,2.6,1.0,1.6
202609040900,cologny,GVE,202609080500,92.0,1.9,1.3,0.6
202609040900,reposoir,GVE,202609080500,92.0,1.8,1.3,0.5
202609040900,vengeron,GVE,202609080500,92.0,1.8,1.3,0.5
202609040900,coppet,CGI,202609080500,92.0,2.1,3.3,-1.2
202609040900,nyon,CGI,202609080500,92.0,1.5,3.3,-1.8
202609040900,preverenges,PRE,202609080500,92.0,2.3,2.3,-0.0
202609040900,bouveret,BOU,202609080500,92.0,2.0,2.9,-0.9
202609040900,joux,CHB,202609080500,92.0,3.1,1.0,2.1
202609050800,cologny,GVE,202609080500,69.0,1.8,1.3,0.5
202609050800,reposoir,GVE,202609080500,69.0,1.7,1.3,0.4
202609050800,vengeron,GVE,202609080500,69.0,1.7,1.3,0.4
202609050800,coppet,CGI,202609080500,69.0,1.8,3.3,-1.5
202609050800,nyon,CGI,202609080500,69.0,1.4,3.3,-1.9
202609050800,preverenges,PRE,202609080500,69.0,2.2,2.3,-0.1
202609050800,bouveret,BOU,202609080500,69.0,1.9,2.9,-1.0
202609050800,joux,CHB,202609080500,69.0,3.0,1.0,2.0
202609060900,cologny,GVE,202609080500,44.0,2.1,1.3,0.8
202609060900,reposoir,GVE,202609080500,44.0,2.1,1.3,0.8
202609060900,vengeron,GVE,202609080500,44.0,2.1,1.3,0.8
202609060900,coppet,CGI,202609080500,44.0,2.0,3.3,-1.3
202609060900,nyon,CGI,202609080500,44.0,1.7,3.3,-1.6
202609060900,preverenges,PRE,202609080500,44.0,2.6,2.3,0.3
202609060900,bouveret,BOU,202609080500,44.0,2.6,2.9,-0.3
202609060900,joux,CHB,202609080500,44.0,3.7,1.0,2.7
202609070900,cologny,GVE,202609080500,20.0,1.9,1.3,0.6
202609070900,reposoir,GVE,202609080500,20.0,2.1,1.3,0.8
202609070900,vengeron,GVE,202609080500,20.0,2.1,1.3,0.8
202609070900,coppet,CGI,202609080500,20.0,1.8,3.3,-1.5
202609070900,nyon,CGI,202609080500,20.0,2.1,3.3,-1.2
202609070900,preverenges,PRE,202609080500,20.0,2.4,2.3,0.1
202609070900,bouveret,BOU,202609080500,20.0,2.0,2.9,-0.9
202609070900,joux,CHB,202609080500,20.0,3.3,1.0,2.3
202609030500,cologny,GVE,202609080900,124.0,2.8,6.6,-3.8
202609030500,reposoir,GVE,202609080900,124.0,2.5,6.6,-4.1
202609030500,vengeron,GVE,202609080900,124.0,2.5,6.6,-4.1
202609030500,coppet,CGI,202609080900,124.0,2.7,4.9,-2.2
202609030500,nyon,CGI,202609080900,124.0,3.0,4.9,-1.9
202609030500,preverenges,PRE,202609080900,124.0,3.3,3.3,0.0
202609030500,bouveret,BOU,202609080900,124.0,2.4,6.4,-4.0
202609030500,joux,CHB,202609080900,124.0,3.8,9.9,-6.1
202609040900,cologny,GVE,202609080900,96.0,4.2,6.6,-2.4
202609040900,reposoir,GVE,202609080900,96.0,3.9,6.6,-2.7
202609040900,vengeron,GVE,202609080900,96.0,3.9,6.6,-2.7
202609040900,coppet,CGI,202609080900,96.0,4.1,4.9,-0.8
202609040900,nyon,CGI,202609080900,96.0,3.9,4.9,-1.0
202609040900,preverenges,PRE,202609080900,96.0,3.6,3.3,0.3
202609040900,bouveret,BOU,202609080900,96.0,3.4,6.4,-3.0
202609040900,joux,CHB,202609080900,96.0,4.5,9.9,-5.4
202609050800,cologny,GVE,202609080900,73.0,3.8,6.6,-2.8
202609050800,reposoir,GVE,202609080900,73.0,3.6,6.6,-3.0
202609050800,vengeron,GVE,202609080900,73.0,3.6,6.6,-3.0
202609050800,coppet,CGI,202609080900,73.0,4.1,4.9,-0.8
202609050800,nyon,CGI,202609080900,73.0,3.8,4.9,-1.1
202609050800,preverenges,PRE,202609080900,73.0,3.9,3.3,0.6
202609050800,bouveret,BOU,202609080900,73.0,3.0,6.4,-3.4
202609050800,joux,CHB,202609080900,73.0,4.9,9.9,-5.0
202609060900,cologny,GVE,202609080900,48.0,6.6,6.6,0.0
202609060900,reposoir,GVE,202609080900,48.0,6.5,6.6,-0.1
202609060900,vengeron,GVE,202609080900,48.0,6.5,6.6,-0.1
202609060900,coppet,CGI,202609080900,48.0,6.3,4.9,1.4
202609060900,nyon,CGI,202609080900,48.0,6.9,4.9,2.0
202609060900,preverenges,PRE,202609080900,48.0,5.8,3.3,2.5
202609060900,bouveret,BOU,202609080900,48.0,3.7,6.4,-2.7
202609060900,joux,CHB,202609080900,48.0,6.6,9.9,-3.3
202609070900,cologny,GVE,202609080900,24.0,3.9,6.6,-2.7
202609070900,reposoir,GVE,202609080900,24.0,5.0,6.6,-1.6
202609070900,vengeron,GVE,202609080900,24.0,5.0,6.6,-1.6
202609070900,coppet,CGI,202609080900,24.0,6.0,4.9,1.1
202609070900,nyon,CGI,202609080900,24.0,5.6,4.9,0.7
202609070900,preverenges,PRE,202609080900,24.0,4.2,3.3,0.9
202609070900,bouveret,BOU,202609080900,24.0,3.8,6.4,-2.6
202609070900,joux,CHB,202609080900,24.0,8.0,9.9,-1.9
202609080900,cologny,GVE,202609080900,0.0,3.2,6.6,-3.4
202609080900,reposoir,GVE,202609080900,0.0,4.8,6.6,-1.8
202609080900,vengeron,GVE,202609080900,0.0,4.8,6.6,-1.8
202609080900,coppet,CGI,202609080900,0.0,5.0,4.9,0.1
202609080900,nyon,CGI,202609080900,0.0,3.4,4.9,-1.5
202609080900,preverenges,PRE,202609080900,0.0,4.2,3.3,0.9
202609080900,bouveret,BOU,202609080900,0.0,3.5,6.4,-2.9
202609080900,joux,CHB,202609080900,0.0,4.0,9.9,-5.9
202609030500,cologny,GVE,202609081400,129.0,4.4,16.5,-12.1
202609030500,reposoir,GVE,202609081400,129.0,3.9,16.5,-12.6
202609030500,vengeron,GVE,202609081400,129.0,3.9,16.5,-12.6
202609030500,coppet,CGI,202609081400,129.0,4.0,13.6,-9.6
202609030500,nyon,CGI,202609081400,129.0,4.3,13.6,-9.3
202609030500,preverenges,PRE,202609081400,129.0,4.8,4.5,0.3
202609030500,bouveret,BOU,202609081400,129.0,3.7,2.3,1.4
202609030500,joux,CHB,202609081400,129.0,5.8,12.0,-6.2
202609040900,cologny,GVE,202609081400,101.0,7.6,16.5,-8.9
202609040900,reposoir,GVE,202609081400,101.0,6.9,16.5,-9.6
202609040900,vengeron,GVE,202609081400,101.0,6.9,16.5,-9.6
202609040900,coppet,CGI,202609081400,101.0,8.0,13.6,-5.6
202609040900,nyon,CGI,202609081400,101.0,6.9,13.6,-6.7
202609040900,preverenges,PRE,202609081400,101.0,7.2,4.5,2.7
202609040900,bouveret,BOU,202609081400,101.0,4.0,2.3,1.7
202609040900,joux,CHB,202609081400,101.0,7.2,12.0,-4.8
202609050800,cologny,GVE,202609081400,78.0,7.9,16.5,-8.6
202609050800,reposoir,GVE,202609081400,78.0,7.3,16.5,-9.2
202609050800,vengeron,GVE,202609081400,78.0,7.3,16.5,-9.2
202609050800,coppet,CGI,202609081400,78.0,8.5,13.6,-5.1
202609050800,nyon,CGI,202609081400,78.0,8.7,13.6,-4.9
202609050800,preverenges,PRE,202609081400,78.0,8.4,4.5,3.9
202609050800,bouveret,BOU,202609081400,78.0,3.9,2.3,1.6
202609050800,joux,CHB,202609081400,78.0,7.7,12.0,-4.3
202609060900,cologny,GVE,202609081400,53.0,8.5,16.5,-8.0
202609060900,reposoir,GVE,202609081400,53.0,8.3,16.5,-8.2
202609060900,vengeron,GVE,202609081400,53.0,8.3,16.5,-8.2
202609060900,coppet,CGI,202609081400,53.0,8.8,13.6,-4.8
202609060900,nyon,CGI,202609081400,53.0,9.5,13.6,-4.1
202609060900,preverenges,PRE,202609081400,53.0,9.3,4.5,4.8
202609060900,bouveret,BOU,202609081400,53.0,4.1,2.3,1.8
202609060900,joux,CHB,202609081400,53.0,8.3,12.0,-3.7
202609070900,cologny,GVE,202609081400,29.0,8.6,16.5,-7.9
202609070900,reposoir,GVE,202609081400,29.0,8.5,16.5,-8.0
202609070900,vengeron,GVE,202609081400,29.0,8.5,16.5,-8.0
202609070900,coppet,CGI,202609081400,29.0,8.3,13.6,-5.3
202609070900,nyon,CGI,202609081400,29.0,8.9,13.6,-4.7
202609070900,preverenges,PRE,202609081400,29.0,7.3,4.5,2.8
202609070900,bouveret,BOU,202609081400,29.0,2.9,2.3,0.6
202609070900,joux,CHB,202609081400,29.0,8.5,12.0,-3.5
202609080900,cologny,GVE,202609081400,5.0,15.0,16.5,-1.5
202609080900,reposoir,GVE,202609081400,5.0,10.4,16.5,-6.1
202609080900,vengeron,GVE,202609081400,5.0,10.4,16.5,-6.1
202609080900,coppet,CGI,202609081400,5.0,12.4,13.6,-1.2
202609080900,nyon,CGI,202609081400,5.0,8.7,13.6,-4.9
202609080900,preverenges,PRE,202609081400,5.0,3.5,4.5,-1.0
202609080900,bouveret,BOU,202609081400,5.0,1.8,2.3,-0.5
202609080900,joux,CHB,202609081400,5.0,9.8,12.0,-2.2
202609030500,cologny,GVE,202609081800,133.0,3.4,5.8,-2.4
202609030500,reposoir,GVE,202609081800,133.0,2.8,5.8,-3.0
202609030500,vengeron,GVE,202609081800,133.0,2.8,5.8,-3.0
202609030500,coppet,CGI,202609081800,133.0,2.8,10.5,-7.7
202609030500,nyon,CGI,202609081800,133.0,3.2,10.5,-7.3
202609030500,preverenges,PRE,202609081800,133.0,3.7,15.0,-11.3
202609030500,bouveret,BOU,202609081800,133.0,2.9,1.2,1.7
202609030500,joux,CHB,202609081800,133.0,4.6,4.5,0.1
202609040900,cologny,GVE,202609081800,105.0,3.3,5.8,-2.5
202609040900,reposoir,GVE,202609081800,105.0,3.6,5.8,-2.2
202609040900,vengeron,GVE,202609081800,105.0,3.6,5.8,-2.2
202609040900,coppet,CGI,202609081800,105.0,3.2,10.5,-7.3
202609040900,nyon,CGI,202609081800,105.0,3.8,10.5,-6.7
202609040900,preverenges,PRE,202609081800,105.0,3.5,15.0,-11.5
202609040900,bouveret,BOU,202609081800,105.0,4.1,1.2,2.9
202609040900,joux,CHB,202609081800,105.0,4.1,4.5,-0.4
202609050800,cologny,GVE,202609081800,82.0,3.5,5.8,-2.3
202609050800,reposoir,GVE,202609081800,82.0,3.8,5.8,-2.0
202609050800,vengeron,GVE,202609081800,82.0,3.8,5.8,-2.0
202609050800,coppet,CGI,202609081800,82.0,3.8,10.5,-6.7
202609050800,nyon,CGI,202609081800,82.0,4.5,10.5,-6.0
202609050800,preverenges,PRE,202609081800,82.0,3.7,15.0,-11.3
202609050800,bouveret,BOU,202609081800,82.0,4.4,1.2,3.2
202609050800,joux,CHB,202609081800,82.0,4.9,4.5,0.4
202609060900,cologny,GVE,202609081800,57.0,4.2,5.8,-1.6
202609060900,reposoir,GVE,202609081800,57.0,4.4,5.8,-1.4
202609060900,vengeron,GVE,202609081800,57.0,4.4,5.8,-1.4
202609060900,coppet,CGI,202609081800,57.0,3.4,10.5,-7.1
202609060900,nyon,CGI,202609081800,57.0,5.1,10.5,-5.4
202609060900,preverenges,PRE,202609081800,57.0,4.8,15.0,-10.2
202609060900,bouveret,BOU,202609081800,57.0,4.1,1.2,2.9
202609060900,joux,CHB,202609081800,57.0,4.8,4.5,0.3
202609070900,cologny,GVE,202609081800,33.0,3.9,5.8,-1.9
202609070900,reposoir,GVE,202609081800,33.0,5.5,5.8,-0.3
202609070900,vengeron,GVE,202609081800,33.0,5.5,5.8,-0.3
202609070900,coppet,CGI,202609081800,33.0,4.1,10.5,-6.4
202609070900,nyon,CGI,202609081800,33.0,4.0,10.5,-6.5
202609070900,preverenges,PRE,202609081800,33.0,5.9,15.0,-9.1
202609070900,bouveret,BOU,202609081800,33.0,4.3,1.2,3.1
202609070900,joux,CHB,202609081800,33.0,5.0,4.5,0.5
202609080900,cologny,GVE,202609081800,9.0,6.8,5.8,1.0
202609080900,reposoir,GVE,202609081800,9.0,7.0,5.8,1.2
202609080900,vengeron,GVE,202609081800,9.0,7.0,5.8,1.2
202609080900,coppet,CGI,202609081800,9.0,5.2,10.5,-5.3
202609080900,nyon,CGI,202609081800,9.0,4.9,10.5,-5.6
202609080900,preverenges,PRE,202609081800,9.0,5.8,15.0,-9.2
202609080900,bouveret,BOU,202609081800,9.0,5.7,1.2,4.5
202609080900,joux,CHB,202609081800,9.0,5.2,4.5,0.7
202609030500,cologny,GVE,202609082100,136.0,2.4,7.8,-5.4
202609030500,reposoir,GVE,202609082100,136.0,2.1,7.8,-5.7
202609030500,vengeron,GVE,202609082100,136.0,2.1,7.8,-5.7
202609030500,coppet,CGI,202609082100,136.0,2.2,8.5,-6.3
202609030500,nyon,CGI,202609082100,136.0,2.6,8.5,-5.9
202609030500,preverenges,PRE,202609082100,136.0,2.9,14.0,-11.1
202609030500,bouveret,BOU,202609082100,136.0,1.9,15.0,-13.1
202609030500,joux,CHB,202609082100,136.0,3.8,4.1,-0.3
202609040900,cologny,GVE,202609082100,108.0,2.8,7.8,-5.0
202609040900,reposoir,GVE,202609082100,108.0,2.4,7.8,-5.4
202609040900,vengeron,GVE,202609082100,108.0,2.4,7.8,-5.4
202609040900,coppet,CGI,202609082100,108.0,2.5,8.5,-6.0
202609040900,nyon,CGI,202609082100,108.0,2.5,8.5,-6.0
202609040900,preverenges,PRE,202609082100,108.0,3.6,14.0,-10.4
202609040900,bouveret,BOU,202609082100,108.0,3.8,15.0,-11.2
202609040900,joux,CHB,202609082100,108.0,4.2,4.1,0.1
202609050800,cologny,GVE,202609082100,85.0,2.8,7.8,-5.0
202609050800,reposoir,GVE,202609082100,85.0,2.8,7.8,-5.0
202609050800,vengeron,GVE,202609082100,85.0,2.8,7.8,-5.0
202609050800,coppet,CGI,202609082100,85.0,2.5,8.5,-6.0
202609050800,nyon,CGI,202609082100,85.0,3.2,8.5,-5.3
202609050800,preverenges,PRE,202609082100,85.0,3.4,14.0,-10.6
202609050800,bouveret,BOU,202609082100,85.0,4.5,15.0,-10.5
202609050800,joux,CHB,202609082100,85.0,3.9,4.1,-0.2
202609060900,cologny,GVE,202609082100,60.0,3.0,7.8,-4.8
202609060900,reposoir,GVE,202609082100,60.0,2.8,7.8,-5.0
202609060900,vengeron,GVE,202609082100,60.0,2.8,7.8,-5.0
202609060900,coppet,CGI,202609082100,60.0,3.1,8.5,-5.4
202609060900,nyon,CGI,202609082100,60.0,2.6,8.5,-5.9
202609060900,preverenges,PRE,202609082100,60.0,3.8,14.0,-10.2
202609060900,bouveret,BOU,202609082100,60.0,2.9,15.0,-12.1
202609060900,joux,CHB,202609082100,60.0,3.6,4.1,-0.5
202609070900,cologny,GVE,202609082100,36.0,2.9,7.8,-4.9
202609070900,reposoir,GVE,202609082100,36.0,3.2,7.8,-4.6
202609070900,vengeron,GVE,202609082100,36.0,3.2,7.8,-4.6
202609070900,coppet,CGI,202609082100,36.0,3.0,8.5,-5.5
202609070900,nyon,CGI,202609082100,36.0,2.4,8.5,-6.1
202609070900,preverenges,PRE,202609082100,36.0,4.3,14.0,-9.7
202609070900,bouveret,BOU,202609082100,36.0,2.5,15.0,-12.5
202609070900,joux,CHB,202609082100,36.0,4.8,4.1,0.7
202609080900,cologny,GVE,202609082100,12.0,4.9,7.8,-2.9
202609080900,reposoir,GVE,202609082100,12.0,3.3,7.8,-4.5
202609080900,vengeron,GVE,202609082100,12.0,3.3,7.8,-4.5
202609080900,coppet,CGI,202609082100,12.0,5.3,8.5,-3.2
202609080900,nyon,CGI,202609082100,12.0,4.5,8.5,-4.0
202609080900,preverenges,PRE,202609082100,12.0,5.5,14.0,-8.5
202609080900,bouveret,BOU,202609082100,12.0,4.2,15.0,-10.8
202609080900,joux,CHB,202609082100,12.0,5.4,4.1,1.3
202609030500,cologny,GVE,202609090000,139.0,2.3,1.2,1.1
202609030500,reposoir,GVE,202609090000,139.0,1.7,1.2,0.5
202609030500,vengeron,GVE,202609090000,139.0,1.7,1.2,0.5
202609030500,coppet,CGI,202609090000,139.0,1.9,2.7,-0.8
202609030500,nyon,CGI,202609090000,139.0,2.1,2.7,-0.6
202609030500,preverenges,PRE,202609090000,139.0,2.8,8.0,-5.2
202609030500,bouveret,BOU,202609090000,139.0,1.6,14.0,-12.4
202609030500,joux,CHB,202609090000,139.0,3.1,4.1,-1.0
202609040900,cologny,GVE,202609090000,111.0,3.4,1.2,2.2
202609040900,reposoir,GVE,202609090000,111.0,3.0,1.2,1.8
202609040900,vengeron,GVE,202609090000,111.0,3.0,1.2,1.8
202609040900,coppet,CGI,202609090000,111.0,2.6,2.7,-0.1
202609040900,nyon,CGI,202609090000,111.0,2.5,2.7,-0.2
202609040900,preverenges,PRE,202609090000,111.0,3.7,8.0,-4.3
202609040900,bouveret,BOU,202609090000,111.0,3.0,14.0,-11.0
202609040900,joux,CHB,202609090000,111.0,4.5,4.1,0.4
202609050800,cologny,GVE,202609090000,88.0,3.5,1.2,2.3
202609050800,reposoir,GVE,202609090000,88.0,3.4,1.2,2.2
202609050800,vengeron,GVE,202609090000,88.0,3.4,1.2,2.2
202609050800,coppet,CGI,202609090000,88.0,3.0,2.7,0.3
202609050800,nyon,CGI,202609090000,88.0,2.3,2.7,-0.4
202609050800,preverenges,PRE,202609090000,88.0,4.3,8.0,-3.7
202609050800,bouveret,BOU,202609090000,88.0,3.9,14.0,-10.1
202609050800,joux,CHB,202609090000,88.0,4.5,4.1,0.4
202609060900,cologny,GVE,202609090000,63.0,2.8,1.2,1.6
202609060900,reposoir,GVE,202609090000,63.0,2.5,1.2,1.3
202609060900,vengeron,GVE,202609090000,63.0,2.5,1.2,1.3
202609060900,coppet,CGI,202609090000,63.0,3.0,2.7,0.3
202609060900,nyon,CGI,202609090000,63.0,1.8,2.7,-0.9
202609060900,preverenges,PRE,202609090000,63.0,3.9,8.0,-4.1
202609060900,bouveret,BOU,202609090000,63.0,3.5,14.0,-10.5
202609060900,joux,CHB,202609090000,63.0,3.9,4.1,-0.2
202609070900,cologny,GVE,202609090000,39.0,3.1,1.2,1.9
202609070900,reposoir,GVE,202609090000,39.0,2.7,1.2,1.5
202609070900,vengeron,GVE,202609090000,39.0,2.7,1.2,1.5
202609070900,coppet,CGI,202609090000,39.0,3.7,2.7,1.0
202609070900,nyon,CGI,202609090000,39.0,2.1,2.7,-0.6
202609070900,preverenges,PRE,202609090000,39.0,4.9,8.0,-3.1
202609070900,bouveret,BOU,202609090000,39.0,4.3,14.0,-9.7
202609070900,joux,CHB,202609090000,39.0,4.1,4.1,-0.0
202609080900,cologny,GVE,202609090000,15.0,4.4,1.2,3.2
202609080900,reposoir,GVE,202609090000,15.0,2.5,1.2,1.3
202609080900,vengeron,GVE,202609090000,15.0,2.5,1.2,1.3
202609080900,coppet,CGI,202609090000,15.0,4.4,2.7,1.7
202609080900,nyon,CGI,202609090000,15.0,2.6,2.7,-0.1
202609080900,preverenges,PRE,202609090000,15.0,6.3,8.0,-1.7
202609080900,bouveret,BOU,202609090000,15.0,7.5,14.0,-6.5
202609080900,joux,CHB,202609090000,15.0,4.0,4.1,-0.1
202609030500,cologny,GVE,202609090500,144.0,2.5,5.6,-3.1
202609030500,reposoir,GVE,202609090500,144.0,1.9,5.6,-3.7
202609030500,vengeron,GVE,202609090500,144.0,1.9,5.6,-3.7
202609030500,coppet,CGI,202609090500,144.0,2.1,2.2,-0.1
202609030500,nyon,CGI,202609090500,144.0,2.3,2.2,0.1
202609030500,preverenges,PRE,202609090500,144.0,2.9,4.5,-1.6
202609030500,bouveret,BOU,202609090500,144.0,1.8,24.7,-22.9
202609030500,joux,CHB,202609090500,144.0,3.1,5.5,-2.4
202609040900,cologny,GVE,202609090500,116.0,2.2,5.6,-3.4
202609040900,reposoir,GVE,202609090500,116.0,1.7,5.6,-3.9
202609040900,vengeron,GVE,202609090500,116.0,1.7,5.6,-3.9
202609040900,coppet,CGI,202609090500,116.0,1.8,2.2,-0.4
202609040900,nyon,CGI,202609090500,116.0,2.1,2.2,-0.1
202609040900,preverenges,PRE,202609090500,116.0,2.8,4.5,-1.7
202609040900,bouveret,BOU,202609090500,116.0,1.6,24.7,-23.1
202609040900,joux,CHB,202609090500,116.0,3.1,5.5,-2.4
202609050800,cologny,GVE,202609090500,93.0,3.1,5.6,-2.5
202609050800,reposoir,GVE,202609090500,93.0,4.0,5.6,-1.6
202609050800,vengeron,GVE,202609090500,93.0,4.0,5.6,-1.6
202609050800,coppet,CGI,202609090500,93.0,3.1,2.2,0.9
202609050800,nyon,CGI,202609090500,93.0,2.8,2.2,0.6
202609050800,preverenges,PRE,202609090500,93.0,5.5,4.5,1.0
202609050800,bouveret,BOU,202609090500,93.0,4.2,24.7,-20.5
202609050800,joux,CHB,202609090500,93.0,4.5,5.5,-1.0
202609060900,cologny,GVE,202609090500,68.0,2.5,5.6,-3.1
202609060900,reposoir,GVE,202609090500,68.0,2.9,5.6,-2.7
202609060900,vengeron,GVE,202609090500,68.0,2.9,5.6,-2.7
202609060900,coppet,CGI,202609090500,68.0,3.2,2.2,1.0
202609060900,nyon,CGI,202609090500,68.0,2.4,2.2,0.2
202609060900,preverenges,PRE,202609090500,68.0,4.4,4.5,-0.1
202609060900,bouveret,BOU,202609090500,68.0,3.4,24.7,-21.3
202609060900,joux,CHB,202609090500,68.0,4.0,5.5,-1.5
202609070900,cologny,GVE,202609090500,44.0,3.3,5.6,-2.3
202609070900,reposoir,GVE,202609090500,44.0,3.1,5.6,-2.5
202609070900,vengeron,GVE,202609090500,44.0,3.1,5.6,-2.5
202609070900,coppet,CGI,202609090500,44.0,3.5,2.2,1.3
202609070900,nyon,CGI,202609090500,44.0,2.8,2.2,0.6
202609070900,preverenges,PRE,202609090500,44.0,5.1,4.5,0.6
202609070900,bouveret,BOU,202609090500,44.0,4.5,24.7,-20.2
202609070900,joux,CHB,202609090500,44.0,4.7,5.5,-0.8
202609080900,cologny,GVE,202609090500,20.0,4.3,5.6,-1.3
202609080900,reposoir,GVE,202609090500,20.0,2.4,5.6,-3.2
202609080900,vengeron,GVE,202609090500,20.0,2.4,5.6,-3.2
202609080900,coppet,CGI,202609090500,20.0,3.6,2.2,1.4
202609080900,nyon,CGI,202609090500,20.0,2.4,2.2,0.2
202609080900,preverenges,PRE,202609090500,20.0,3.8,4.5,-0.7
202609080900,bouveret,BOU,202609090500,20.0,6.7,24.7,-18.0
202609080900,joux,CHB,202609090500,20.0,4.4,5.5,-1.1
202609030500,cologny,GVE,202609090900,148.0,3.0,1.9,1.1
202609030500,reposoir,GVE,202609090900,148.0,2.6,1.9,0.7
202609030500,vengeron,GVE,202609090900,148.0,2.6,1.9,0.7
202609030500,coppet,CGI,202609090900,148.0,2.8,4.1,-1.3
202609030500,nyon,CGI,202609090900,148.0,3.0,4.1,-1.1
202609030500,preverenges,PRE,202609090900,148.0,3.8,3.5,0.3
202609030500,bouveret,BOU,202609090900,148.0,2.3,9.9,-7.6
202609030500,joux,CHB,202609090900,148.0,4.5,3.1,1.4
202609040900,cologny,GVE,202609090900,120.0,3.0,1.9,1.1
202609040900,reposoir,GVE,202609090900,120.0,2.7,1.9,0.8
202609040900,vengeron,GVE,202609090900,120.0,2.7,1.9,0.8
202609040900,coppet,CGI,202609090900,120.0,2.9,4.1,-1.2
202609040900,nyon,CGI,202609090900,120.0,3.1,4.1,-1.0
202609040900,preverenges,PRE,202609090900,120.0,4.1,3.5,0.6
202609040900,bouveret,BOU,202609090900,120.0,2.4,9.9,-7.5
202609040900,joux,CHB,202609090900,120.0,3.8,3.1,0.7
202609050800,cologny,GVE,202609090900,97.0,4.3,1.9,2.4
202609050800,reposoir,GVE,202609090900,97.0,4.7,1.9,2.8
202609050800,vengeron,GVE,202609090900,97.0,4.7,1.9,2.8
202609050800,coppet,CGI,202609090900,97.0,4.5,4.1,0.4
202609050800,nyon,CGI,202609090900,97.0,4.4,4.1,0.3
202609050800,preverenges,PRE,202609090900,97.0,5.6,3.5,2.1
202609050800,bouveret,BOU,202609090900,97.0,5.1,9.9,-4.8
202609050800,joux,CHB,202609090900,97.0,5.1,3.1,2.0
202609060900,cologny,GVE,202609090900,72.0,4.0,1.9,2.1
202609060900,reposoir,GVE,202609090900,72.0,4.7,1.9,2.8
202609060900,vengeron,GVE,202609090900,72.0,4.7,1.9,2.8
202609060900,coppet,CGI,202609090900,72.0,4.6,4.1,0.5
202609060900,nyon,CGI,202609090900,72.0,4.2,4.1,0.1
202609060900,preverenges,PRE,202609090900,72.0,6.7,3.5,3.2
202609060900,bouveret,BOU,202609090900,72.0,4.0,9.9,-5.9
202609060900,joux,CHB,202609090900,72.0,4.6,3.1,1.5
202609070900,cologny,GVE,202609090900,48.0,4.1,1.9,2.2
202609070900,reposoir,GVE,202609090900,48.0,3.8,1.9,1.9
202609070900,vengeron,GVE,202609090900,48.0,3.8,1.9,1.9
202609070900,coppet,CGI,202609090900,48.0,4.2,4.1,0.1
202609070900,nyon,CGI,202609090900,48.0,3.6,4.1,-0.5
202609070900,preverenges,PRE,202609090900,48.0,5.0,3.5,1.5
202609070900,bouveret,BOU,202609090900,48.0,5.1,9.9,-4.8
202609070900,joux,CHB,202609090900,48.0,5.1,3.1,2.0
202609080900,cologny,GVE,202609090900,24.0,3.0,1.9,1.1
202609080900,reposoir,GVE,202609090900,24.0,2.9,1.9,1.0
202609080900,vengeron,GVE,202609090900,24.0,2.9,1.9,1.0
202609080900,coppet,CGI,202609090900,24.0,3.6,4.1,-0.5
202609080900,nyon,CGI,202609090900,24.0,4.6,4.1,0.5
202609080900,preverenges,PRE,202609090900,24.0,3.8,3.5,0.3
202609080900,bouveret,BOU,202609090900,24.0,7.5,9.9,-2.4
202609080900,joux,CHB,202609090900,24.0,4.6,3.1,1.5
202609090900,cologny,GVE,202609090900,0.0,4.6,1.9,2.7
202609090900,reposoir,GVE,202609090900,0.0,4.9,1.9,3.0
202609090900,vengeron,GVE,202609090900,0.0,4.9,1.9,3.0
202609090900,coppet,CGI,202609090900,0.0,4.3,4.1,0.2
202609090900,nyon,CGI,202609090900,0.0,4.4,4.1,0.3
202609090900,preverenges,PRE,202609090900,0.0,3.1,3.5,-0.4
202609090900,bouveret,BOU,202609090900,0.0,10.3,9.9,0.4
202609090900,joux,CHB,202609090900,0.0,3.5,3.1,0.4
202609030500,cologny,GVE,202609091000,149.0,3.5,1.6,1.9
202609030500,reposoir,GVE,202609091000,149.0,3.5,1.6,1.9
202609030500,vengeron,GVE,202609091000,149.0,3.5,1.6,1.9
202609030500,coppet,CGI,202609091000,149.0,3.2,4.9,-1.7
202609030500,nyon,CGI,202609091000,149.0,3.5,4.9,-1.4
202609030500,preverenges,PRE,202609091000,149.0,4.7,3.9,0.8
202609030500,bouveret,BOU,202609091000,149.0,2.7,3.7,-1.0
202609030500,joux,CHB,202609091000,149.0,4.5,3.3,1.2
202609040900,cologny,GVE,202609091000,121.0,3.5,1.6,1.9
202609040900,reposoir,GVE,202609091000,121.0,2.9,1.6,1.3
202609040900,vengeron,GVE,202609091000,121.0,2.9,1.6,1.3
202609040900,coppet,CGI,202609091000,121.0,3.1,4.9,-1.8
202609040900,nyon,CGI,202609091000,121.0,3.5,4.9,-1.4
202609040900,preverenges,PRE,202609091000,121.0,4.1,3.9,0.2
202609040900,bouveret,BOU,202609091000,121.0,2.8,3.7,-0.9
202609040900,joux,CHB,202609091000,121.0,4.1,3.3,0.8
202609050800,cologny,GVE,202609091000,98.0,5.1,1.6,3.5
202609050800,reposoir,GVE,202609091000,98.0,4.5,1.6,2.9
202609050800,vengeron,GVE,202609091000,98.0,4.5,1.6,2.9
202609050800,coppet,CGI,202609091000,98.0,4.6,4.9,-0.3
202609050800,nyon,CGI,202609091000,98.0,4.6,4.9,-0.3
202609050800,preverenges,PRE,202609091000,98.0,6.1,3.9,2.2
202609050800,bouveret,BOU,202609091000,98.0,5.5,3.7,1.8
202609050800,joux,CHB,202609091000,98.0,5.6,3.3,2.3
202609060900,cologny,GVE,202609091000,73.0,4.6,1.6,3.0
202609060900,reposoir,GVE,202609091000,73.0,5.1,1.6,3.5
202609060900,vengeron,GVE,202609091000,73.0,5.1,1.6,3.5
202609060900,coppet,CGI,202609091000,73.0,5.0,4.9,0.1
202609060900,nyon,CGI,202609091000,73.0,4.6,4.9,-0.3
202609060900,preverenges,PRE,202609091000,73.0,6.4,3.9,2.5
202609060900,bouveret,BOU,202609091000,73.0,4.6,3.7,0.9
202609060900,joux,CHB,202609091000,73.0,4.8,3.3,1.5
202609070900,cologny,GVE,202609091000,49.0,4.3,1.6,2.7
202609070900,reposoir,GVE,202609091000,49.0,3.9,1.6,2.3
202609070900,vengeron,GVE,202609091000,49.0,3.9,1.6,2.3
202609070900,coppet,CGI,202609091000,49.0,4.3,4.9,-0.6
202609070900,nyon,CGI,202609091000,49.0,3.9,4.9,-1.0
202609070900,preverenges,PRE,202609091000,49.0,4.7,3.9,0.8
202609070900,bouveret,BOU,202609091000,49.0,6.6,3.7,2.9
202609070900,joux,CHB,202609091000,49.0,5.0,3.3,1.7
202609080900,cologny,GVE,202609091000,25.0,2.9,1.6,1.3
202609080900,reposoir,GVE,202609091000,25.0,3.4,1.6,1.8
202609080900,vengeron,GVE,202609091000,25.0,3.4,1.6,1.8
202609080900,coppet,CGI,202609091000,25.0,3.9,4.9,-1.0
202609080900,nyon,CGI,202609091000,25.0,4.8,4.9,-0.1
202609080900,preverenges,PRE,202609091000,25.0,3.8,3.9,-0.1
202609080900,bouveret,BOU,202609091000,25.0,6.7,3.7,3.0
202609080900,joux,CHB,202609091000,25.0,5.0,3.3,1.7
202609090900,cologny,GVE,202609091000,1.0,5.0,1.6,3.4
202609090900,reposoir,GVE,202609091000,1.0,4.5,1.6,2.9
202609090900,vengeron,GVE,202609091000,1.0,4.5,1.6,2.9
202609090900,coppet,CGI,202609091000,1.0,4.0,4.9,-0.9
202609090900,nyon,CGI,202609091000,1.0,4.5,4.9,-0.4
202609090900,preverenges,PRE,202609091000,1.0,3.3,3.9,-0.6
202609090900,bouveret,BOU,202609091000,1.0,8.4,3.7,4.7
202609090900,joux,CHB,202609091000,1.0,4.3,3.3,1.0
202609030500,cologny,GVE,202609091400,153.0,4.2,4.6,-0.4
202609030500,reposoir,GVE,202609091400,153.0,4.1,4.6,-0.5
202609030500,vengeron,GVE,202609091400,153.0,4.1,4.6,-0.5
202609030500,coppet,CGI,202609091400,153.0,3.8,5.6,-1.8
202609030500,nyon,CGI,202609091400,153.0,4.4,5.6,-1.2
202609030500,preverenges,PRE,202609091400,153.0,5.1,1.9,3.2
202609030500,bouveret,BOU,202609091400,153.0,3.7,9.1,-5.4
202609030500,joux,CHB,202609091400,153.0,5.3,4.3,1.0
202609040900,cologny,GVE,202609091400,125.0,4.2,4.6,-0.4
202609040900,reposoir,GVE,202609091400,125.0,4.0,4.6,-0.6
202609040900,vengeron,GVE,202609091400,125.0,4.0,4.6,-0.6
202609040900,coppet,CGI,202609091400,125.0,4.3,5.6,-1.3
202609040900,nyon,CGI,202609091400,125.0,4.2,5.6,-1.4
202609040900,preverenges,PRE,202609091400,125.0,4.7,1.9,2.8
202609040900,bouveret,BOU,202609091400,125.0,3.8,9.1,-5.3
202609040900,joux,CHB,202609091400,125.0,5.5,4.3,1.2
202609050800,cologny,GVE,202609091400,102.0,4.9,4.6,0.3
202609050800,reposoir,GVE,202609091400,102.0,5.2,4.6,0.6
202609050800,vengeron,GVE,202609091400,102.0,5.2,4.6,0.6
202609050800,coppet,CGI,202609091400,102.0,5.7,5.6,0.1
202609050800,nyon,CGI,202609091400,102.0,6.2,5.6,0.6
202609050800,preverenges,PRE,202609091400,102.0,5.8,1.9,3.9
202609050800,bouveret,BOU,202609091400,102.0,5.3,9.1,-3.8
202609050800,joux,CHB,202609091400,102.0,6.6,4.3,2.3
202609060900,cologny,GVE,202609091400,77.0,5.3,4.6,0.7
202609060900,reposoir,GVE,202609091400,77.0,5.7,4.6,1.1
202609060900,vengeron,GVE,202609091400,77.0,5.7,4.6,1.1
202609060900,coppet,CGI,202609091400,77.0,5.8,5.6,0.2
202609060900,nyon,CGI,202609091400,77.0,5.7,5.6,0.1
202609060900,preverenges,PRE,202609091400,77.0,5.7,1.9,3.8
202609060900,bouveret,BOU,202609091400,77.0,6.6,9.1,-2.5
202609060900,joux,CHB,202609091400,77.0,6.2,4.3,1.9
202609070900,cologny,GVE,202609091400,53.0,4.5,4.6,-0.1
202609070900,reposoir,GVE,202609091400,53.0,4.9,4.6,0.3
202609070900,vengeron,GVE,202609091400,53.0,4.9,4.6,0.3
202609070900,coppet,CGI,202609091400,53.0,4.1,5.6,-1.5
202609070900,nyon,CGI,202609091400,53.0,5.1,5.6,-0.5
202609070900,preverenges,PRE,202609091400,53.0,5.0,1.9,3.1
202609070900,bouveret,BOU,202609091400,53.0,5.2,9.1,-3.9
202609070900,joux,CHB,202609091400,53.0,5.6,4.3,1.3
202609080900,cologny,GVE,202609091400,29.0,3.8,4.6,-0.8
202609080900,reposoir,GVE,202609091400,29.0,4.3,4.6,-0.3
202609080900,vengeron,GVE,202609091400,29.0,4.3,4.6,-0.3
202609080900,coppet,CGI,202609091400,29.0,4.2,5.6,-1.4
202609080900,nyon,CGI,202609091400,29.0,5.4,5.6,-0.2
202609080900,preverenges,PRE,202609091400,29.0,4.4,1.9,2.5
202609080900,bouveret,BOU,202609091400,29.0,5.4,9.1,-3.7
202609080900,joux,CHB,202609091400,29.0,5.0,4.3,0.7
202609090900,cologny,GVE,202609091400,5.0,4.5,4.6,-0.1
202609090900,reposoir,GVE,202609091400,5.0,5.0,4.6,0.4
202609090900,vengeron,GVE,202609091400,5.0,5.0,4.6,0.4
202609090900,coppet,CGI,202609091400,5.0,4.3,5.6,-1.3
202609090900,nyon,CGI,202609091400,5.0,5.4,5.6,-0.2
202609090900,preverenges,PRE,202609091400,5.0,3.7,1.9,1.8
202609090900,bouveret,BOU,202609091400,5.0,8.7,9.1,-0.4
202609090900,joux,CHB,202609091400,5.0,6.6,4.3,2.3
202609030500,cologny,GVE,202609091800,157.0,3.5,4.3,-0.8
202609030500,reposoir,GVE,202609091800,157.0,2.9,4.3,-1.4
202609030500,vengeron,GVE,202609091800,157.0,2.9,4.3,-1.4
202609030500,coppet,CGI,202609091800,157.0,3.1,3.5,-0.4
202609030500,nyon,CGI,202609091800,157.0,3.3,3.5,-0.2
202609030500,preverenges,PRE,202609091800,157.0,4.0,5.5,-1.5
202609030500,bouveret,BOU,202609091800,157.0,3.0,12.6,-9.6
202609030500,joux,CHB,202609091800,157.0,3.9,4.9,-1.0
202609040900,cologny,GVE,202609091800,129.0,3.0,4.3,-1.3
202609040900,reposoir,GVE,202609091800,129.0,2.4,4.3,-1.9
202609040900,vengeron,GVE,202609091800,129.0,2.4,4.3,-1.9
202609040900,coppet,CGI,202609091800,129.0,2.8,3.5,-0.7
202609040900,nyon,CGI,202609091800,129.0,2.8,3.5,-0.7
202609040900,preverenges,PRE,202609091800,129.0,3.6,5.5,-1.9
202609040900,bouveret,BOU,202609091800,129.0,2.6,12.6,-10.0
202609040900,joux,CHB,202609091800,129.0,3.9,4.9,-1.0
202609050800,cologny,GVE,202609091800,106.0,3.9,4.3,-0.4
202609050800,reposoir,GVE,202609091800,106.0,4.1,4.3,-0.2
202609050800,vengeron,GVE,202609091800,106.0,4.1,4.3,-0.2
202609050800,coppet,CGI,202609091800,106.0,3.1,3.5,-0.4
202609050800,nyon,CGI,202609091800,106.0,5.2,3.5,1.7
202609050800,preverenges,PRE,202609091800,106.0,4.4,5.5,-1.1
202609050800,bouveret,BOU,202609091800,106.0,4.7,12.6,-7.9
202609050800,joux,CHB,202609091800,106.0,4.0,4.9,-0.9
202609060900,cologny,GVE,202609091800,81.0,3.7,4.3,-0.6
202609060900,reposoir,GVE,202609091800,81.0,4.6,4.3,0.3
202609060900,vengeron,GVE,202609091800,81.0,4.6,4.3,0.3
202609060900,coppet,CGI,202609091800,81.0,3.8,3.5,0.3
202609060900,nyon,CGI,202609091800,81.0,3.9,3.5,0.4
202609060900,preverenges,PRE,202609091800,81.0,5.1,5.5,-0.4
202609060900,bouveret,BOU,202609091800,81.0,4.7,12.6,-7.9
202609060900,joux,CHB,202609091800,81.0,3.9,4.9,-1.0
202609070900,cologny,GVE,202609091800,57.0,4.2,4.3,-0.1
202609070900,reposoir,GVE,202609091800,57.0,4.8,4.3,0.5
202609070900,vengeron,GVE,202609091800,57.0,4.8,4.3,0.5
202609070900,coppet,CGI,202609091800,57.0,3.5,3.5,-0.0
202609070900,nyon,CGI,202609091800,57.0,3.6,3.5,0.1
202609070900,preverenges,PRE,202609091800,57.0,5.1,5.5,-0.4
202609070900,bouveret,BOU,202609091800,57.0,4.6,12.6,-8.0
202609070900,joux,CHB,202609091800,57.0,3.2,4.9,-1.7
202609080900,cologny,GVE,202609091800,33.0,4.4,4.3,0.1
202609080900,reposoir,GVE,202609091800,33.0,5.5,4.3,1.2
202609080900,vengeron,GVE,202609091800,33.0,5.5,4.3,1.2
202609080900,coppet,CGI,202609091800,33.0,4.3,3.5,0.8
202609080900,nyon,CGI,202609091800,33.0,3.9,3.5,0.4
202609080900,preverenges,PRE,202609091800,33.0,6.3,5.5,0.8
202609080900,bouveret,BOU,202609091800,33.0,3.9,12.6,-8.7
202609080900,joux,CHB,202609091800,33.0,3.1,4.9,-1.8
202609090900,cologny,GVE,202609091800,9.0,4.5,4.3,0.2
202609090900,reposoir,GVE,202609091800,9.0,5.7,4.3,1.4
202609090900,vengeron,GVE,202609091800,9.0,5.7,4.3,1.4
202609090900,coppet,CGI,202609091800,9.0,4.9,3.5,1.4
202609090900,nyon,CGI,202609091800,9.0,3.8,3.5,0.3
202609090900,preverenges,PRE,202609091800,9.0,5.8,5.5,0.3
202609090900,bouveret,BOU,202609091800,9.0,5.5,12.6,-7.1
202609090900,joux,CHB,202609091800,9.0,2.4,4.9,-2.5
202609030500,cologny,GVE,202609092100,160.0,2.2,5.5,-3.3
202609030500,reposoir,GVE,202609092100,160.0,2.0,5.5,-3.5
202609030500,vengeron,GVE,202609092100,160.0,2.0,5.5,-3.5
202609030500,coppet,CGI,202609092100,160.0,2.3,7.2,-4.9
202609030500,nyon,CGI,202609092100,160.0,2.6,7.2,-4.6
202609030500,preverenges,PRE,202609092100,160.0,3.1,7.8,-4.7
202609030500,bouveret,BOU,202609092100,160.0,1.9,8.5,-6.6
202609030500,joux,CHB,202609092100,160.0,3.2,2.5,0.7
202609040900,cologny,GVE,202609092100,132.0,2.3,5.5,-3.2
202609040900,reposoir,GVE,202609092100,132.0,2.1,5.5,-3.4
202609040900,vengeron,GVE,202609092100,132.0,2.1,5.5,-3.4
202609040900,coppet,CGI,202609092100,132.0,2.1,7.2,-5.1
202609040900,nyon,CGI,202609092100,132.0,2.6,7.2,-4.6
202609040900,preverenges,PRE,202609092100,132.0,3.4,7.8,-4.4
202609040900,bouveret,BOU,202609092100,132.0,1.8,8.5,-6.7
202609040900,joux,CHB,202609092100,132.0,3.1,2.5,0.6
202609050800,cologny,GVE,202609092100,109.0,2.2,5.5,-3.3
202609050800,reposoir,GVE,202609092100,109.0,2.1,5.5,-3.4
202609050800,vengeron,GVE,202609092100,109.0,2.1,5.5,-3.4
202609050800,coppet,CGI,202609092100,109.0,2.5,7.2,-4.7
202609050800,nyon,CGI,202609092100,109.0,2.4,7.2,-4.8
202609050800,preverenges,PRE,202609092100,109.0,3.7,7.8,-4.1
202609050800,bouveret,BOU,202609092100,109.0,3.1,8.5,-5.4
202609050800,joux,CHB,202609092100,109.0,2.9,2.5,0.4
202609060900,cologny,GVE,202609092100,84.0,3.2,5.5,-2.3
202609060900,reposoir,GVE,202609092100,84.0,3.6,5.5,-1.9
202609060900,vengeron,GVE,202609092100,84.0,3.6,5.5,-1.9
202609060900,coppet,CGI,202609092100,84.0,2.9,7.2,-4.3
202609060900,nyon,CGI,202609092100,84.0,2.6,7.2,-4.6
202609060900,preverenges,PRE,202609092100,84.0,5.3,7.8,-2.5
202609060900,bouveret,BOU,202609092100,84.0,3.6,8.5,-4.9
202609060900,joux,CHB,202609092100,84.0,2.9,2.5,0.4
202609070900,cologny,GVE,202609092100,60.0,4.4,5.5,-1.1
202609070900,reposoir,GVE,202609092100,60.0,4.9,5.5,-0.6
202609070900,vengeron,GVE,202609092100,60.0,4.9,5.5,-0.6
202609070900,coppet,CGI,202609092100,60.0,3.6,7.2,-3.6
202609070900,nyon,CGI,202609092100,60.0,3.1,7.2,-4.1
202609070900,preverenges,PRE,202609092100,60.0,6.2,7.8,-1.6
202609070900,bouveret,BOU,202609092100,60.0,3.4,8.5,-5.1
202609070900,joux,CHB,202609092100,60.0,2.8,2.5,0.3
202609080900,cologny,GVE,202609092100,36.0,5.6,5.5,0.1
202609080900,reposoir,GVE,202609092100,36.0,6.2,5.5,0.7
202609080900,vengeron,GVE,202609092100,36.0,6.2,5.5,0.7
202609080900,coppet,CGI,202609092100,36.0,4.4,7.2,-2.8
202609080900,nyon,CGI,202609092100,36.0,3.8,7.2,-3.4
202609080900,preverenges,PRE,202609092100,36.0,6.8,7.8,-1.0
202609080900,bouveret,BOU,202609092100,36.0,3.2,8.5,-5.3
202609080900,joux,CHB,202609092100,36.0,2.8,2.5,0.3
202609090900,cologny,GVE,202609092100,12.0,6.0,5.5,0.5
202609090900,reposoir,GVE,202609092100,12.0,8.2,5.5,2.7
202609090900,vengeron,GVE,202609092100,12.0,8.2,5.5,2.7
202609090900,coppet,CGI,202609092100,12.0,6.8,7.2,-0.4
202609090900,nyon,CGI,202609092100,12.0,4.4,7.2,-2.8
202609090900,preverenges,PRE,202609092100,12.0,8.0,7.8,0.2
202609090900,bouveret,BOU,202609092100,12.0,3.6,8.5,-4.9
202609090900,joux,CHB,202609092100,12.0,2.8,2.5,0.3
202609030500,cologny,GVE,202609100000,163.0,1.9,9.9,-8.0
202609030500,reposoir,GVE,202609100000,163.0,1.8,9.9,-8.1
202609030500,vengeron,GVE,202609100000,163.0,1.8,9.9,-8.1
202609030500,coppet,CGI,202609100000,163.0,2.3,7.0,-4.7
202609030500,nyon,CGI,202609100000,163.0,2.1,7.0,-4.9
202609030500,preverenges,PRE,202609100000,163.0,2.9,13.6,-10.7
202609030500,bouveret,BOU,202609100000,163.0,1.9,9.3,-7.4
202609030500,joux,CHB,202609100000,163.0,2.6,5.5,-2.9
202609040900,cologny,GVE,202609100000,135.0,2.1,9.9,-7.8
202609040900,reposoir,GVE,202609100000,135.0,1.9,9.9,-8.0
202609040900,vengeron,GVE,202609100000,135.0,1.9,9.9,-8.0
202609040900,coppet,CGI,202609100000,135.0,2.1,7.0,-4.9
202609040900,nyon,CGI,202609100000,135.0,2.1,7.0,-4.9
202609040900,preverenges,PRE,202609100000,135.0,3.2,13.6,-10.4
202609040900,bouveret,BOU,202609100000,135.0,1.5,9.3,-7.8
202609040900,joux,CHB,202609100000,135.0,2.2,5.5,-3.3
202609050800,cologny,GVE,202609100000,112.0,2.2,9.9,-7.7
202609050800,reposoir,GVE,202609100000,112.0,1.9,9.9,-8.0
202609050800,vengeron,GVE,202609100000,112.0,1.9,9.9,-8.0
202609050800,coppet,CGI,202609100000,112.0,2.2,7.0,-4.8
202609050800,nyon,CGI,202609100000,112.0,2.3,7.0,-4.7
202609050800,preverenges,PRE,202609100000,112.0,3.9,13.6,-9.7
202609050800,bouveret,BOU,202609100000,112.0,2.5,9.3,-6.8
202609050800,joux,CHB,202609100000,112.0,2.5,5.5,-3.0
202609060900,cologny,GVE,202609100000,87.0,3.1,9.9,-6.8
202609060900,reposoir,GVE,202609100000,87.0,3.2,9.9,-6.7
202609060900,vengeron,GVE,202609100000,87.0,3.2,9.9,-6.7
202609060900,coppet,CGI,202609100000,87.0,3.0,7.0,-4.0
202609060900,nyon,CGI,202609100000,87.0,2.6,7.0,-4.4
202609060900,preverenges,PRE,202609100000,87.0,5.6,13.6,-8.0
202609060900,bouveret,BOU,202609100000,87.0,2.7,9.3,-6.6
202609060900,joux,CHB,202609100000,87.0,2.3,5.5,-3.2
202609070900,cologny,GVE,202609100000,63.0,4.6,9.9,-5.3
202609070900,reposoir,GVE,202609100000,63.0,5.1,9.9,-4.8
202609070900,vengeron,GVE,202609100000,63.0,5.1,9.9,-4.8
202609070900,coppet,CGI,202609100000,63.0,4.2,7.0,-2.8
202609070900,nyon,CGI,202609100000,63.0,3.2,7.0,-3.8
202609070900,preverenges,PRE,202609100000,63.0,7.9,13.6,-5.7
202609070900,bouveret,BOU,202609100000,63.0,2.5,9.3,-6.8
202609070900,joux,CHB,202609100000,63.0,2.6,5.5,-2.9
202609080900,cologny,GVE,202609100000,39.0,5.2,9.9,-4.7
202609080900,reposoir,GVE,202609100000,39.0,5.7,9.9,-4.2
202609080900,vengeron,GVE,202609100000,39.0,5.7,9.9,-4.2
202609080900,coppet,CGI,202609100000,39.0,4.6,7.0,-2.4
202609080900,nyon,CGI,202609100000,39.0,4.9,7.0,-2.1
202609080900,preverenges,PRE,202609100000,39.0,9.4,13.6,-4.2
202609080900,bouveret,BOU,202609100000,39.0,2.1,9.3,-7.2
202609080900,joux,CHB,202609100000,39.0,2.9,5.5,-2.6
202609090900,cologny,GVE,202609100000,15.0,6.8,9.9,-3.1
202609090900,reposoir,GVE,202609100000,15.0,9.1,9.9,-0.8
202609090900,vengeron,GVE,202609100000,15.0,9.1,9.9,-0.8
202609090900,coppet,CGI,202609100000,15.0,6.5,7.0,-0.5
202609090900,nyon,CGI,202609100000,15.0,5.3,7.0,-1.7
202609090900,preverenges,PRE,202609100000,15.0,10.5,13.6,-3.1
202609090900,bouveret,BOU,202609100000,15.0,2.3,9.3,-7.0
202609090900,joux,CHB,202609100000,15.0,3.2,5.5,-2.3
202609030500,cologny,GVE,202609100500,168.0,2.0,8.4,-6.4
202609030500,reposoir,GVE,202609100500,168.0,1.9,8.4,-6.5
202609030500,vengeron,GVE,202609100500,168.0,1.9,8.4,-6.5
202609030500,coppet,CGI,202609100500,168.0,2.2,12.9,-10.7
202609030500,nyon,CGI,202609100500,168.0,2.5,12.9,-10.4
202609030500,preverenges,PRE,202609100500,168.0,2.7,13.2,-10.5
202609030500,bouveret,BOU,202609100500,168.0,1.7,5.1,-3.4
202609030500,joux,CHB,202609100500,168.0,3.0,5.6,-2.6
202609040900,cologny,GVE,202609100500,140.0,2.1,8.4,-6.3
202609040900,reposoir,GVE,202609100500,140.0,2.2,8.4,-6.2
202609040900,vengeron,GVE,202609100500,140.0,2.2,8.4,-6.2
202609040900,coppet,CGI,202609100500,140.0,2.5,12.9,-10.4
202609040900,nyon,CGI,202609100500,140.0,2.2,12.9,-10.7
202609040900,preverenges,PRE,202609100500,140.0,3.7,13.2,-9.5
202609040900,bouveret,BOU,202609100500,140.0,1.6,5.1,-3.5
202609040900,joux,CHB,202609100500,140.0,2.4,5.6,-3.2
202609050800,cologny,GVE,202609100500,117.0,1.9,8.4,-6.5
202609050800,reposoir,GVE,202609100500,117.0,1.6,8.4,-6.8
202609050800,vengeron,GVE,202609100500,117.0,1.6,8.4,-6.8
202609050800,coppet,CGI,202609100500,117.0,1.9,12.9,-11.0
202609050800,nyon,CGI,202609100500,117.0,2.2,12.9,-10.7
202609050800,preverenges,PRE,202609100500,117.0,3.1,13.2,-10.1
202609050800,bouveret,BOU,202609100500,117.0,1.6,5.1,-3.5
202609050800,joux,CHB,202609100500,117.0,1.8,5.6,-3.8
202609060900,cologny,GVE,202609100500,92.0,3.1,8.4,-5.3
202609060900,reposoir,GVE,202609100500,92.0,4.4,8.4,-4.0
202609060900,vengeron,GVE,202609100500,92.0,4.4,8.4,-4.0
202609060900,coppet,CGI,202609100500,92.0,3.3,12.9,-9.6
202609060900,nyon,CGI,202609100500,92.0,2.9,12.9,-10.0
202609060900,preverenges,PRE,202609100500,92.0,6.9,13.2,-6.3
202609060900,bouveret,BOU,202609100500,92.0,2.6,5.1,-2.5
202609060900,joux,CHB,202609100500,92.0,2.4,5.6,-3.2
202609070900,cologny,GVE,202609100500,68.0,4.2,8.4,-4.2
202609070900,reposoir,GVE,202609100500,68.0,6.7,8.4,-1.7
202609070900,vengeron,GVE,202609100500,68.0,6.7,8.4,-1.7
202609070900,coppet,CGI,202609100500,68.0,5.0,12.9,-7.9
202609070900,nyon,CGI,202609100500,68.0,4.0,12.9,-8.9
202609070900,preverenges,PRE,202609100500,68.0,8.9,13.2,-4.3
202609070900,bouveret,BOU,202609100500,68.0,2.3,5.1,-2.8
202609070900,joux,CHB,202609100500,68.0,2.9,5.6,-2.7
202609080900,cologny,GVE,202609100500,44.0,4.4,8.4,-4.0
202609080900,reposoir,GVE,202609100500,44.0,7.6,8.4,-0.8
202609080900,vengeron,GVE,202609100500,44.0,7.6,8.4,-0.8
202609080900,coppet,CGI,202609100500,44.0,5.9,12.9,-7.0
202609080900,nyon,CGI,202609100500,44.0,6.0,12.9,-6.9
202609080900,preverenges,PRE,202609100500,44.0,10.4,13.2,-2.8
202609080900,bouveret,BOU,202609100500,44.0,2.1,5.1,-3.0
202609080900,joux,CHB,202609100500,44.0,3.0,5.6,-2.6
202609090900,cologny,GVE,202609100500,20.0,6.2,8.4,-2.2
202609090900,reposoir,GVE,202609100500,20.0,10.3,8.4,1.9
202609090900,vengeron,GVE,202609100500,20.0,10.3,8.4,1.9
202609090900,coppet,CGI,202609100500,20.0,7.3,12.9,-5.6
202609090900,nyon,CGI,202609100500,20.0,6.7,12.9,-6.2
202609090900,preverenges,PRE,202609100500,20.0,11.4,13.2,-1.8
202609090900,bouveret,BOU,202609100500,20.0,2.5,5.1,-2.6
202609090900,joux,CHB,202609100500,20.0,3.5,5.6,-2.1
202609030500,cologny,GVE,202609100900,172.0,2.6,18.7,-16.1
202609030500,reposoir,GVE,202609100900,172.0,2.4,18.7,-16.3
202609030500,vengeron,GVE,202609100900,172.0,2.4,18.7,-16.3
202609030500,coppet,CGI,202609100900,172.0,2.8,18.1,-15.3
202609030500,nyon,CGI,202609100900,172.0,3.1,18.1,-15.0
202609030500,preverenges,PRE,202609100900,172.0,3.5,16.7,-13.2
202609030500,bouveret,BOU,202609100900,172.0,2.2,5.1,-2.9
202609030500,joux,CHB,202609100900,172.0,3.3,12.6,-9.3
202609040900,cologny,GVE,202609100900,144.0,2.9,18.7,-15.8
202609040900,reposoir,GVE,202609100900,144.0,2.5,18.7,-16.2
202609040900,vengeron,GVE,202609100900,144.0,2.5,18.7,-16.2
202609040900,coppet,CGI,202609100900,144.0,3.1,18.1,-15.0
202609040900,nyon,CGI,202609100900,144.0,3.0,18.1,-15.1
202609040900,preverenges,PRE,202609100900,144.0,3.7,16.7,-13.0
202609040900,bouveret,BOU,202609100900,144.0,2.4,5.1,-2.7
202609040900,joux,CHB,202609100900,144.0,3.1,12.6,-9.5
202609050800,cologny,GVE,202609100900,121.0,3.3,18.7,-15.4
202609050800,reposoir,GVE,202609100900,121.0,3.0,18.7,-15.7
202609050800,vengeron,GVE,202609100900,121.0,3.0,18.7,-15.7
202609050800,coppet,CGI,202609100900,121.0,3.2,18.1,-14.9
202609050800,nyon,CGI,202609100900,121.0,3.5,18.1,-14.6
202609050800,preverenges,PRE,202609100900,121.0,3.9,16.7,-12.8
202609050800,bouveret,BOU,202609100900,121.0,2.1,5.1,-3.0
202609050800,joux,CHB,202609100900,121.0,3.3,12.6,-9.3
202609060900,cologny,GVE,202609100900,96.0,6.3,18.7,-12.4
202609060900,reposoir,GVE,202609100900,96.0,7.1,18.7,-11.6
202609060900,vengeron,GVE,202609100900,96.0,7.1,18.7,-11.6
202609060900,coppet,CGI,202609100900,96.0,6.8,18.1,-11.3
202609060900,nyon,CGI,202609100900,96.0,6.4,18.1,-11.7
202609060900,preverenges,PRE,202609100900,96.0,8.3,16.7,-8.4
202609060900,bouveret,BOU,202609100900,96.0,3.2,5.1,-1.9
202609060900,joux,CHB,202609100900,96.0,4.5,12.6,-8.1
202609070900,cologny,GVE,202609100900,72.0,7.8,18.7,-10.9
202609070900,reposoir,GVE,202609100900,72.0,9.9,18.7,-8.8
202609070900,vengeron,GVE,202609100900,72.0,9.9,18.7,-8.8
202609070900,coppet,CGI,202609100900,72.0,9.6,18.1,-8.5
202609070900,nyon,CGI,202609100900,72.0,8.7,18.1,-9.4
202609070900,preverenges,PRE,202609100900,72.0,10.7,16.7,-6.0
202609070900,bouveret,BOU,202609100900,72.0,3.2,5.1,-1.9
202609070900,joux,CHB,202609100900,72.0,5.5,12.6,-7.1
202609080900,cologny,GVE,202609100900,48.0,9.0,18.7,-9.7
202609080900,reposoir,GVE,202609100900,48.0,12.2,18.7,-6.5
202609080900,vengeron,GVE,202609100900,48.0,12.2,18.7,-6.5
202609080900,coppet,CGI,202609100900,48.0,11.3,18.1,-6.8
202609080900,nyon,CGI,202609100900,48.0,10.4,18.1,-7.7
202609080900,preverenges,PRE,202609100900,48.0,11.6,16.7,-5.1
202609080900,bouveret,BOU,202609100900,48.0,2.8,5.1,-2.3
202609080900,joux,CHB,202609100900,48.0,7.3,12.6,-5.3
202609090900,cologny,GVE,202609100900,24.0,10.1,18.7,-8.6
202609090900,reposoir,GVE,202609100900,24.0,12.5,18.7,-6.2
202609090900,vengeron,GVE,202609100900,24.0,12.5,18.7,-6.2
202609090900,coppet,CGI,202609100900,24.0,13.4,18.1,-4.7
202609090900,nyon,CGI,202609100900,24.0,11.8,18.1,-6.3
202609090900,preverenges,PRE,202609100900,24.0,13.0,16.7,-3.7
202609090900,bouveret,BOU,202609100900,24.0,2.7,5.1,-2.4
202609090900,joux,CHB,202609100900,24.0,8.0,12.6,-4.6
202609100900,cologny,GVE,202609100900,0.0,12.9,18.7,-5.8
202609100900,reposoir,GVE,202609100900,0.0,17.2,18.7,-1.5
202609100900,vengeron,GVE,202609100900,0.0,17.2,18.7,-1.5
202609100900,coppet,CGI,202609100900,0.0,16.5,18.1,-1.6
202609100900,nyon,CGI,202609100900,0.0,16.6,18.1,-1.5
202609100900,preverenges,PRE,202609100900,0.0,17.9,16.7,1.2
202609100900,bouveret,BOU,202609100900,0.0,3.2,5.1,-1.9
202609100900,joux,CHB,202609100900,0.0,12.9,12.6,0.3
202609030500,cologny,GVE,202609101400,177.0,3.4,11.4,-8.0
202609030500,reposoir,GVE,202609101400,177.0,3.6,11.4,-7.8
202609030500,vengeron,GVE,202609101400,177.0,3.6,11.4,-7.8
202609030500,coppet,CGI,202609101400,177.0,4.0,11.9,-7.9
202609030500,nyon,CGI,202609101400,177.0,4.2,11.9,-7.7
202609030500,preverenges,PRE,202609101400,177.0,4.6,8.5,-3.9
202609030500,bouveret,BOU,202609101400,177.0,3.4,8.0,-4.6
202609030500,joux,CHB,202609101400,177.0,4.2,7.0,-2.8
202609040900,cologny,GVE,202609101400,149.0,4.0,11.4,-7.4
202609040900,reposoir,GVE,202609101400,149.0,3.7,11.4,-7.7
202609040900,vengeron,GVE,202609101400,149.0,3.7,11.4,-7.7
202609040900,coppet,CGI,202609101400,149.0,4.2,11.9,-7.7
202609040900,nyon,CGI,202609101400,149.0,4.3,11.9,-7.6
202609040900,preverenges,PRE,202609101400,149.0,5.1,8.5,-3.4
202609040900,bouveret,BOU,202609101400,149.0,3.6,8.0,-4.4
202609040900,joux,CHB,202609101400,149.0,3.9,7.0,-3.1
202609050800,cologny,GVE,202609101400,126.0,3.7,11.4,-7.7
202609050800,reposoir,GVE,202609101400,126.0,3.2,11.4,-8.2
202609050800,vengeron,GVE,202609101400,126.0,3.2,11.4,-8.2
202609050800,coppet,CGI,202609101400,126.0,3.9,11.9,-8.0
202609050800,nyon,CGI,202609101400,126.0,3.9,11.9,-8.0
202609050800,preverenges,PRE,202609101400,126.0,4.4,8.5,-4.1
202609050800,bouveret,BOU,202609101400,126.0,3.6,8.0,-4.4
202609050800,joux,CHB,202609101400,126.0,3.9,7.0,-3.1
202609060900,cologny,GVE,202609101400,101.0,6.6,11.4,-4.8
202609060900,reposoir,GVE,202609101400,101.0,7.8,11.4,-3.6
202609060900,vengeron,GVE,202609101400,101.0,7.8,11.4,-3.6
202609060900,coppet,CGI,202609101400,101.0,7.7,11.9,-4.2
202609060900,nyon,CGI,202609101400,101.0,7.4,11.9,-4.5
202609060900,preverenges,PRE,202609101400,101.0,7.7,8.5,-0.8
202609060900,bouveret,BOU,202609101400,101.0,6.2,8.0,-1.8
202609060900,joux,CHB,202609101400,101.0,5.0,7.0,-2.0
202609070900,cologny,GVE,202609101400,77.0,7.2,11.4,-4.2
202609070900,reposoir,GVE,202609101400,77.0,7.0,11.4,-4.4
202609070900,vengeron,GVE,202609101400,77.0,7.0,11.4,-4.4
202609070900,coppet,CGI,202609101400,77.0,7.2,11.9,-4.7
202609070900,nyon,CGI,202609101400,77.0,7.3,11.9,-4.6
202609070900,preverenges,PRE,202609101400,77.0,7.8,8.5,-0.7
202609070900,bouveret,BOU,202609101400,77.0,6.0,8.0,-2.0
202609070900,joux,CHB,202609101400,77.0,4.9,7.0,-2.1
202609080900,cologny,GVE,202609101400,53.0,8.4,11.4,-3.0
202609080900,reposoir,GVE,202609101400,53.0,9.7,11.4,-1.7
202609080900,vengeron,GVE,202609101400,53.0,9.7,11.4,-1.7
202609080900,coppet,CGI,202609101400,53.0,9.9,11.9,-2.0
202609080900,nyon,CGI,202609101400,53.0,8.9,11.9,-3.0
202609080900,preverenges,PRE,202609101400,53.0,8.6,8.5,0.1
202609080900,bouveret,BOU,202609101400,53.0,5.9,8.0,-2.1
202609080900,joux,CHB,202609101400,53.0,6.2,7.0,-0.8
202609090900,cologny,GVE,202609101400,29.0,9.6,11.4,-1.8
202609090900,reposoir,GVE,202609101400,29.0,10.2,11.4,-1.2
202609090900,vengeron,GVE,202609101400,29.0,10.2,11.4,-1.2
202609090900,coppet,CGI,202609101400,29.0,12.2,11.9,0.3
202609090900,nyon,CGI,202609101400,29.0,10.7,11.9,-1.2
202609090900,preverenges,PRE,202609101400,29.0,10.9,8.5,2.4
202609090900,bouveret,BOU,202609101400,29.0,6.3,8.0,-1.7
202609090900,joux,CHB,202609101400,29.0,6.7,7.0,-0.3
202609100900,cologny,GVE,202609101400,5.0,12.3,11.4,0.9
202609100900,reposoir,GVE,202609101400,5.0,14.8,11.4,3.4
202609100900,vengeron,GVE,202609101400,5.0,14.8,11.4,3.4
202609100900,coppet,CGI,202609101400,5.0,15.5,11.9,3.6
202609100900,nyon,CGI,202609101400,5.0,14.5,11.9,2.6
202609100900,preverenges,PRE,202609101400,5.0,11.4,8.5,2.9
202609100900,bouveret,BOU,202609101400,5.0,11.0,8.0,3.0
202609100900,joux,CHB,202609101400,5.0,9.1,7.0,2.1
202609030500,cologny,GVE,202609101800,181.0,3.1,3.3,-0.2
202609030500,reposoir,GVE,202609101800,181.0,2.5,3.3,-0.8
202609030500,vengeron,GVE,202609101800,181.0,2.5,3.3,-0.8
202609030500,coppet,CGI,202609101800,181.0,2.9,3.3,-0.4
202609030500,nyon,CGI,202609101800,181.0,2.9,3.3,-0.4
202609030500,preverenges,PRE,202609101800,181.0,3.4,7.6,-4.2
202609030500,bouveret,BOU,202609101800,181.0,2.7,4.5,-1.8
202609030500,joux,CHB,202609101800,181.0,3.6,4.3,-0.7
202609040900,cologny,GVE,202609101800,153.0,3.0,3.3,-0.3
202609040900,reposoir,GVE,202609101800,153.0,2.7,3.3,-0.6
202609040900,vengeron,GVE,202609101800,153.0,2.7,3.3,-0.6
202609040900,coppet,CGI,202609101800,153.0,3.2,3.3,-0.1
202609040900,nyon,CGI,202609101800,153.0,3.0,3.3,-0.3
202609040900,preverenges,PRE,202609101800,153.0,4.8,7.6,-2.8
202609040900,bouveret,BOU,202609101800,153.0,2.7,4.5,-1.8
202609040900,joux,CHB,202609101800,153.0,3.1,4.3,-1.2
202609050800,cologny,GVE,202609101800,130.0,3.0,3.3,-0.3
202609050800,reposoir,GVE,202609101800,130.0,2.5,3.3,-0.8
202609050800,vengeron,GVE,202609101800,130.0,2.5,3.3,-0.8
202609050800,coppet,CGI,202609101800,130.0,3.0,3.3,-0.3
202609050800,nyon,CGI,202609101800,130.0,3.2,3.3,-0.1
202609050800,preverenges,PRE,202609101800,130.0,3.5,7.6,-4.1
202609050800,bouveret,BOU,202609101800,130.0,2.5,4.5,-2.0
202609050800,joux,CHB,202609101800,130.0,3.3,4.3,-1.0
202609060900,cologny,GVE,202609101800,105.0,5.4,3.3,2.1
202609060900,reposoir,GVE,202609101800,105.0,6.5,3.3,3.2
202609060900,vengeron,GVE,202609101800,105.0,6.5,3.3,3.2
202609060900,coppet,CGI,202609101800,105.0,5.2,3.3,1.9
202609060900,nyon,CGI,202609101800,105.0,4.3,3.3,1.0
202609060900,preverenges,PRE,202609101800,105.0,6.4,7.6,-1.2
202609060900,bouveret,BOU,202609101800,105.0,4.5,4.5,0.0
202609060900,joux,CHB,202609101800,105.0,3.5,4.3,-0.8
202609070900,cologny,GVE,202609101800,81.0,4.8,3.3,1.5
202609070900,reposoir,GVE,202609101800,81.0,5.9,3.3,2.6
202609070900,vengeron,GVE,202609101800,81.0,5.9,3.3,2.6
202609070900,coppet,CGI,202609101800,81.0,4.6,3.3,1.3
202609070900,nyon,CGI,202609101800,81.0,3.9,3.3,0.6
202609070900,preverenges,PRE,202609101800,81.0,6.3,7.6,-1.3
202609070900,bouveret,BOU,202609101800,81.0,3.3,4.5,-1.2
202609070900,joux,CHB,202609101800,81.0,2.5,4.3,-1.8
202609080900,cologny,GVE,202609101800,57.0,5.1,3.3,1.8
202609080900,reposoir,GVE,202609101800,57.0,6.3,3.3,3.0
202609080900,vengeron,GVE,202609101800,57.0,6.3,3.3,3.0
202609080900,coppet,CGI,202609101800,57.0,4.9,3.3,1.6
202609080900,nyon,CGI,202609101800,57.0,4.2,3.3,0.9
202609080900,preverenges,PRE,202609101800,57.0,6.6,7.6,-1.0
202609080900,bouveret,BOU,202609101800,57.0,3.9,4.5,-0.6
202609080900,joux,CHB,202609101800,57.0,2.4,4.3,-1.9
202609090900,cologny,GVE,202609101800,33.0,6.3,3.3,3.0
202609090900,reposoir,GVE,202609101800,33.0,8.9,3.3,5.6
202609090900,vengeron,GVE,202609101800,33.0,8.9,3.3,5.6
202609090900,coppet,CGI,202609101800,33.0,6.9,3.3,3.6
202609090900,nyon,CGI,202609101800,33.0,4.6,3.3,1.3
202609090900,preverenges,PRE,202609101800,33.0,6.6,7.6,-1.0
202609090900,bouveret,BOU,202609101800,33.0,4.9,4.5,0.4
202609090900,joux,CHB,202609101800,33.0,2.6,4.3,-1.7
202609100900,cologny,GVE,202609101800,9.0,5.9,3.3,2.6
202609100900,reposoir,GVE,202609101800,9.0,9.4,3.3,6.1
202609100900,vengeron,GVE,202609101800,9.0,9.4,3.3,6.1
202609100900,coppet,CGI,202609101800,9.0,7.7,3.3,4.4
202609100900,nyon,CGI,202609101800,9.0,5.0,3.3,1.7
202609100900,preverenges,PRE,202609101800,9.0,5.8,7.6,-1.8
202609100900,bouveret,BOU,202609101800,9.0,5.6,4.5,1.1
202609100900,joux,CHB,202609101800,9.0,2.9,4.3,-1.4
202609030500,cologny,GVE,202609102100,184.0,1.8,1.2,0.6
202609030500,reposoir,GVE,202609102100,184.0,1.9,1.2,0.7
202609030500,vengeron,GVE,202609102100,184.0,1.9,1.2,0.7
202609030500,coppet,CGI,202609102100,184.0,2.0,5.5,-3.5
202609030500,nyon,CGI,202609102100,184.0,2.4,5.5,-3.1
202609030500,preverenges,PRE,202609102100,184.0,3.1,5.6,-2.5
202609030500,bouveret,BOU,202609102100,184.0,1.9,1.6,0.3
202609030500,joux,CHB,202609102100,184.0,2.9,1.6,1.3
202609040900,cologny,GVE,202609102100,156.0,2.4,1.2,1.2
202609040900,reposoir,GVE,202609102100,156.0,2.1,1.2,0.9
202609040900,vengeron,GVE,202609102100,156.0,2.1,1.2,0.9
202609040900,coppet,CGI,202609102100,156.0,2.3,5.5,-3.2
202609040900,nyon,CGI,202609102100,156.0,3.0,5.5,-2.5
202609040900,preverenges,PRE,202609102100,156.0,3.8,5.6,-1.8
202609040900,bouveret,BOU,202609102100,156.0,2.0,1.6,0.4
202609040900,joux,CHB,202609102100,156.0,2.9,1.6,1.3
202609050800,cologny,GVE,202609102100,133.0,2.1,1.2,0.9
202609050800,reposoir,GVE,202609102100,133.0,1.9,1.2,0.7
202609050800,vengeron,GVE,202609102100,133.0,1.9,1.2,0.7
202609050800,coppet,CGI,202609102100,133.0,2.5,5.5,-3.0
202609050800,nyon,CGI,202609102100,133.0,2.3,5.5,-3.2
202609050800,preverenges,PRE,202609102100,133.0,3.2,5.6,-2.4
202609050800,bouveret,BOU,202609102100,133.0,1.7,1.6,0.1
202609050800,joux,CHB,202609102100,133.0,2.4,1.6,0.8
202609060900,cologny,GVE,202609102100,108.0,3.6,1.2,2.4
202609060900,reposoir,GVE,202609102100,108.0,4.5,1.2,3.3
202609060900,vengeron,GVE,202609102100,108.0,4.5,1.2,3.3
202609060900,coppet,CGI,202609102100,108.0,3.7,5.5,-1.8
202609060900,nyon,CGI,202609102100,108.0,3.7,5.5,-1.8
202609060900,preverenges,PRE,202609102100,108.0,7.0,5.6,1.4
202609060900,bouveret,BOU,202609102100,108.0,2.5,1.6,0.9
202609060900,joux,CHB,202609102100,108.0,2.3,1.6,0.7
202609070900,cologny,GVE,202609102100,84.0,2.6,1.2,1.4
202609070900,reposoir,GVE,202609102100,84.0,3.2,1.2,2.0
202609070900,vengeron,GVE,202609102100,84.0,3.2,1.2,2.0
202609070900,coppet,CGI,202609102100,84.0,2.7,5.5,-2.8
202609070900,nyon,CGI,202609102100,84.0,3.2,5.5,-2.3
202609070900,preverenges,PRE,202609102100,84.0,7.8,5.6,2.2
202609070900,bouveret,BOU,202609102100,84.0,2.2,1.6,0.6
202609070900,joux,CHB,202609102100,84.0,1.9,1.6,0.3
202609080900,cologny,GVE,202609102100,60.0,2.5,1.2,1.3
202609080900,reposoir,GVE,202609102100,60.0,2.7,1.2,1.5
202609080900,vengeron,GVE,202609102100,60.0,2.7,1.2,1.5
202609080900,coppet,CGI,202609102100,60.0,2.9,5.5,-2.6
202609080900,nyon,CGI,202609102100,60.0,3.2,5.5,-2.3
202609080900,preverenges,PRE,202609102100,60.0,6.9,5.6,1.3
202609080900,bouveret,BOU,202609102100,60.0,2.1,1.6,0.5
202609080900,joux,CHB,202609102100,60.0,1.7,1.6,0.1
202609090900,cologny,GVE,202609102100,36.0,2.6,1.2,1.4
202609090900,reposoir,GVE,202609102100,36.0,3.5,1.2,2.3
202609090900,vengeron,GVE,202609102100,36.0,3.5,1.2,2.3
202609090900,coppet,CGI,202609102100,36.0,3.1,5.5,-2.4
202609090900,nyon,CGI,202609102100,36.0,3.7,5.5,-1.8
202609090900,preverenges,PRE,202609102100,36.0,7.7,5.6,2.1
202609090900,bouveret,BOU,202609102100,36.0,2.7,1.6,1.1
202609090900,joux,CHB,202609102100,36.0,1.8,1.6,0.2
202609100900,cologny,GVE,202609102100,12.0,3.1,1.2,1.9
202609100900,reposoir,GVE,202609102100,12.0,5.3,1.2,4.1
202609100900,vengeron,GVE,202609102100,12.0,5.3,1.2,4.1
202609100900,coppet,CGI,202609102100,12.0,4.9,5.5,-0.6
202609100900,nyon,CGI,202609102100,12.0,4.5,5.5,-1.0
202609100900,preverenges,PRE,202609102100,12.0,8.0,5.6,2.4
202609100900,bouveret,BOU,202609102100,12.0,2.5,1.6,0.9
202609100900,joux,CHB,202609102100,12.0,1.9,1.6,0.3
202609030500,cologny,GVE,202609110000,187.0,1.8,0.8,1.0
202609030500,reposoir,GVE,202609110000,187.0,1.7,0.8,0.9
202609030500,vengeron,GVE,202609110000,187.0,1.7,0.8,0.9
202609030500,coppet,CGI,202609110000,187.0,2.0,3.3,-1.3
202609030500,nyon,CGI,202609110000,187.0,2.1,3.3,-1.2
202609030500,preverenges,PRE,202609110000,187.0,3.2,6.4,-3.2
202609030500,bouveret,BOU,202609110000,187.0,1.5,4.5,-3.0
202609030500,joux,CHB,202609110000,187.0,2.6,1.9,0.7
202609040900,cologny,GVE,202609110000,159.0,2.1,0.8,1.3
202609040900,reposoir,GVE,202609110000,159.0,1.9,0.8,1.1
202609040900,vengeron,GVE,202609110000,159.0,1.9,0.8,1.1
202609040900,coppet,CGI,202609110000,159.0,2.2,3.3,-1.1
202609040900,nyon,CGI,202609110000,159.0,2.6,3.3,-0.7
202609040900,preverenges,PRE,202609110000,159.0,3.6,6.4,-2.8
202609040900,bouveret,BOU,202609110000,159.0,1.4,4.5,-3.1
202609040900,joux,CHB,202609110000,159.0,2.7,1.9,0.8
202609050800,cologny,GVE,202609110000,136.0,1.9,0.8,1.1
202609050800,reposoir,GVE,202609110000,136.0,1.7,0.8,0.9
202609050800,vengeron,GVE,202609110000,136.0,1.7,0.8,0.9
202609050800,coppet,CGI,202609110000,136.0,2.0,3.3,-1.3
202609050800,nyon,CGI,202609110000,136.0,2.1,3.3,-1.2
202609050800,preverenges,PRE,202609110000,136.0,3.5,6.4,-2.9
202609050800,bouveret,BOU,202609110000,136.0,1.7,4.5,-2.8
202609050800,joux,CHB,202609110000,136.0,2.0,1.9,0.1
202609060900,cologny,GVE,202609110000,111.0,2.4,0.8,1.6
202609060900,reposoir,GVE,202609110000,111.0,2.6,0.8,1.8
202609060900,vengeron,GVE,202609110000,111.0,2.6,0.8,1.8
202609060900,coppet,CGI,202609110000,111.0,2.2,3.3,-1.1
202609060900,nyon,CGI,202609110000,111.0,2.9,3.3,-0.4
202609060900,preverenges,PRE,202609110000,111.0,6.4,6.4,-0.0
202609060900,bouveret,BOU,202609110000,111.0,2.5,4.5,-2.0
202609060900,joux,CHB,202609110000,111.0,2.0,1.9,0.1
202609070900,cologny,GVE,202609110000,87.0,1.9,0.8,1.1
202609070900,reposoir,GVE,202609110000,87.0,2.2,0.8,1.4
202609070900,vengeron,GVE,202609110000,87.0,2.2,0.8,1.4
202609070900,coppet,CGI,202609110000,87.0,2.1,3.3,-1.2
202609070900,nyon,CGI,202609110000,87.0,2.1,3.3,-1.2
202609070900,preverenges,PRE,202609110000,87.0,4.2,6.4,-2.2
202609070900,bouveret,BOU,202609110000,87.0,1.9,4.5,-2.6
202609070900,joux,CHB,202609110000,87.0,1.9,1.9,-0.0
202609080900,cologny,GVE,202609110000,63.0,1.8,0.8,1.0
202609080900,reposoir,GVE,202609110000,63.0,1.7,0.8,0.9
202609080900,vengeron,GVE,202609110000,63.0,1.7,0.8,0.9
202609080900,coppet,CGI,202609110000,63.0,2.2,3.3,-1.1
202609080900,nyon,CGI,202609110000,63.0,2.5,3.3,-0.8
202609080900,preverenges,PRE,202609110000,63.0,3.9,6.4,-2.5
202609080900,bouveret,BOU,202609110000,63.0,2.3,4.5,-2.2
202609080900,joux,CHB,202609110000,63.0,1.9,1.9,-0.0
202609090900,cologny,GVE,202609110000,39.0,1.9,0.8,1.1
202609090900,reposoir,GVE,202609110000,39.0,1.5,0.8,0.7
202609090900,vengeron,GVE,202609110000,39.0,1.5,0.8,0.7
202609090900,coppet,CGI,202609110000,39.0,2.0,3.3,-1.3
202609090900,nyon,CGI,202609110000,39.0,1.9,3.3,-1.4
202609090900,preverenges,PRE,202609110000,39.0,4.0,6.4,-2.4
202609090900,bouveret,BOU,202609110000,39.0,3.0,4.5,-1.5
202609090900,joux,CHB,202609110000,39.0,1.5,1.9,-0.4
202609100900,cologny,GVE,202609110000,15.0,1.8,0.8,1.0
202609100900,reposoir,GVE,202609110000,15.0,1.7,0.8,0.9
202609100900,vengeron,GVE,202609110000,15.0,1.7,0.8,0.9
202609100900,coppet,CGI,202609110000,15.0,1.7,3.3,-1.6
202609100900,nyon,CGI,202609110000,15.0,1.8,3.3,-1.5
202609100900,preverenges,PRE,202609110000,15.0,4.3,6.4,-2.1
202609100900,bouveret,BOU,202609110000,15.0,3.5,4.5,-1.0
202609100900,joux,CHB,202609110000,15.0,1.5,1.9,-0.4
202609030500,cologny,GVE,202609110500,192.0,1.6,1.2,0.4
202609030500,reposoir,GVE,202609110500,192.0,1.6,1.2,0.4
202609030500,vengeron,GVE,202609110500,192.0,1.6,1.2,0.4
202609030500,coppet,CGI,202609110500,192.0,2.1,2.5,-0.4
202609030500,nyon,CGI,202609110500,192.0,2.0,2.5,-0.5
202609030500,preverenges,PRE,202609110500,192.0,2.9,4.5,-1.6
202609030500,bouveret,BOU,202609110500,192.0,1.9,6.4,-4.5
202609030500,joux,CHB,202609110500,192.0,2.5,3.3,-0.8
202609040900,cologny,GVE,202609110500,164.0,1.9,1.2,0.7
202609040900,reposoir,GVE,202609110500,164.0,2.1,1.2,0.9
202609040900,vengeron,GVE,202609110500,164.0,2.1,1.2,0.9
202609040900,coppet,CGI,202609110500,164.0,2.4,2.5,-0.1
202609040900,nyon,CGI,202609110500,164.0,2.7,2.5,0.2
202609040900,preverenges,PRE,202609110500,164.0,3.7,4.5,-0.8
202609040900,bouveret,BOU,202609110500,164.0,1.8,6.4,-4.6
202609040900,joux,CHB,202609110500,164.0,2.6,3.3,-0.7
202609050800,cologny,GVE,202609110500,141.0,2.0,1.2,0.8
202609050800,reposoir,GVE,202609110500,141.0,1.7,1.2,0.5
202609050800,vengeron,GVE,202609110500,141.0,1.7,1.2,0.5
202609050800,coppet,CGI,202609110500,141.0,2.1,2.5,-0.4
202609050800,nyon,CGI,202609110500,141.0,2.2,2.5,-0.3
202609050800,preverenges,PRE,202609110500,141.0,3.0,4.5,-1.5
202609050800,bouveret,BOU,202609110500,141.0,1.7,6.4,-4.7
202609050800,joux,CHB,202609110500,141.0,2.1,3.3,-1.2
202609060900,cologny,GVE,202609110500,116.0,1.7,1.2,0.5
202609060900,reposoir,GVE,202609110500,116.0,1.5,1.2,0.3
202609060900,vengeron,GVE,202609110500,116.0,1.5,1.2,0.3
202609060900,coppet,CGI,202609110500,116.0,1.6,2.5,-0.9
202609060900,nyon,CGI,202609110500,116.0,2.1,2.5,-0.4
202609060900,preverenges,PRE,202609110500,116.0,2.5,4.5,-2.0
202609060900,bouveret,BOU,202609110500,116.0,1.6,6.4,-4.8
202609060900,joux,CHB,202609110500,116.0,2.0,3.3,-1.3
202609070900,cologny,GVE,202609110500,92.0,1.6,1.2,0.4
202609070900,reposoir,GVE,202609110500,92.0,1.7,1.2,0.5
202609070900,vengeron,GVE,202609110500,92.0,1.7,1.2,0.5
202609070900,coppet,CGI,202609110500,92.0,1.7,2.5,-0.8
202609070900,nyon,CGI,202609110500,92.0,1.8,2.5,-0.7
202609070900,preverenges,PRE,202609110500,92.0,3.6,4.5,-0.9
202609070900,bouveret,BOU,202609110500,92.0,2.0,6.4,-4.4
202609070900,joux,CHB,202609110500,92.0,2.1,3.3,-1.2
202609080900,cologny,GVE,202609110500,68.0,1.6,1.2,0.4
202609080900,reposoir,GVE,202609110500,68.0,1.5,1.2,0.3
202609080900,vengeron,GVE,202609110500,68.0,1.5,1.2,0.3
202609080900,coppet,CGI,202609110500,68.0,1.8,2.5,-0.7
202609080900,nyon,CGI,202609110500,68.0,2.1,2.5,-0.4
202609080900,preverenges,PRE,202609110500,68.0,3.3,4.5,-1.2
202609080900,bouveret,BOU,202609110500,68.0,2.1,6.4,-4.3
202609080900,joux,CHB,202609110500,68.0,2.2,3.3,-1.1
202609090900,cologny,GVE,202609110500,44.0,1.5,1.2,0.3
202609090900,reposoir,GVE,202609110500,44.0,1.6,1.2,0.4
202609090900,vengeron,GVE,202609110500,44.0,1.6,1.2,0.4
202609090900,coppet,CGI,202609110500,44.0,1.8,2.5,-0.7
202609090900,nyon,CGI,202609110500,44.0,2.1,2.5,-0.4
202609090900,preverenges,PRE,202609110500,44.0,3.1,4.5,-1.4
202609090900,bouveret,BOU,202609110500,44.0,2.4,6.4,-4.0
202609090900,joux,CHB,202609110500,44.0,1.8,3.3,-1.5
202609100900,cologny,GVE,202609110500,20.0,1.9,1.2,0.7
202609100900,reposoir,GVE,202609110500,20.0,1.6,1.2,0.4
202609100900,vengeron,GVE,202609110500,20.0,1.6,1.2,0.4
202609100900,coppet,CGI,202609110500,20.0,1.6,2.5,-0.9
202609100900,nyon,CGI,202609110500,20.0,1.8,2.5,-0.7
202609100900,preverenges,PRE,202609110500,20.0,3.4,4.5,-1.1
202609100900,bouveret,BOU,202609110500,20.0,2.5,6.4,-3.9
202609100900,joux,CHB,202609110500,20.0,1.2,3.3,-2.1
